
===== 周三 2026/04/01  6:27:41.48 开始 run_pipeline --t-minus-1 =====
====================================================
  招投标采集链路：爬取 → 入库 → 推送今日摘要
  配置来源： E:\caizhaowang_full\caizhaowang\config.ini
  读取的日期：start_date='T-1 (2026-03-31)'  end_date='T-1 (2026-03-31)'
  关键词： ['银行', '资产管理', '信托', '消费金融', '汽车金融', '农村信用', '金融租赁', '金融控股', '财务公司', '理财']
  时间范围： 2026-03-31 ~ 2026-03-31
====================================================

====================================================
  采招网信息爬取工具（标题搜索）
  关键词：['银行', '资产管理', '信托', '消费金融', '汽车金融', '农村信用', '金融租赁', '金融控股', '财务公司', '理财']
  时间范围：2026-03-31 ~ 2026-03-31
  每词最多 100 页  |  输出格式：json  |  根目录：output/
====================================================

====================================================
  步骤1：登录
  [OK] 登录成功 -> https://www.bidcenter.com.cn/

====================================================
  [1/10] 关键词：「银行」

────────────────────────────────────────────────────
  关键词：「银行」  输出目录：output\2026-03-31\银行/
  [OK] 搜索结果页 -> https://search.bidcenter.com.cn/search?keywords=%e9%93%b6%e8%a1%8c&mod=0
  [OK] 已点击「标题搜索」
  [OK] 标题搜索结果页 -> https://search.bidcenter.com.cn/search?keywords=%E9%93%B6%E8%A1%8C&tag=1&mod=0
  [时间筛选] 2026-03-31 ~ 2026-03-31
  [OK] 时间筛选已应用 -> https://search.bidcenter.com.cn/search?keywords=%E9%93%B6%E8%A1%8C&tag=1&mod=0&time=5&stime=2026-03-31&endtime=2026-03-31

  [第 1 页]
  [DEBUG] 已检测到「条信息」，按整页详情链接解析
      [WARN] 未找到 .ssjg-leixing，info_type 将记为采招信息
  本页找到 40 条结果

  [1/40] 标题: 中标结果发布|2026年苏州银行园区支行营销品货物采购框架中标结果公示
      [科技识别] 标题是否科技相关: 否
      [SKIP] 标题非科技相关，不进入详情爬取

  [2/40] 标题: 内蒙古农村商业银行股份有限公司呼伦贝尔海拉尔区支行关于呼伦贝尔经济开发区仁和街仁和小区1-…
      [科技识别] 标题是否科技相关: 否
      [SKIP] 标题非科技相关，不进入详情爬取

  [3/40] 标题: 内蒙古农村商业银行股份有限公司呼伦贝尔海拉尔区支行关于呼伦贝尔经济开发区仁和街仁和小区1-…
      [科技识别] 标题是否科技相关: 否
      [SKIP] 标题非科技相关，不进入详情爬取

  [4/40] 标题: 内蒙古农村商业银行股份有限公司呼伦贝尔海拉尔区支行关于呼伦贝尔经济开发区仁和街仁和小区1-…
      [科技识别] 标题是否科技相关: 否
      [SKIP] 标题非科技相关，不进入详情爬取

  [5/40] 标题: 招标公告|中国银行股份有限公司镇江分行2026年上半年营销宣传品采购项目
      [科技识别] 标题是否科技相关: 否
      [SKIP] 标题非科技相关，不进入详情爬取

  [6/40] 标题: 中国农业银行六安分行机关员工行服（西装、衬衫）项目中标候选人公示
      [科技识别] 标题是否科技相关: 否
      [SKIP] 标题非科技相关，不进入详情爬取

  [7/40] 标题: 内蒙古农村商业银行股份有限公司呼伦贝尔海拉尔区支行关于呼伦贝尔经济开发区仁和街仁和小区1-…
      [科技识别] 标题是否科技相关: 否
      [SKIP] 标题非科技相关，不进入详情爬取

  [8/40] 标题: 内蒙古农村商业银行股份有限公司呼伦贝尔海拉尔区支行关于呼伦贝尔经济开发区仁和街仁和小区1-…
      [科技识别] 标题是否科技相关: 否
      [SKIP] 标题非科技相关，不进入详情爬取

  [9/40] 标题: 中国银行股份有限公司遵化支行关于刘帅军1笔个人普惠贷款、王秀春等40笔个人零售贷款逾期授信…
      [科技识别] 标题是否科技相关: 否
      [SKIP] 标题非科技相关，不进入详情爬取

  [10/40] 标题: 交通银行湖南省分行南华大学附属第一医院医疗信息平台建设项目招标公告
      [科技识别] 标题是否科技相关: 是
      [过滤-排除词] 未命中，通过
      [过滤-关键词] 包含「银行」，通过
      [OK] 通过全部筛选，进入详情爬取
    [PDF] 路由拦截成功，共 163184 字节
    [PDF] 响应拦截解析完成，共 4250 字
    [已保存] output\2026-03-31\银行\招标公告_交通银行湖南省分行南华大学附属第一医院医疗信息平台建设项目招标公告.json

  [11/40] 标题: 中国银行股份有限公司滦州支行关于王庆华等14笔个人普惠贷款逾期授信清收外聘律师费项目-公开…
      [科技识别] 标题是否科技相关: 否
      [SKIP] 标题非科技相关，不进入详情爬取

  [12/40] 标题: 中国银行股份有限公司唐山分行2026年夏季空调维保及循环机组维修项目-竞争性磋商公告
      [科技识别] 标题是否科技相关: 否
      [SKIP] 标题非科技相关，不进入详情爬取

  [13/40] 标题: 中国银行股份有限公司紫金广场支行关于张晓慧1笔个人普惠贷款、武德军等17笔零售贷款逾期授信…
      [科技识别] 标题是否科技相关: 否
      [SKIP] 标题非科技相关，不进入详情爬取

  [14/40] 标题: 中国邮政储蓄银行股份有限公司哈密、塔城、乌鲁木齐等7家分行武装押运服务和现金寄库外包项目-…
      [科技识别] 标题是否科技相关: 否
      [SKIP] 标题非科技相关，不进入详情爬取

  [15/40] 标题: 南充农村商业银行股份有限公司关于蓬安县相如镇磨子街124号1栋2单元1楼3号的公告(第一次…
      [科技识别] 标题是否科技相关: 否
      [SKIP] 标题非科技相关，不进入详情爬取

  [16/40] 标题: 南充农村商业银行股份有限公司关于蓬安县相如镇抚琴大道电力巷35号的公告(第一次)
      [科技识别] 标题是否科技相关: 否
      [SKIP] 标题非科技相关，不进入详情爬取

  [17/40] 标题: 内蒙古农村商业银行股份有限公司呼伦贝尔海拉尔区支行关于呼伦贝尔经济开发区仁和街仁和小区1-…
      [科技识别] 标题是否科技相关: 否
      [SKIP] 标题非科技相关，不进入详情爬取

  [18/40] 标题: 南充农村商业银行股份有限公司关于蓬安县相如镇磨子街124号1栋2单元1楼2号的公告(第一次…
      [科技识别] 标题是否科技相关: 否
      [SKIP] 标题非科技相关，不进入详情爬取

  [19/40] 标题: 南充农村商业银行股份有限公司关于蓬安县相如镇抚琴大道电力巷33号的公告(第一次)
      [科技识别] 标题是否科技相关: 否
      [SKIP] 标题非科技相关，不进入详情爬取

  [20/40] 标题: 内蒙古农村商业银行股份有限公司呼伦贝尔海拉尔区支行关于呼伦贝尔经济开发区仁和街仁和小区1-…
      [科技识别] 标题是否科技相关: 否
      [SKIP] 标题非科技相关，不进入详情爬取

  [21/40] 标题: 南充农村商业银行股份有限公司关于蓬安县相如镇磨子街124号1栋2单元1楼1号的公告(第一次…
      [科技识别] 标题是否科技相关: 否
      [SKIP] 标题非科技相关，不进入详情爬取

  [22/40] 标题: 内蒙古农村商业银行股份有限公司呼伦贝尔海拉尔区支行关于呼伦贝尔经济开发区仁和街仁和小区1-…
      [科技识别] 标题是否科技相关: 否
      [SKIP] 标题非科技相关，不进入详情爬取

  [23/40] 标题: 内蒙古农村商业银行股份有限公司呼伦贝尔海拉尔区支行关于呼伦贝尔经济开发区仁和街仁和小区1-…
      [科技识别] 标题是否科技相关: 否
      [SKIP] 标题非科技相关，不进入详情爬取

  [24/40] 标题: 学分银行运行支持服务的中标（成交）结果公告
      [科技识别] 标题是否科技相关: 否
      [SKIP] 标题非科技相关，不进入详情爬取

  [25/40] 标题: 河南兴固产业投资有限公司选聘2026年中国银行间市场交易商协会非公开定向债务融资工具（PP…
      [科技识别] 标题是否科技相关: 否
      [SKIP] 标题非科技相关，不进入详情爬取

  [26/40] 标题: 南充农村商业银行股份有限公司关于蓬安县相如镇紫苑街6号11幢3单元5楼2号一套的公告(第一…
      [科技识别] 标题是否科技相关: 否
      [SKIP] 标题非科技相关，不进入详情爬取

  [27/40] 标题: 内蒙古农村商业银行股份有限公司呼伦贝尔海拉尔区支行关于呼伦贝尔经济开发区仁和街仁和小区1-…
      [科技识别] 标题是否科技相关: 否
      [SKIP] 标题非科技相关，不进入详情爬取

  [28/40] 标题: 内蒙古农村商业银行股份有限公司呼伦贝尔海拉尔区支行关于呼伦贝尔经济开发区仁和街仁和小区1-…
      [科技识别] 标题是否科技相关: 否
      [SKIP] 标题非科技相关，不进入详情爬取

  [29/40] 标题: 南充农村商业银行股份有限公司关于蓬安县相如镇建设南路507号的公告(第一次)
      [科技识别] 标题是否科技相关: 否
      [SKIP] 标题非科技相关，不进入详情爬取

  [30/40] 标题: 南充农村商业银行股份有限公司关于蓬安县相如街道办事处抚琴大道215号8幢3单元6层1号住宅…
      [科技识别] 标题是否科技相关: 否
      [SKIP] 标题非科技相关，不进入详情爬取

  [31/40] 标题: 南充农村商业银行股份有限公司关于南部县蜀北街道办事处金葫路奥体1幢1层1-2号的公告(第一…
      [科技识别] 标题是否科技相关: 否
      [SKIP] 标题非科技相关，不进入详情爬取

  [32/40] 标题: 南充农村商业银行股份有限公司关于蓬安县相如镇紫苑街6号14幢1单元6、7楼1号住宅一套的公…
      [科技识别] 标题是否科技相关: 否
      [SKIP] 标题非科技相关，不进入详情爬取

  [33/40] 标题: 广发银行肇庆分行现金清分外包项目-招标失败公告
      [科技识别] 标题是否科技相关: 否
      [SKIP] 标题非科技相关，不进入详情爬取

  [34/40] 标题: 中国银行股份有限公司北京市分行食堂食材及配送服务采购项目采购结果公告
      [科技识别] 标题是否科技相关: 否
      [SKIP] 标题非科技相关，不进入详情爬取

  [35/40] 标题: 中国邮政储蓄银行股份有限公司河南省分行工程建设项目审计服务采购项目（一标段）中标候选人公示
      [科技识别] 标题是否科技相关: 否
      [SKIP] 标题非科技相关，不进入详情爬取

  [36/40] 标题: 内蒙古农村商业银行股份有限公司呼伦贝尔海拉尔区支行关于呼伦贝尔经济开发区仁和街仁和小区1-…
      [科技识别] 标题是否科技相关: 否
      [SKIP] 标题非科技相关，不进入详情爬取

  [37/40] 标题: 内蒙古农村商业银行股份有限公司呼伦贝尔海拉尔区支行关于呼伦贝尔经济开发区仁和街仁和小区1-…
      [科技识别] 标题是否科技相关: 否
      [SKIP] 标题非科技相关，不进入详情爬取

  [38/40] 标题: 内蒙古农村商业银行股份有限公司呼伦贝尔海拉尔区支行关于呼伦贝尔经济开发区仁和街仁和小区1-…
      [科技识别] 标题是否科技相关: 否
      [SKIP] 标题非科技相关，不进入详情爬取

  [39/40] 标题: 南充农村商业银行股份有限公司关于蓬安县相如镇紫苑街6号3幢2单元6楼1号的公告(第一次)
      [科技识别] 标题是否科技相关: 否
      [SKIP] 标题非科技相关，不进入详情爬取

  [40/40] 标题: 南充农村商业银行股份有限公司关于南充市顺庆区吉隆街66号-1层的公告(第一次)
      [科技识别] 标题是否科技相关: 否
      [SKIP] 标题非科技相关，不进入详情爬取

  [第 2 页]
  [DEBUG] 已检测到「条信息」，按整页详情链接解析
      [WARN] 未找到 .ssjg-leixing，info_type 将记为采招信息
  本页找到 40 条结果

  [1/40] 标题: 晋商银行日志管理系统升级项目结果公示
      [科技识别] 标题是否科技相关: 是
      [过滤-排除词] 未命中，通过
      [过滤-关键词] 包含「银行」，通过
      [OK] 通过全部筛选，进入详情爬取
    [已保存] output\2026-03-31\银行\中标结果_晋商银行日志管理系统升级项目结果公示.json

  [2/40] 标题: 中信银行股份有限公司信用卡中心管理干部能力选拔与盘点项目中标候选人公示
      [科技识别] 标题是否科技相关: 否
      [SKIP] 标题非科技相关，不进入详情爬取

  [3/40] 标题: 内蒙古农村商业银行股份有限公司呼伦贝尔海拉尔区支行关于呼伦贝尔经济开发区仁和街仁和小区1-…
      [科技识别] 标题是否科技相关: 否
      [SKIP] 标题非科技相关，不进入详情爬取

  [4/40] 标题: 中信银行股份有限公司成都分行2026至2028年国内常规快递服务采购项目公开招标中标公告
      [科技识别] 标题是否科技相关: 否
      [SKIP] 标题非科技相关，不进入详情爬取

  [5/40] 标题: 2026年马鞍山农商银行采购御寒服中标候选人公示
      [科技识别] 标题是否科技相关: 否
      [SKIP] 标题非科技相关，不进入详情爬取

  [6/40] 标题: 潍坊银行临沂分行营业部室外门楣及发光字安装项目竞争性谈判采购公告
      [科技识别] 标题是否科技相关: 否
      [SKIP] 标题非科技相关，不进入详情爬取

  [7/40] 标题: 2026年广东数科HX银行深圳分行安全技术服务项目询比采购公告
      [科技识别] 标题是否科技相关: 否
      [SKIP] 标题非科技相关，不进入详情爬取

  [8/40] 标题: 中国邮政储蓄银行铜陵市分行及枞阳县支行食堂食材供应与配送服务采购项目中标候选人公示
      [科技识别] 标题是否科技相关: 否
      [SKIP] 标题非科技相关，不进入详情爬取

  [9/40] 标题: 中国农业银行股份有限公司广东省分行资产评估机构项目中标候选人公示
      [科技识别] 标题是否科技相关: 否
      [SKIP] 标题非科技相关，不进入详情爬取

  [10/40] 标题: 中国工商银行河南省分行三门峡社会管理职业学院金融生态建设项目变更公告
      [科技识别] 标题是否科技相关: 否
      [SKIP] 标题非科技相关，不进入详情爬取

  [11/40] 标题: 中国民生银行股份有限公司乌鲁木齐分行乌鲁木齐天百社区支行迁址项目装修工程公开征询公告
      [科技识别] 标题是否科技相关: 否
      [SKIP] 标题非科技相关，不进入详情爬取

  [12/40] 标题: 中国民生银行股份有限公司流量分析设备采购项目评审结果公示
      [科技识别] 标题是否科技相关: 否
      [SKIP] 标题非科技相关，不进入详情爬取

  [13/40] 标题: 招商银行青岛分行教练式领导力培训服务采购项目供应商征集公告
      [科技识别] 标题是否科技相关: 否
      [SKIP] 标题非科技相关，不进入详情爬取

  [14/40] 标题: 南充农村商业银行股份有限公司关于营山县朗池镇西干道（绥安大道42号）泰合新天地共计35处房…
      [科技识别] 标题是否科技相关: 否
      [SKIP] 标题非科技相关，不进入详情爬取

  [15/40] 标题: 内蒙古农村商业银行股份有限公司呼伦贝尔海拉尔区支行关于呼伦贝尔经济开发区仁和街仁和小区3-…
      [科技识别] 标题是否科技相关: 否
      [SKIP] 标题非科技相关，不进入详情爬取

  [16/40] 标题: 内蒙古农村商业银行股份有限公司呼伦贝尔海拉尔区支行关于呼伦贝尔经济开发区仁和街仁和小区1-…
      [科技识别] 标题是否科技相关: 否
      [SKIP] 标题非科技相关，不进入详情爬取

  [17/40] 标题: 南充农村商业银行股份有限公司关于南充市嘉陵区都尉路一段269号1幢-1层共计75处资产的公…
      [科技识别] 标题是否科技相关: 否
      [SKIP] 标题非科技相关，不进入详情爬取

  [18/40] 标题: 内蒙古农村商业银行股份有限公司呼伦贝尔海拉尔区支行关于呼伦贝尔经济开发区仁和街仁和小区3-…
      [科技识别] 标题是否科技相关: 否
      [SKIP] 标题非科技相关，不进入详情爬取

  [19/40] 标题: 内蒙古农村商业银行股份有限公司呼伦贝尔海拉尔区支行关于呼伦贝尔经济开发区仁和街仁和小区3-…
      [科技识别] 标题是否科技相关: 否
      [SKIP] 标题非科技相关，不进入详情爬取

  [20/40] 标题: 南充农村商业银行股份有限公司关于南充市嘉陵区都尉路一段269号1幢-1层共计62处资产的公…
      [科技识别] 标题是否科技相关: 否
      [SKIP] 标题非科技相关，不进入详情爬取

  [21/40] 标题: 南充农村商业银行股份有限公司关于成都市天府新区华阳绿野路三段508号1栋1层102号的公告…
      [科技识别] 标题是否科技相关: 否
      [SKIP] 标题非科技相关，不进入详情爬取

  [22/40] 标题: 内蒙古农村商业银行股份有限公司呼伦贝尔海拉尔区支行关于呼伦贝尔经济开发区仁和街仁和小区1-…
      [科技识别] 标题是否科技相关: 否
      [SKIP] 标题非科技相关，不进入详情爬取

  [23/40] 标题: 中国银行平顶山分行舞钢支行职工食堂食材采购项目竞争性磋商公告（三次）
      [科技识别] 标题是否科技相关: 否
      [SKIP] 标题非科技相关，不进入详情爬取

  [24/40] 标题: 学分银行运行支持服务的中标（成交）结果公告
      [科技识别] 标题是否科技相关: 否
      [SKIP] 标题非科技相关，不进入详情爬取

  [25/40] 标题: 中国农业银行股份有限公司宁波市分行全行保安外包服务项目（包件4）公开招标公告
      [科技识别] 标题是否科技相关: 否
      [SKIP] 标题非科技相关，不进入详情爬取

  [26/40] 标题: 中国农业银行股份有限公司宁波市分行全行保安外包服务项目（包件2）公开招标公告
      [科技识别] 标题是否科技相关: 否
      [SKIP] 标题非科技相关，不进入详情爬取

  [27/40] 标题: 中国农业银行股份有限公司宁波市分行全行保安外包服务项目（包件3）公开招标公告
      [科技识别] 标题是否科技相关: 否
      [SKIP] 标题非科技相关，不进入详情爬取

  [28/40] 标题: 中国农业银行股份有限公司宁波市分行全行保安外包服务项目（包件1）公开招标公告
      [科技识别] 标题是否科技相关: 否
      [SKIP] 标题非科技相关，不进入详情爬取

  [29/40] 标题: 关于兴业银行徐州分行2026年4-12月份保洁服务采购项目采购方案的报告结果公告
      [科技识别] 标题是否科技相关: 否
      [SKIP] 标题非科技相关，不进入详情爬取

  [30/40] 标题: 中国建设银行广东省分行省分行监控指挥中心监控值守服务项目供应商市场调研
      [科技识别] 标题是否科技相关: 否
      [SKIP] 标题非科技相关，不进入详情爬取

  [31/40] 标题: 湖北秭归农村商业银行股份有限公司2026年员工工作服采购项目(A4200002714002…
      [科技识别] 标题是否科技相关: 否
      [SKIP] 标题非科技相关，不进入详情爬取

  [32/40] 标题: 中国建设银行广东省分行东莞市分行法律服务外包采购项目供应商市场调研
      [科技识别] 标题是否科技相关: 否
      [SKIP] 标题非科技相关，不进入详情爬取

  [33/40] 标题: 关于江西武宁农村商业银行股份有限公司巾口支行营业用房装修工程项目的中标候选人公示
      [科技识别] 标题是否科技相关: 否
      [SKIP] 标题非科技相关，不进入详情爬取

  [34/40] 标题: 中国工商银行安徽芜湖分行湾里支行营业用房租赁项目合同主体变更信息披露
      [科技识别] 标题是否科技相关: 否
      [SKIP] 标题非科技相关，不进入详情爬取

  [35/40] 标题: 天津银行2026年-2027年武清数据中心运维及基础设施维护保养服务中标结果公示
      [科技识别] 标题是否科技相关: 是
      [过滤-排除词] 未命中，通过
      [过滤-关键词] 包含「银行」，通过
      [OK] 通过全部筛选，进入详情爬取
    [PDF] 路由拦截成功，共 190026 字节
    [PDF] 响应拦截解析完成，共 877 字
    [已保存] output\2026-03-31\银行\中标结果_天津银行2026年-2027年武清数据中心运维及基础设施维护保养服务中标结果公示.json

  [36/40] 标题: 中国农业银行宣城分行宣州支行大楼双电源改造项目中标结果公示
      [科技识别] 标题是否科技相关: 否
      [SKIP] 标题非科技相关，不进入详情爬取

  [37/40] 标题: 湖南银行株洲分行与株洲百货股份有限公司2026年仓库直销活动项目单一来源采购结果公示
      [科技识别] 标题是否科技相关: 否
      [SKIP] 标题非科技相关，不进入详情爬取

  [38/40] 标题: 中国农业发展银行太湖县支行2026年物业服务中标候选人公示
      [科技识别] 标题是否科技相关: 否
      [SKIP] 标题非科技相关，不进入详情爬取

  [39/40] 标题: 【中标结果公示】桐庐农商银行后督中心高速扫描仪采购项目
      [科技识别] 标题是否科技相关: 否
      [SKIP] 标题非科技相关，不进入详情爬取

  [40/40] 标题: 贵州紫云农村商业银行股份有限公司2026年“掌上医院”系统采购成交公告
      [科技识别] 标题是否科技相关: 否
      [SKIP] 标题非科技相关，不进入详情爬取

  [第 3 页]
  [DEBUG] 已检测到「条信息」，按整页详情链接解析
      [WARN] 未找到 .ssjg-leixing，info_type 将记为采招信息
  本页找到 40 条结果

  [1/40] 标题: 龙江银行追加采购社保卡移动制卡机项目（单一来源）-结果公告
      [科技识别] 标题是否科技相关: 否
      [SKIP] 标题非科技相关，不进入详情爬取

  [2/40] 标题: 龙江银行移动威胁感知服务及客户端安全加固服务采购项目（二次）-中标候选人公示
      [科技识别] 标题是否科技相关: 否
      [SKIP] 标题非科技相关，不进入详情爬取

  [3/40] 标题: 中国邮政储蓄银行天津分行2026年自贸分行新址办公区及财富中心个性化家具、软装、电器采购项…
      [科技识别] 标题是否科技相关: 否
      [SKIP] 标题非科技相关，不进入详情爬取

  [4/40] 标题: 广西兴安农村合作银行2026年车辆采购项目(重)【项目编号：HC（ZB5）2026008J…
      [科技识别] 标题是否科技相关: 否
      [SKIP] 标题非科技相关，不进入详情爬取

  [5/40] 标题: 中国银行股份有限公司西宁市城中支行与青海省中医院开展智慧食堂行业码业务合作项目公告
      [科技识别] 标题是否科技相关: 否
      [SKIP] 标题非科技相关，不进入详情爬取

  [6/40] 标题: 湖南银行株洲分行参与建设株洲市存量房交易资金监管银行项目单一来源采购公示
      [科技识别] 标题是否科技相关: 否
      [SKIP] 标题非科技相关，不进入详情爬取

  [7/40] 标题: 关于江西武宁农村商业银行股份有限公司巾口支行营业用房装修工程项目的中标候选人公示
      [科技识别] 标题是否科技相关: 否
      [SKIP] 标题非科技相关，不进入详情爬取

  [8/40] 标题: 杭州银行上海分行2025-2027年档案管理服务采购项目招标公告
      [科技识别] 标题是否科技相关: 否
      [SKIP] 标题非科技相关，不进入详情爬取

  [9/40] 标题: 中国工商银行河南省分行老君山文化旅游集团智慧旅游平台项目招标公告
      [科技识别] 标题是否科技相关: 是
      [过滤-排除词] 未命中，通过
      [过滤-关键词] 包含「银行」，通过
      [OK] 通过全部筛选，进入详情爬取
    [PDF] 路由拦截成功，共 144449 字节
    [PDF] 响应拦截解析完成，共 4043 字
    [已保存] output\2026-03-31\银行\招标公告_中国工商银行河南省分行老君山文化旅游集团智慧旅游平台项目招标公告.json

  [10/40] 标题: 大连农商银行2026年核心应用系统PC服务器维保服务项目询价公告
      [科技识别] 标题是否科技相关: 是
      [过滤-排除词] 未命中，通过
      [过滤-关键词] 包含「银行」，通过
      [OK] 通过全部筛选，进入详情爬取
    [PDF] 路由拦截成功，共 101218 字节
    [PDF] 扫描版/少字 PDF 共 2 页，转为图片 OCR...
    [OCR] 初始化 RapidOCR...
    [OCR] 初始化完成
    [OCR] 识别第 1/2 页 ...
    [OCR] 识别第 2/2 页 ...
    [OCR] 全部 2 页识别完成
    [PDF] 响应拦截解析完成，共 1124 字
    [已保存] output\2026-03-31\银行\招标公告_大连农商银行2026年核心应用系统PC服务器维保服务项目询价公告.json

  [11/40] 标题: 伊犁州公共资源交易中心保证金账户开设银行选定公开招标公告
      [科技识别] 标题是否科技相关: 否
      [SKIP] 标题非科技相关，不进入详情爬取

  [12/40] 标题: 利用亚洲开发银行贷款湖北宜昌市养老综合服务示范项目老年护理医院和老年养护院装修工程（合同号…
      [科技识别] 标题是否科技相关: 否
      [SKIP] 标题非科技相关，不进入详情爬取

  [13/40] 标题: 太原市尖草坪区信都村镇银行股份有限公司关于太原市尖草坪区信都村镇银行股份有限公司)对太原市…
      [科技识别] 标题是否科技相关: 否
      [SKIP] 标题非科技相关，不进入详情爬取

  [14/40] 标题: 利用亚洲开发银行贷款湖北宜昌市养老综合服务示范项目老年护理医院和老年养护院装修工程（合同号…
      [科技识别] 标题是否科技相关: 否
      [SKIP] 标题非科技相关，不进入详情爬取

  [15/40] 标题: 南充农村商业银行股份有限公司关于营山县城南镇新民路时代春天B1幢1层1号;B1幢2层1号的…
      [科技识别] 标题是否科技相关: 否
      [SKIP] 标题非科技相关，不进入详情爬取

  [16/40] 标题: 内蒙古农村商业银行股份有限公司呼伦贝尔海拉尔区支行关于呼伦贝尔经济开发区仁和街仁和小区3-…
      [科技识别] 标题是否科技相关: 否
      [SKIP] 标题非科技相关，不进入详情爬取

  [17/40] 标题: 南充农村商业银行股份有限公司关于营山县朗池镇北坝横街30号1幢1层1、2号（现北坝横街12…
      [科技识别] 标题是否科技相关: 否
      [SKIP] 标题非科技相关，不进入详情爬取

  [18/40] 标题: 内蒙古农村商业银行股份有限公司呼伦贝尔海拉尔区支行关于呼伦贝尔经济开发区仁和街仁和小区3-…
      [科技识别] 标题是否科技相关: 否
      [SKIP] 标题非科技相关，不进入详情爬取

  [19/40] 标题: 富滇银行楚雄牟定支行2026年二、三、四季度零售客户分层维护活动物资采购项目成交候选人公示
      [科技识别] 标题是否科技相关: 否
      [SKIP] 标题非科技相关，不进入详情爬取

  [20/40] 标题: 恒邦财产保险股份有限公司银行渠道出单系统对接开发项目（第二次）竞争性磋商公告
      [科技识别] 标题是否科技相关: 是
      [过滤-排除词] 未命中，通过
      [过滤-关键词] 包含「银行」，通过
      [OK] 通过全部筛选，进入详情爬取
    [PDF] 路由拦截成功，共 221960 字节
    [PDF] 响应拦截解析完成，共 3292 字
    [已保存] output\2026-03-31\银行\招标公告_恒邦财产保险股份有限公司银行渠道出单系统对接开发项目（第二次）竞争性磋商公告.json

  [21/40] 标题: 设立工会经费集中银行账户项目成交公告
      [科技识别] 标题是否科技相关: 否
      [SKIP] 标题非科技相关，不进入详情爬取

  [22/40] 标题: 秦皇岛银行股份有限公司秦皇岛银行OPS服务器采购项目二次中标结果公示
      [科技识别] 标题是否科技相关: 是
      [过滤-排除词] 未命中，通过
      [过滤-关键词] 包含「银行」，通过
      [OK] 通过全部筛选，进入详情爬取
    [PDF] 路由拦截成功，共 213209 字节
    [PDF] 扫描版/少字 PDF 共 1 页，转为图片 OCR...
    [OCR] 识别第 1/1 页 ...
    [OCR] 全部 1 页识别完成
    [PDF] 响应拦截解析完成，共 426 字
    [已保存] output\2026-03-31\银行\中标结果_秦皇岛银行股份有限公司秦皇岛银行OPS服务器采购项目二次中标结果公示.json

  [23/40] 标题: 富滇银行楚雄大姚支行2026年二、三、四季度零售客户分层维护活动物资采购项目成交候选人公示
      [科技识别] 标题是否科技相关: 否
      [SKIP] 标题非科技相关，不进入详情爬取

  [24/40] 标题: 中原银行股份有限公司郑州航空港区支行（分行级）2026年押运及寄库服务项目单一来源采购成交…
      [科技识别] 标题是否科技相关: 否
      [SKIP] 标题非科技相关，不进入详情爬取

  [25/40] 标题: 兴业银行贵阳分行关于2026-2028年零售业务集中作业中心及零贷集中催收团队外包服务项目…
      [科技识别] 标题是否科技相关: 否
      [SKIP] 标题非科技相关，不进入详情爬取

  [26/40] 标题: 兴业银行长沙分行及辖内各支行消防设施设备维保服务项目供应商寻源公告
      [科技识别] 标题是否科技相关: 否
      [SKIP] 标题非科技相关，不进入详情爬取

  [27/40] 标题: 云南剑川农村商业银行股份有限公司2026年员工例行体检项目(三次)成交结果公示
      [科技识别] 标题是否科技相关: 否
      [SKIP] 标题非科技相关，不进入详情爬取

  [28/40] 标题: 兴业银行嘉兴分行采购“怡化”品牌现金类自助机具钞箱项目供应商征集公告
      [科技识别] 标题是否科技相关: 否
      [SKIP] 标题非科技相关，不进入详情爬取

  [29/40] 标题: 2026年上半年手机银行生活频道缴费满减活动结果公告
      [科技识别] 标题是否科技相关: 否
      [SKIP] 标题非科技相关，不进入详情爬取

  [30/40] 标题: 中国银行通辽分行社保业务驻点外包服务采购项目结果公告
      [科技识别] 标题是否科技相关: 否
      [SKIP] 标题非科技相关，不进入详情爬取

  [31/40] 标题: 中国银行股份有限公司上海市分行2026-2027年公司类不良资产批量/单户转让债权价值评估…
      [科技识别] 标题是否科技相关: 否
      [SKIP] 标题非科技相关，不进入详情爬取

  [32/40] 标题: 中国民生银行股份有限公司生产运营扩容及生态云安全运营防护能力建设-信安世纪采购项目征询公告
      [科技识别] 标题是否科技相关: 是
      [过滤-排除词] 未命中，通过
      [过滤-关键词] 包含「银行」，通过
      [OK] 通过全部筛选，进入详情爬取
    [已保存] output\2026-03-31\银行\招标公告_中国民生银行股份有限公司生产运营扩容及生态云安全运营防护能力建设-信安世纪采购项目征询公告.json

  [33/40] 标题: 南充农村商业银行股份有限公司关于营山县新店镇车站街2层1号（现新政街81号院内左侧2层）的…
      [科技识别] 标题是否科技相关: 否
      [SKIP] 标题非科技相关，不进入详情爬取

  [34/40] 标题: 太原市尖草坪区信都村镇银行股份有限公司关于太原市尖草坪区信都村镇银行股份有限公司)对山西省…
      [科技识别] 标题是否科技相关: 否
      [SKIP] 标题非科技相关，不进入详情爬取

  [35/40] 标题: 内蒙古农村商业银行股份有限公司呼伦贝尔海拉尔区支行关于呼伦贝尔经济开发区仁和街仁和小区3-…
      [科技识别] 标题是否科技相关: 否
      [SKIP] 标题非科技相关，不进入详情爬取

  [36/40] 标题: 内蒙古农村商业银行股份有限公司呼伦贝尔海拉尔区支行关于呼伦贝尔经济开发区仁和街仁和小区3-…
      [科技识别] 标题是否科技相关: 否
      [SKIP] 标题非科技相关，不进入详情爬取

  [37/40] 标题: 内蒙古农村商业银行股份有限公司呼伦贝尔海拉尔区支行关于呼伦贝尔经济开发区仁和街仁和小区3-…
      [科技识别] 标题是否科技相关: 否
      [SKIP] 标题非科技相关，不进入详情爬取

  [38/40] 标题: 南充农村商业银行股份有限公司关于西充县晋城镇晋城大道三段306号2楼1号的公告(第一次)
      [科技识别] 标题是否科技相关: 否
      [SKIP] 标题非科技相关，不进入详情爬取

  [39/40] 标题: 中国工商银行河南洛阳分行孟津河洛都汇迁址装修项目中标候选人公示
      [科技识别] 标题是否科技相关: 否
      [SKIP] 标题非科技相关，不进入详情爬取

  [40/40] 标题: 中国银行青海省分行2026-2029年评估机构选型入围项目（包1）（第二次）成交结果公告
      [科技识别] 标题是否科技相关: 否
      [SKIP] 标题非科技相关，不进入详情爬取

  [第 4 页]
  [DEBUG] 已检测到「条信息」，按整页详情链接解析
      [WARN] 未找到 .ssjg-leixing，info_type 将记为采招信息
  本页找到 40 条结果

  [1/40] 标题: 中国工商银行广东河源分行2026-2028年职工食堂用餐处理人员外包项目招标公告
      [科技识别] 标题是否科技相关: 否
      [SKIP] 标题非科技相关，不进入详情爬取

  [2/40] 标题: 山东邹城农村商业银行股份有限公司招标代理机构入围采购项目谈判公告
      [科技识别] 标题是否科技相关: 否
      [SKIP] 标题非科技相关，不进入详情爬取

  [3/40] 标题: 青州农商银行工程造价（咨询）审计服务入围采购成交结果公示
      [科技识别] 标题是否科技相关: 否
      [SKIP] 标题非科技相关，不进入详情爬取

  [4/40] 标题: 个金部【2026】001号中国银行合肥分行银企智慧食堂项目中标公告
      [科技识别] 标题是否科技相关: 否
      [SKIP] 标题非科技相关，不进入详情爬取

  [5/40] 标题: 日照东港农村商业银行股份有限公司2026年日照放心消费平台差异化支付结算服务采购项目成交结…
      [科技识别] 标题是否科技相关: 是
      [过滤-排除词] 未命中，通过
      [过滤-关键词] 包含「银行」，通过
      [OK] 通过全部筛选，进入详情爬取
    [已保存] output\2026-03-31\银行\中标结果_日照东港农村商业银行股份有限公司2026年日照放心消费平台差异化支付结算服务采购项目成交结果公示.json

  [6/40] 标题: 山东莘县农村商业银行股份有限公司商圈营销服务系统采购项目续签服务合同结果公示
      [科技识别] 标题是否科技相关: 否
      [SKIP] 标题非科技相关，不进入详情爬取

  [7/40] 标题: 山东邹城农村商业银行股份有限公司2026年职工运动会运动服采购项目谈判采购公告
      [科技识别] 标题是否科技相关: 否
      [SKIP] 标题非科技相关，不进入详情爬取

  [8/40] 标题: 日照东港农村商业银行股份有限公司2026年车辆定点加油服务采购项目采购结果公示
      [科技识别] 标题是否科技相关: 否
      [SKIP] 标题非科技相关，不进入详情爬取

  [9/40] 标题: 日照东港农村商业银行股份有限公司厅堂物品采购项目商城采购结果公示
      [科技识别] 标题是否科技相关: 否
      [SKIP] 标题非科技相关，不进入详情爬取

  [10/40] 标题: 关于广西百色右江农村合作银行党建引领企业文化建设促转型升级深化—2026年二季度党建引领文…
      [科技识别] 标题是否科技相关: 否
      [SKIP] 标题非科技相关，不进入详情爬取

  [11/40] 标题: 中国银行燕郊分行应急管理大学“智慧校园安全系统”项目-成交结果公告
      [科技识别] 标题是否科技相关: 否
      [SKIP] 标题非科技相关，不进入详情爬取

  [12/40] 标题: 厦门万翔-XM2026-TZ5021光大银行厦门分行员工观影活动项目的更改通知
      [科技识别] 标题是否科技相关: 否
      [SKIP] 标题非科技相关，不进入详情爬取

  [13/40] 标题: 中国银行股份有限公司机房精密空调选型入围采购项目终止公告
      [科技识别] 标题是否科技相关: 否
      [SKIP] 标题非科技相关，不进入详情爬取

  [14/40] 标题: 北京银行2026年加密机设备采购项目（第一批）废标公告
      [科技识别] 标题是否科技相关: 否
      [SKIP] 标题非科技相关，不进入详情爬取

  [15/40] 标题: 河南农商银行原阳支行安保保安服务项目结果公示
      [科技识别] 标题是否科技相关: 否
      [SKIP] 标题非科技相关，不进入详情爬取

  [16/40] 标题: 中国银行天门分行2026年食堂食材采购项目竞争性磋商公告
      [科技识别] 标题是否科技相关: 否
      [SKIP] 标题非科技相关，不进入详情爬取

  [17/40] 标题: 中国民生银行股份有限公司成都分行移动运营设备（苹果iPad）采购项目公开征询公告
      [科技识别] 标题是否科技相关: 否
      [SKIP] 标题非科技相关，不进入详情爬取

  [18/40] 标题: 北京银行2026年加密机设备采购项目（第一批）（第二次）竞争性磋商公告
      [科技识别] 标题是否科技相关: 否
      [SKIP] 标题非科技相关，不进入详情爬取

  [19/40] 标题: 中国光大银行股份有限公司郑州分行2026年AI智能外呼平台软件服务项目招标公告
      [科技识别] 标题是否科技相关: 是
      [过滤-排除词] 未命中，通过
      [过滤-关键词] 包含「银行」，通过
      [OK] 通过全部筛选，进入详情爬取
    [PDF] 路由拦截成功，共 143628 字节
    [PDF] 响应拦截解析完成，共 3820 字
    [已保存] output\2026-03-31\银行\招标公告_中国光大银行股份有限公司郑州分行2026年AI智能外呼平台软件服务项目招标公告.json

  [20/40] 标题: 杭州银行股份有限公司杭州银行2026年个人征信数据（第三方）服务采购项目中标结果公示
      [科技识别] 标题是否科技相关: 否
      [SKIP] 标题非科技相关，不进入详情爬取

  [21/40] 标题: 秦皇岛银行股份有限公司智慧医疗医保信息平台项目运维B包成交结果公示
      [科技识别] 标题是否科技相关: 是
      [过滤-排除词] 未命中，通过
      [过滤-关键词] 包含「银行」，通过
      [OK] 通过全部筛选，进入详情爬取
    [已保存] output\2026-03-31\银行\中标结果_秦皇岛银行股份有限公司智慧医疗医保信息平台项目运维B包成交结果公示.json

  [22/40] 标题: 中国光大银行股份有限公司郑州分行2026年AI智能外呼平台通讯运营项目招标公告
      [科技识别] 标题是否科技相关: 是
      [过滤-排除词] 未命中，通过
      [过滤-关键词] 包含「银行」，通过
      [OK] 通过全部筛选，进入详情爬取
    [PDF] 路由拦截成功，共 141947 字节
    [PDF] 响应拦截解析完成，共 3888 字
    [已保存] output\2026-03-31\银行\招标公告_中国光大银行股份有限公司郑州分行2026年AI智能外呼平台通讯运营项目招标公告.json

  [23/40] 标题: 中国民生银行股份有限公司成都分行网络防火墙采购项目公开征询公告
      [科技识别] 标题是否科技相关: 是
      [过滤-排除词] 未命中，通过
      [过滤-关键词] 包含「银行」，通过
      [OK] 通过全部筛选，进入详情爬取
    [PDF] 路由拦截成功，共 575350 字节
    [PDF] 响应拦截解析完成，共 1987 字
    [已保存] output\2026-03-31\银行\招标公告_中国民生银行股份有限公司成都分行网络防火墙采购项目公开征询公告.json

  [24/40] 标题: 大连银行金融大键盘（柜内清）入围选型项目中标入围公告
      [科技识别] 标题是否科技相关: 否
      [SKIP] 标题非科技相关，不进入详情爬取

  [25/40] 标题: 2026年大连农商银行国产麒麟操作系统采购项目（框架）中标结果公告
      [科技识别] 标题是否科技相关: 否
      [SKIP] 标题非科技相关，不进入详情爬取

  [26/40] 标题: 临沂市创业担保贷款经办银行采购项目招标公告
      [科技识别] 标题是否科技相关: 否
      [SKIP] 标题非科技相关，不进入详情爬取

  [27/40] 标题: 新疆银行新一代信贷系统项目群测试服务项目招标公告
      [科技识别] 标题是否科技相关: 否
      [SKIP] 标题非科技相关，不进入详情爬取

  [28/40] 标题: 泸州银行成都自贸区支行2026-2028年度办公区物业管理服务项目（第二次）中标候选人公示
      [科技识别] 标题是否科技相关: 否
      [SKIP] 标题非科技相关，不进入详情爬取

  [29/40] 标题: 北京银行2026年云版司库3.0优化项目-竞争性磋商公告
      [科技识别] 标题是否科技相关: 否
      [SKIP] 标题非科技相关，不进入详情爬取

  [30/40] 标题: 富滇银行楚雄分行营业部2026年二、三、四季度零售客户分层维护活动物资采购项目成交候选人公…
      [科技识别] 标题是否科技相关: 否
      [SKIP] 标题非科技相关，不进入详情爬取

  [31/40] 标题: 秦皇岛银行股份有限公司智慧医疗医保信息平台项目运维C包成交结果公示
      [科技识别] 标题是否科技相关: 是
      [过滤-排除词] 未命中，通过
      [过滤-关键词] 包含「银行」，通过
      [OK] 通过全部筛选，进入详情爬取
    [已保存] output\2026-03-31\银行\中标结果_秦皇岛银行股份有限公司智慧医疗医保信息平台项目运维C包成交结果公示.json

  [32/40] 标题: 南京港华燃气有限公司战略合作银行招标招标公告
      [科技识别] 标题是否科技相关: 否
      [SKIP] 标题非科技相关，不进入详情爬取

  [33/40] 标题: 厦门公物-邀请招标-GW2025-QY284-中国工商银行厦门市分行本部大楼加固修缮项目全…
      [科技识别] 标题是否科技相关: 否
      [SKIP] 标题非科技相关，不进入详情爬取

  [34/40] 标题: 交通银行深圳分行香蜜支行扩租商铺装修工程
      [科技识别] 标题是否科技相关: 否
      [SKIP] 标题非科技相关，不进入详情爬取

  [35/40] 标题: 鄂州一冶亚洲基础设施投资银行贷款湖北国际航空货运项目-保税物流仓库(一)劳务Ⅱ标段中标候选…
      [科技识别] 标题是否科技相关: 否
      [SKIP] 标题非科技相关，不进入详情爬取

  [36/40] 标题: 南充农村商业银行股份有限公司关于对蓬安县巨龙镇学府街56号1单元4楼2号住宅公开拍卖的公告…
      [科技识别] 标题是否科技相关: 否
      [SKIP] 标题非科技相关，不进入详情爬取

  [37/40] 标题: 太原市尖草坪区信都村镇银行股份有限公司关于太原市尖草坪区信都村镇银行股份有限公司)对太原市…
      [科技识别] 标题是否科技相关: 否
      [SKIP] 标题非科技相关，不进入详情爬取

  [38/40] 标题: 南充农村商业银行股份有限公司关于对蓬安县相如街道办事处抚琴大道215号5栋1单元7层1号住…
      [科技识别] 标题是否科技相关: 否
      [SKIP] 标题非科技相关，不进入详情爬取

  [39/40] 标题: 南充农村商业银行股份有限公司关于对蓬安县建设南路284号2幢1单元1楼1号住宅用房公开拍卖…
      [科技识别] 标题是否科技相关: 否
      [SKIP] 标题非科技相关，不进入详情爬取

  [40/40] 标题: 中国建设银行股份有限公司上饶市分行关于上饶市婺源县紫阳镇天佑西路4号804室的公告(第一次…
      [科技识别] 标题是否科技相关: 否
      [SKIP] 标题非科技相关，不进入详情爬取

  [第 5 页]
  [DEBUG] 已检测到「条信息」，按整页详情链接解析
      [WARN] 未找到 .ssjg-leixing，info_type 将记为采招信息
  本页找到 40 条结果

  [1/40] 标题: 南充农村商业银行股份有限公司关于对蓬安县建设南路487号1层商业用房公开拍卖的公告(第一次…
      [科技识别] 标题是否科技相关: 否
      [SKIP] 标题非科技相关，不进入详情爬取

  [2/40] 标题: 中国建设银行股份有限公司上饶市分行关于饶市婺源县紫阳镇天佑西路4号801室的公告(第一次)
      [科技识别] 标题是否科技相关: 否
      [SKIP] 标题非科技相关，不进入详情爬取

  [3/40] 标题: 中国建设银行股份有限公司上饶市分行关于上饶市婺源县紫阳镇天佑西路4号803室的公告(第一次…
      [科技识别] 标题是否科技相关: 否
      [SKIP] 标题非科技相关，不进入详情爬取

  [4/40] 标题: 南充农村商业银行股份有限公司关于对蓬安县周口街道办事处政府街18号18幢2单元8楼1号住宅…
      [科技识别] 标题是否科技相关: 否
      [SKIP] 标题非科技相关，不进入详情爬取

  [5/40] 标题: 南充农村商业银行股份有限公司关于对蓬安县相如北一街15号2单元6楼6号住宅公开拍卖的公告(…
      [科技识别] 标题是否科技相关: 否
      [SKIP] 标题非科技相关，不进入详情爬取

  [6/40] 标题: 中国建设银行股份有限公司上饶市分行关于上饶市婺源县紫阳镇天佑西路4号802室的公告(第一次…
      [科技识别] 标题是否科技相关: 否
      [SKIP] 标题非科技相关，不进入详情爬取

  [7/40] 标题: 南充农村商业银行股份有限公司关于对蓬安县巨龙镇长龙街266号2栋1单元2楼2号住宅和长龙街…
      [科技识别] 标题是否科技相关: 否
      [SKIP] 标题非科技相关，不进入详情爬取

  [8/40] 标题: 南充农村商业银行股份有限公司关于对蓬安县相如街道办事处滨河南路一段2号1幢2单元3楼1号住…
      [科技识别] 标题是否科技相关: 否
      [SKIP] 标题非科技相关，不进入详情爬取

  [9/40] 标题: 中国建设银行股份有限公司上饶市分行关于上饶市婺源县紫阳镇天佑西路4号701室的公告(第一次…
      [科技识别] 标题是否科技相关: 否
      [SKIP] 标题非科技相关，不进入详情爬取

  [10/40] 标题: 中国银行股份有限公司陕西省分行本部及研修中心食材选型入围项目（调味品副食品类）成交候选人公…
      [科技识别] 标题是否科技相关: 否
      [SKIP] 标题非科技相关，不进入详情爬取

  [11/40] 标题: 中国银行股份有限公司陕西省分行本部及研修中心食材选型入围项目（冷冻食品类）成交候选人公示
      [科技识别] 标题是否科技相关: 否
      [SKIP] 标题非科技相关，不进入详情爬取

  [12/40] 标题: 中国银行河南省分行采购外部公司APP用户支持普惠业务发展项目-流标公告
      [科技识别] 标题是否科技相关: 否
      [SKIP] 标题非科技相关，不进入详情爬取

  [13/40] 标题: 中国银行2026年度金华分行本级及城区支行装修类零星维修项目采购结果公示
      [科技识别] 标题是否科技相关: 否
      [SKIP] 标题非科技相关，不进入详情爬取

  [14/40] 标题: 北京银行2026年第一批海光服务器采购项目招标公告
      [科技识别] 标题是否科技相关: 是
      [过滤-排除词] 未命中，通过
      [过滤-关键词] 包含「银行」，通过
      [OK] 通过全部筛选，进入详情爬取
    [已保存] output\2026-03-31\银行\招标公告_北京银行2026年第一批海光服务器采购项目招标公告.json

  [15/40] 标题: 内蒙某银行现金设备服务项目竞争性谈判公告-ESTPFQ2026033100011
      [科技识别] 标题是否科技相关: 否
      [SKIP] 标题非科技相关，不进入详情爬取

  [16/40] 标题: 内蒙古农村商业银行股份有限公司赤峰松山区支行关于内蒙古自治区赤峰市喀喇沁旗和美工贸园区A组…
      [科技识别] 标题是否科技相关: 否
      [SKIP] 标题非科技相关，不进入详情爬取

  [17/40] 标题: 南充农村商业银行股份有限公司关于对蓬安县周口街道办事处建设南路108号1幢2单元8楼1号住…
      [科技识别] 标题是否科技相关: 否
      [SKIP] 标题非科技相关，不进入详情爬取

  [18/40] 标题: 内蒙古农村商业银行股份有限公司赤峰松山区支行关于内蒙古自治区赤峰市松山区富贵园小区12号楼…
      [科技识别] 标题是否科技相关: 否
      [SKIP] 标题非科技相关，不进入详情爬取

  [19/40] 标题: 内蒙古农村商业银行股份有限公司赤峰松山区支行关于内蒙古自治区赤峰市喀喇沁旗牛营子镇仓窖村（…
      [科技识别] 标题是否科技相关: 否
      [SKIP] 标题非科技相关，不进入详情爬取

  [20/40] 标题: 法国开发署贷款甘肃酒泉市瓜州县人文生态型城市建设项目代理银行采购(五次)
      [科技识别] 标题是否科技相关: 否
      [SKIP] 标题非科技相关，不进入详情爬取

  [21/40] 标题: 内蒙古农村商业银行股份有限公司赤峰松山区支行关于内蒙古自治区赤峰市红山区万泽大道8号/荣庆…
      [科技识别] 标题是否科技相关: 否
      [SKIP] 标题非科技相关，不进入详情爬取

  [22/40] 标题: 内蒙古农村商业银行股份有限公司赤峰松山区支行关于内蒙古自治区西乌珠穆沁旗白音华镇天成金座2…
      [科技识别] 标题是否科技相关: 否
      [SKIP] 标题非科技相关，不进入详情爬取

  [23/40] 标题: 内蒙古农村商业银行股份有限公司赤峰松山区支行关于内蒙古自治区赤峰市乌丹镇海拉苏大街西段/金…
      [科技识别] 标题是否科技相关: 否
      [SKIP] 标题非科技相关，不进入详情爬取

  [24/40] 标题: 内蒙古农村商业银行股份有限公司赤峰松山区支行关于内蒙古自治区赤峰市火花路/永巨办事处腊阳小…
      [科技识别] 标题是否科技相关: 否
      [SKIP] 标题非科技相关，不进入详情爬取

  [25/40] 标题: 内蒙古农村商业银行股份有限公司赤峰松山区支行关于内蒙古自治区赤峰市桥西大街中段路南康居家园…
      [科技识别] 标题是否科技相关: 否
      [SKIP] 标题非科技相关，不进入详情爬取

  [26/40] 标题: 内蒙古农村商业银行股份有限公司赤峰松山区支行关于内蒙古自治区通辽市科尔沁区明仁办事处太平洋…
      [科技识别] 标题是否科技相关: 否
      [SKIP] 标题非科技相关，不进入详情爬取

  [27/40] 标题: 内蒙古农村商业银行股份有限公司赤峰松山区支行关于内蒙古自治区通辽市科尔沁区明仁办事处太平洋…
      [科技识别] 标题是否科技相关: 否
      [SKIP] 标题非科技相关，不进入详情爬取

  [28/40] 标题: 内蒙古农村商业银行股份有限公司赤峰松山区支行关于内蒙古自治区赤峰市喀喇沁旗和美工贸园区A组…
      [科技识别] 标题是否科技相关: 否
      [SKIP] 标题非科技相关，不进入详情爬取

  [29/40] 标题: 内蒙古农村商业银行股份有限公司赤峰松山区支行关于内蒙古自治区西乌珠穆沁旗白音华镇天成金座2…
      [科技识别] 标题是否科技相关: 否
      [SKIP] 标题非科技相关，不进入详情爬取

  [30/40] 标题: 内蒙古农村商业银行股份有限公司赤峰松山区支行关于内蒙古自治区赤峰市松山区松山广场路南、鸭子…
      [科技识别] 标题是否科技相关: 否
      [SKIP] 标题非科技相关，不进入详情爬取

  [31/40] 标题: 富滇银行2026年线上房地产价格指数及预估值数据采购项目招标公告
      [科技识别] 标题是否科技相关: 否
      [SKIP] 标题非科技相关，不进入详情爬取

  [32/40] 标题: 中国银行成都“2026年-2028年自贸试验区分行消防维保采购项目”第二次邀请公告
      [科技识别] 标题是否科技相关: 否
      [SKIP] 标题非科技相关，不进入详情爬取

  [33/40] 标题: 中国邮政储蓄银行新承接系统应用二线运维服务采购项目（包1-深圳长亮）成交结果公告
      [科技识别] 标题是否科技相关: 是
      [过滤-排除词] 未命中，通过
      [过滤-关键词] 包含「银行」，通过
      [OK] 通过全部筛选，进入详情爬取
    [已保存] output\2026-03-31\银行\中标结果_中国邮政储蓄银行新承接系统应用二线运维服务采购项目（包1-深圳长亮）成交结果公告.json

  [34/40] 标题: 北京银行中关村分行公司类授信业务评估机构入围项目入围供应商结果公示
      [科技识别] 标题是否科技相关: 否
      [SKIP] 标题非科技相关，不进入详情爬取

  [35/40] 标题: 北京银行南昌分行2026年度社保卡信创改造设备采购项目招标公告
      [科技识别] 标题是否科技相关: 否
      [SKIP] 标题非科技相关，不进入详情爬取

  [36/40] 标题: 富滇银行楚雄禄丰支行2026年二、三、四季度零售客户分层维护活动物资采购项目成交候选人公示
      [科技识别] 标题是否科技相关: 否
      [SKIP] 标题非科技相关，不进入详情爬取

  [37/40] 标题: 上海浦东发展银行股份有限公司沈阳分行城中支行迁址改造工程项目更正公告
      [科技识别] 标题是否科技相关: 否
      [SKIP] 标题非科技相关，不进入详情爬取

  [38/40] 标题: 中国邮政储蓄银行股份有限公司六安市分行2026年驾驶服务采购项目评审结果公示
      [科技识别] 标题是否科技相关: 否
      [SKIP] 标题非科技相关，不进入详情爬取

  [39/40] 标题: 兴业银行股份有限公司上海分行2026-2027年度分行全民健身活动项目中标候选人公示
      [科技识别] 标题是否科技相关: 否
      [SKIP] 标题非科技相关，不进入详情爬取

  [40/40] 标题: 中国邮政储蓄银行股份有限公司淄博市分行自营网点及区县支行办公楼保安服务项目中标候选人公示
      [科技识别] 标题是否科技相关: 否
      [SKIP] 标题非科技相关，不进入详情爬取

  [第 6 页]
  [DEBUG] 已检测到「条信息」，按整页详情链接解析
      [WARN] 未找到 .ssjg-leixing，info_type 将记为采招信息
  本页找到 40 条结果

  [1/40] 标题: 中国银行股份有限公司莆田分行全辖车辆维修项目采购结果更正公告
      [科技识别] 标题是否科技相关: 否
      [SKIP] 标题非科技相关，不进入详情爬取

  [2/40] 标题: 中国民生银行股份有限公司成都分行网络防火墙采购项目终止公告
      [科技识别] 标题是否科技相关: 是
      [过滤-排除词] 未命中，通过
      [过滤-关键词] 包含「银行」，通过
      [OK] 通过全部筛选，进入详情爬取
    [已保存] output\2026-03-31\银行\招标公告_中国民生银行股份有限公司成都分行网络防火墙采购项目终止公告.json

  [3/40] 标题: 中国工商银行股份有限公司宜宾分行与江安县妇幼保健计划生育服务中心银医合作便民服务能力提升项…
      [科技识别] 标题是否科技相关: 否
      [SKIP] 标题非科技相关，不进入详情爬取

  [4/40] 标题: 兴业银行海口分行关于2026年虚拟卡券集中采购项目01号变更公告
      [科技识别] 标题是否科技相关: 否
      [SKIP] 标题非科技相关，不进入详情爬取

  [5/40] 标题: 中国光大银行郑州分行不动产抵押管理系统技术服务项目成交结果公告
      [科技识别] 标题是否科技相关: 否
      [SKIP] 标题非科技相关，不进入详情爬取

  [6/40] 标题: 中国工商银行平顶山分行2026年4月至2028年3月市行职工食堂餐饮服务采购项目中标结果公…
      [科技识别] 标题是否科技相关: 否
      [SKIP] 标题非科技相关，不进入详情爬取

  [7/40] 标题: 中国人民银行南阳市分行2026-2029年职工食堂食材采购项目公开招标公告
      [科技识别] 标题是否科技相关: 否
      [SKIP] 标题非科技相关，不进入详情爬取

  [8/40] 标题: 铁岭银行客户信息管理系统（ECIF）项目中标结果公示
      [科技识别] 标题是否科技相关: 否
      [SKIP] 标题非科技相关，不进入详情爬取

  [9/40] 标题: 中国银行股份有限公司绍兴市分行嵊州支行2026年4月-2028年12月保安服务外包采购项目…
      [科技识别] 标题是否科技相关: 否
      [SKIP] 标题非科技相关，不进入详情爬取

  [10/40] 标题: 中国光大银行股份有限公司郑州分行2026年经营单位大堂服务外包服务项目招标公告
      [科技识别] 标题是否科技相关: 否
      [SKIP] 标题非科技相关，不进入详情爬取

  [11/40] 标题: 北京银行西安分行绩效考核系统存储服务器设备采购项目成交结果公告
      [科技识别] 标题是否科技相关: 是
      [过滤-排除词] 未命中，通过
      [过滤-关键词] 包含「银行」，通过
      [OK] 通过全部筛选，进入详情爬取
    [已保存] output\2026-03-31\银行\中标结果_北京银行西安分行绩效考核系统存储服务器设备采购项目成交结果公告.json

  [12/40] 标题: 河南孟津农村商业银行股份有限公司UPS设备采购项目竞争性磋商公告
      [科技识别] 标题是否科技相关: 是
      [过滤-排除词] 未命中，通过
      [过滤-关键词] 包含「银行」，通过
      [OK] 通过全部筛选，进入详情爬取
    [PDF] 路由拦截成功，共 106856 字节
    [PDF] 响应拦截解析完成，共 2999 字
    [已保存] output\2026-03-31\银行\招标公告_河南孟津农村商业银行股份有限公司UPS设备采购项目竞争性磋商公告.json

  [13/40] 标题: 湖北银行2026年信创负载替换项目竞争性谈判公告
      [科技识别] 标题是否科技相关: 否
      [SKIP] 标题非科技相关，不进入详情爬取

  [14/40] 标题: 湖北银行2026年培训服务供应商入围项目招标公告
      [科技识别] 标题是否科技相关: 否
      [SKIP] 标题非科技相关，不进入详情爬取

  [15/40] 标题: 湖北银行2025年度理财业务外部审计服务采购项目竞争性磋商公告
      [科技识别] 标题是否科技相关: 否
      [SKIP] 标题非科技相关，不进入详情爬取

  [16/40] 标题: 辽宁农村商业银行股份有限公司朝阳中心支行机关食堂食材供应商集中采购项目中标结果公告
      [科技识别] 标题是否科技相关: 否
      [SKIP] 标题非科技相关，不进入详情爬取

  [17/40] 标题: 南充农商银行UPS电源设备采购项目招标公告
      [科技识别] 标题是否科技相关: 是
      [过滤-排除词] 未命中，通过
      [过滤-关键词] 包含「银行」，通过
      [OK] 通过全部筛选，进入详情爬取
    [已保存] output\2026-03-31\银行\招标公告_南充农商银行UPS电源设备采购项目招标公告.json

  [18/40] 标题: 中国工商银行峰峰彭城支行消防工程-峰峰矿区施工图设计文件审查
      [科技识别] 标题是否科技相关: 否
      [SKIP] 标题非科技相关，不进入详情爬取

  [19/40] 标题: 关于招商银行南京分行餐盒及厨具采购项目招商银行采购结果公告-NJ01-2026032300…
      [科技识别] 标题是否科技相关: 否
      [SKIP] 标题非科技相关，不进入详情爬取

  [20/40] 标题: 招商银行兰州分行“祥宇”品牌系列产品采购结果公告-LZ01-20260324001
      [科技识别] 标题是否科技相关: 否
      [SKIP] 标题非科技相关，不进入详情爬取

  [21/40] 标题: 兴业银行关于核身数据服务采购项目供应商征集调研公告
      [科技识别] 标题是否科技相关: 否
      [SKIP] 标题非科技相关，不进入详情爬取

  [22/40] 标题: 兴业银行潍坊分行关于2026年委托律所催收信用卡逾期项目供应商征集调研公告
      [科技识别] 标题是否科技相关: 否
      [SKIP] 标题非科技相关，不进入详情爬取

  [23/40] 标题: 兴业银行济南分行关于2026年临沂地区委托律所催收信用卡逾期项目供应商征集调研公告
      [科技识别] 标题是否科技相关: 否
      [SKIP] 标题非科技相关，不进入详情爬取

  [24/40] 标题: 2603-320505-89-05-446395中国建设银行股份有限公司苏州何山支行营业用…
      [科技识别] 标题是否科技相关: 否
      [SKIP] 标题非科技相关，不进入详情爬取

  [25/40] 标题: 2603-320570-89-01-460458中国农业银行股份有限公司常熟福山支行原址装…
      [科技识别] 标题是否科技相关: 否
      [SKIP] 标题非科技相关，不进入详情爬取

  [26/40] 标题: 江苏如皋农村商业银行股份有限公司2026年福利物资采购项目供应商征集公告
      [科技识别] 标题是否科技相关: 否
      [SKIP] 标题非科技相关，不进入详情爬取

  [27/40] 标题: 恒丰银行宣传品供应商入围项目招标公告-HFZHJZCG202602035
      [科技识别] 标题是否科技相关: 否
      [SKIP] 标题非科技相关，不进入详情爬取

  [28/40] 标题: 广州银行网点人员行服采购项目招标公告
      [科技识别] 标题是否科技相关: 否
      [SKIP] 标题非科技相关，不进入详情爬取

  [29/40] 标题: 安徽新安银行股份有限公司关于安徽新安银行股份有限公司关于金色地带小区抵押债权转让的公告(第…
      [科技识别] 标题是否科技相关: 否
      [SKIP] 标题非科技相关，不进入详情爬取

  [30/40] 标题: 内蒙古农村商业银行股份有限公司赤峰红山区支行关于对位于赤峰市永巨小区办事处铁匠营居委会3号…
      [科技识别] 标题是否科技相关: 否
      [SKIP] 标题非科技相关，不进入详情爬取

  [31/40] 标题: 南充农村商业银行股份有限公司关于南充市顺庆区、南充市西充县、广安市广安区等地共计13个标的…
      [科技识别] 标题是否科技相关: 否
      [SKIP] 标题非科技相关，不进入详情爬取

  [32/40] 标题: 南充农村商业银行股份有限公司关于南部县蜀北街道办事处金葫路五里小区自建房的公告(第一次)
      [科技识别] 标题是否科技相关: 否
      [SKIP] 标题非科技相关，不进入详情爬取

  [33/40] 标题: 安徽新安银行股份有限公司关于安徽新安银行股份有限公司关于祥源花世界丹桂湾小区抵押债权转让的…
      [科技识别] 标题是否科技相关: 否
      [SKIP] 标题非科技相关，不进入详情爬取

  [34/40] 标题: 南充农村商业银行股份有限公司关于四川省井研县研城镇胜利街38号“小叶?万汇城”商业用房7栋…
      [科技识别] 标题是否科技相关: 否
      [SKIP] 标题非科技相关，不进入详情爬取

  [35/40] 标题: 南充农村商业银行股份有限公司关于四川省井研县研城镇胜利街38号“小叶?万汇城”商业用房3栋…
      [科技识别] 标题是否科技相关: 否
      [SKIP] 标题非科技相关，不进入详情爬取

  [36/40] 标题: 南充农村商业银行股份有限公司关于四川省南充市高坪区江东中路七段香颂湾一区、二区共计23个标…
      [科技识别] 标题是否科技相关: 否
      [SKIP] 标题非科技相关，不进入详情爬取

  [37/40] 标题: 安徽新安银行股份有限公司关于安徽新安银行股份有限公司关于阳光汇景花园小区抵押债权转让的公告…
      [科技识别] 标题是否科技相关: 否
      [SKIP] 标题非科技相关，不进入详情爬取

  [38/40] 标题: 葫芦岛银行股份有限公司营口分行关于【出租】营口市盖州市归州街道办事处白沙湾村营口龙源大酒店…
      [科技识别] 标题是否科技相关: 否
      [SKIP] 标题非科技相关，不进入详情爬取

  [39/40] 标题: 江苏宝应农村商业银行关于宝应县南方凤凰苑1-2号商铺（凤凰台宾馆和浴室）（带租）的公告
      [科技识别] 标题是否科技相关: 否
      [SKIP] 标题非科技相关，不进入详情爬取

  [40/40] 标题: 安徽新安银行股份有限公司关于安徽新安银行股份有限公司关于国开公馆小区抵押债权转让的公告(第…
      [科技识别] 标题是否科技相关: 否
      [SKIP] 标题非科技相关，不进入详情爬取

  [第 7 页]
  [DEBUG] 已检测到「条信息」，按整页详情链接解析
      [WARN] 未找到 .ssjg-leixing，info_type 将记为采招信息
  本页找到 40 条结果

  [1/40] 标题: 南充农村商业银行股份有限公司关于南部县蜀北街道办事处金葫路五里小区5-1号的公告(第一次)
      [科技识别] 标题是否科技相关: 否
      [SKIP] 标题非科技相关，不进入详情爬取

  [2/40] 标题: 安徽新安银行股份有限公司关于安徽新安银行股份有限公司关于合肥市滨河小区抵押债权转让的公告(…
      [科技识别] 标题是否科技相关: 否
      [SKIP] 标题非科技相关，不进入详情爬取

  [3/40] 标题: 江苏宝应农村商业银行关于宝应县安宜镇安宜东路21号4-605室住宅的公告
      [科技识别] 标题是否科技相关: 否
      [SKIP] 标题非科技相关，不进入详情爬取

  [4/40] 标题: 南充农村商业银行股份有限公司关于四川省南充市营山县朗池镇复兴路388号圣桦时代广场共计43…
      [科技识别] 标题是否科技相关: 否
      [SKIP] 标题非科技相关，不进入详情爬取

  [5/40] 标题: 安徽新安银行股份有限公司关于安徽新安银行股份有限公司关于博奥丽苑小区抵押债权转让的公告(第…
      [科技识别] 标题是否科技相关: 否
      [SKIP] 标题非科技相关，不进入详情爬取

  [6/40] 标题: 【公告中】合肥科技农村商业银行股份有限公司内训师大赛培训服务采购项目公开招标公告
      [科技识别] 标题是否科技相关: 否
      [SKIP] 标题非科技相关，不进入详情爬取

  [7/40] 标题: 中国工商银行开封分行办公用品集中采购项目入围候选人公示
      [科技识别] 标题是否科技相关: 否
      [SKIP] 标题非科技相关，不进入详情爬取

  [8/40] 标题: 2026年第一批次社会保险基金银行定期存款项目招标公告
      [科技识别] 标题是否科技相关: 否
      [SKIP] 标题非科技相关，不进入详情爬取

  [9/40] 标题: 中国农业银行股份有限公司南海分行营业网点装修设计公司入围采购项目中标结果公告
      [科技识别] 标题是否科技相关: 否
      [SKIP] 标题非科技相关，不进入详情爬取

  [10/40] 标题: 关于永修农村商业银行股份有限公司总行综合业务大楼档案室密集架设备采购项目的竞争性磋商公告
      [科技识别] 标题是否科技相关: 否
      [SKIP] 标题非科技相关，不进入详情爬取

  [11/40] 标题: 中国银行股份有限公司扬州分行城区驾驶服务采购项目竞争性磋商公告（二次）
      [科技识别] 标题是否科技相关: 否
      [SKIP] 标题非科技相关，不进入详情爬取

  [12/40] 标题: 中国民生银行股份有限公司南昌分行体检服务供应商入围项目中选结果公示
      [科技识别] 标题是否科技相关: 否
      [SKIP] 标题非科技相关，不进入详情爬取

  [13/40] 标题: 中国银行青海省分行西宁市大什字支行营业用房租赁项目（第二次）结果公告
      [科技识别] 标题是否科技相关: 否
      [SKIP] 标题非科技相关，不进入详情爬取

  [14/40] 标题: 中国银行股份有限公司云南省分行文山州分行营业场所保安服务采购项目招标公告
      [科技识别] 标题是否科技相关: 否
      [SKIP] 标题非科技相关，不进入详情爬取

  [15/40] 标题: 中国银行青海省分行2026-2029年评估机构选型入围项目（包一）结果公告
      [科技识别] 标题是否科技相关: 否
      [SKIP] 标题非科技相关，不进入详情爬取

  [16/40] 标题: 中信银行股份有限公司南昌分行监控中心值守服务外包项目项目公告
      [科技识别] 标题是否科技相关: 否
      [SKIP] 标题非科技相关，不进入详情爬取

  [17/40] 标题: 渤海银行香港核心业务系统配套小型机采购项目竞争性采购公告
      [科技识别] 标题是否科技相关: 是
      [过滤-排除词] 未命中，通过
      [过滤-关键词] 包含「银行」，通过
      [OK] 通过全部筛选，进入详情爬取
    [已保存] output\2026-03-31\银行\招标公告_渤海银行香港核心业务系统配套小型机采购项目竞争性采购公告.json

  [18/40] 标题: 合肥科技农村商业银行股份有限公司内训师大赛培训服务采购项目公开招标公告
      [科技识别] 标题是否科技相关: 否
      [SKIP] 标题非科技相关，不进入详情爬取

  [19/40] 标题: 诸暨市人民法院关于浙江诸暨联合村镇银行股份有限公司股权1200万股及相应权利（变卖）的公告
      [科技识别] 标题是否科技相关: 否
      [SKIP] 标题非科技相关，不进入详情爬取

  [20/40] 标题: 招商银行信用卡中心“厦门分中心年度地铁媒体项目采购”单一来源项目公示
      [科技识别] 标题是否科技相关: 否
      [SKIP] 标题非科技相关，不进入详情爬取

  [21/40] 标题: 重庆富民银行国产备份平台采购项目中标结果公示
      [科技识别] 标题是否科技相关: 是
      [过滤-排除词] 未命中，通过
      [过滤-关键词] 包含「银行」，通过
      [OK] 通过全部筛选，进入详情爬取
    [已保存] output\2026-03-31\银行\中标结果_重庆富民银行国产备份平台采购项目中标结果公示.json

  [22/40] 标题: 中国邮政储蓄银行股份有限公司河南省分行营运大厦职工餐厅及物业公共物品采购项目中标候选人公示
      [科技识别] 标题是否科技相关: 否
      [SKIP] 标题非科技相关，不进入详情爬取

  [23/40] 标题: 中国邮政储蓄银行湘西州分行员工食堂食材配送项目（第四次）公开招标公告
      [科技识别] 标题是否科技相关: 否
      [SKIP] 标题非科技相关，不进入详情爬取

  [24/40] 标题: 瓮安县不动产登记事务中心关于贵州瓮安农村商业银行股份有限公司不动产登记证明作废的公告
      [科技识别] 标题是否科技相关: 否
      [SKIP] 标题非科技相关，不进入详情爬取

  [25/40] 标题: 中国邮政储蓄银行湘西州分行员工食堂食材配送项目（第四次）（标段七）单一来源采前公示
      [科技识别] 标题是否科技相关: 否
      [SKIP] 标题非科技相关，不进入详情爬取

  [26/40] 标题: 中国银行股份有限公司江西省分行2026年易地交流任职人员用房消防改造及装饰工程电梯项目[J…
      [科技识别] 标题是否科技相关: 否
      [SKIP] 标题非科技相关，不进入详情爬取

  [27/40] 标题: 泸州银行成都分行品牌宣传系列活动服务采购项目成交候选人公示
      [科技识别] 标题是否科技相关: 否
      [SKIP] 标题非科技相关，不进入详情爬取

  [28/40] 标题: 苏州银行股份有限公司关于2026年-2028年度苏州银行视频会议终端、会议一体屏及无线会议…
      [科技识别] 标题是否科技相关: 否
      [SKIP] 标题非科技相关，不进入详情爬取

  [29/40] 标题: 中国光大银行郑州分行信用卡场景渠道获客项目中标候选人公示
      [科技识别] 标题是否科技相关: 否
      [SKIP] 标题非科技相关，不进入详情爬取

  [30/40] 标题: 兴业银行湖州德清支行2026年保安服务外包项目中标候选人公示
      [科技识别] 标题是否科技相关: 否
      [SKIP] 标题非科技相关，不进入详情爬取

  [31/40] 标题: 富滇银行楚雄姚安支行2026年二、三、四季度零售客户分层维护活动物资采购项目成交候选人公示
      [科技识别] 标题是否科技相关: 否
      [SKIP] 标题非科技相关，不进入详情爬取

  [32/40] 标题: 中国银行荆门分行2026-2027年度保安服务采购项目成交结果公告
      [科技识别] 标题是否科技相关: 否
      [SKIP] 标题非科技相关，不进入详情爬取

  [33/40] 标题: 中原银行郑州分行零贷业务合作公证机构采购项目（二次）招标公告
      [科技识别] 标题是否科技相关: 否
      [SKIP] 标题非科技相关，不进入详情爬取

  [34/40] 标题: 盛京银行2026年机房防雷接地检测服务采购项目更正公告
      [科技识别] 标题是否科技相关: 是
      [过滤-排除词] 未命中，通过
      [过滤-关键词] 包含「银行」，通过
      [OK] 通过全部筛选，进入详情爬取
    [PDF] 路由拦截成功，共 320677 字节
    [PDF] 扫描版/少字 PDF 共 1 页，转为图片 OCR...
    [OCR] 识别第 1/1 页 ...
    [OCR] 全部 1 页识别完成
    [PDF] 响应拦截解析完成，共 437 字
    [已保存] output\2026-03-31\银行\招标公告_盛京银行2026年机房防雷接地检测服务采购项目更正公告.json

  [35/40] 标题: 【公示】九江银行合肥分行2026年业务用车采购项目（二次询价）询价失败公...
      [科技识别] 标题是否科技相关: 否
      [SKIP] 标题非科技相关，不进入详情爬取

  [36/40] 标题: 盛京银行2026年机房防雷接地检测服务采购项目询价采购公告
      [科技识别] 标题是否科技相关: 是
      [过滤-排除词] 未命中，通过
      [过滤-关键词] 包含「银行」，通过
      [OK] 通过全部筛选，进入详情爬取
    [已保存] output\2026-03-31\银行\招标公告_盛京银行2026年机房防雷接地检测服务采购项目询价采购公告.json

  [37/40] 标题: 中国银行潍坊诸城支行办公楼前后院停车场维修改造项目更正公告
      [科技识别] 标题是否科技相关: 否
      [SKIP] 标题非科技相关，不进入详情爬取

  [38/40] 标题: 中国建设银行陕西省分行与大学开展建行金融科技菁英班合作办学采购项目单一来源采前公示
      [科技识别] 标题是否科技相关: 否
      [SKIP] 标题非科技相关，不进入详情爬取

  [39/40] 标题: 华夏银行2025-2026年并购及金融交易账号引入项目第二包：金融交易即时通讯账号（第二次…
      [科技识别] 标题是否科技相关: 否
      [SKIP] 标题非科技相关，不进入详情爬取

  [40/40] 标题: 中国建设银行商洛分行尾箱寄库外包采购项目单一来源采前公示
      [科技识别] 标题是否科技相关: 否
      [SKIP] 标题非科技相关，不进入详情爬取

  [第 8 页]
  [DEBUG] 已检测到「条信息」，按整页详情链接解析
      [WARN] 未找到 .ssjg-leixing，info_type 将记为采招信息
  本页找到 40 条结果

  [1/40] 标题: 华夏银行云会议（腾讯会议企业版）软件许可采购项目采购结果公告
      [科技识别] 标题是否科技相关: 是
      [过滤-排除词] 未命中，通过
      [过滤-关键词] 包含「银行」，通过
      [OK] 通过全部筛选，进入详情爬取
    [已保存] output\2026-03-31\银行\中标结果_华夏银行云会议（腾讯会议企业版）软件许可采购项目采购结果公告.json

  [2/40] 标题: 【公告】招标公告丨九江银行2026年武汉数据中心网络设备采购项目（标段二...
      [科技识别] 标题是否科技相关: 是
      [过滤-排除词] 未命中，通过
      [过滤-关键词] 包含「银行」，通过
      [OK] 通过全部筛选，进入详情爬取
    [已保存] output\2026-03-31\银行\招标公告_【公告】招标公告丨九江银行2026年武汉数据中心网络设备采购项目（标段二....json

  [3/40] 标题: 【公告】招标公告丨九江银行2026年武汉数据中心网络设备采购项目（标段一...
      [科技识别] 标题是否科技相关: 是
      [过滤-排除词] 未命中，通过
      [过滤-关键词] 包含「银行」，通过
      [OK] 通过全部筛选，进入详情爬取
    [已保存] output\2026-03-31\银行\招标公告_【公告】招标公告丨九江银行2026年武汉数据中心网络设备采购项目（标段一....json

  [4/40] 标题: 华夏银行上海南汇支行原址改造安防系统工程采购项目成交结果公示
      [科技识别] 标题是否科技相关: 否
      [SKIP] 标题非科技相关，不进入详情爬取

  [5/40] 标题: 华夏银行信用卡中心信用卡晚期委外催收服务项目中标候选人公示
      [科技识别] 标题是否科技相关: 否
      [SKIP] 标题非科技相关，不进入详情爬取

  [6/40] 标题: 华夏银行2025-2026年并购及金融交易账号引入项目第一包：并购业务查询账号（第二次）竞…
      [科技识别] 标题是否科技相关: 否
      [SKIP] 标题非科技相关，不进入详情爬取

  [7/40] 标题: 【公示】九江银行赣州分行宁都支行广告宣传服务合作项目成交结果公示
      [科技识别] 标题是否科技相关: 否
      [SKIP] 标题非科技相关，不进入详情爬取

  [8/40] 标题: 内蒙古农村商业银行股份有限公司锡林郭勒盟中心支行收银系统（单一来源）采购项目采购公告
      [科技识别] 标题是否科技相关: 否
      [SKIP] 标题非科技相关，不进入详情爬取

  [9/40] 标题: 盛京银行2025年信创国产化办公设备（桌面打印机、复合机、扫描仪）入围采购项目标包三（三次…
      [科技识别] 标题是否科技相关: 是
      [过滤-排除词] 命中「办公」→ 跳过

  [10/40] 标题: 龙江银行金山防病毒软件使用授权采购项目-中标公告
      [科技识别] 标题是否科技相关: 是
      [过滤-排除词] 未命中，通过
      [过滤-关键词] 包含「银行」，通过
      [OK] 通过全部筛选，进入详情爬取
    [已保存] output\2026-03-31\银行\中标结果_龙江银行金山防病毒软件使用授权采购项目-中标公告.json

  [11/40] 标题: 浦发银行和林格尔数据中心项目（一期）及浦发银行和林格尔数据中心110千伏变电站项目安全评价…
      [科技识别] 标题是否科技相关: 是
      [过滤-排除词] 未命中，通过
      [过滤-关键词] 包含「银行」，通过
      [OK] 通过全部筛选，进入详情爬取
    [已保存] output\2026-03-31\银行\中标结果_浦发银行和林格尔数据中心项目（一期）及浦发银行和林格尔数据中心110千伏变电站项目安全评价服务成交公告.json

  [12/40] 标题: 武汉农村商业银行数字化测试质控平台建设项目采购招标公告
      [科技识别] 标题是否科技相关: 是
      [过滤-排除词] 未命中，通过
      [过滤-关键词] 包含「银行」，通过
      [OK] 通过全部筛选，进入详情爬取
    [PDF] 路由拦截成功，共 2889599 字节
    [PDF] 扫描版/少字 PDF 共 5 页，转为图片 OCR...
    [OCR] 识别第 1/5 页 ...
    [OCR] 识别第 2/5 页 ...
    [OCR] 识别第 3/5 页 ...
    [OCR] 识别第 4/5 页 ...
    [OCR] 识别第 5/5 页 ...
    [OCR] 全部 5 页识别完成
    [PDF] 响应拦截解析完成，共 3775 字
    [已保存] output\2026-03-31\银行\招标公告_武汉农村商业银行数字化测试质控平台建设项目采购招标公告.json

  [13/40] 标题: 中原银行信阳分行消防控制室、监控中心技术性保安服务项目-中标候选人公示
      [科技识别] 标题是否科技相关: 否
      [SKIP] 标题非科技相关，不进入详情爬取

  [14/40] 标题: 中国邮政储蓄银行股份有限公司内蒙古自治区分行锡林北路租赁办公楼装修改造工程造价服务采购项目…
      [科技识别] 标题是否科技相关: 否
      [SKIP] 标题非科技相关，不进入详情爬取

  [15/40] 标题: 华夏银行总部2026-2027年员工观影服务项目磋商公告
      [科技识别] 标题是否科技相关: 否
      [SKIP] 标题非科技相关，不进入详情爬取

  [16/40] 标题: 贵州银行黔南分行作业人力外包服务采购项目2026年大堂引导服务劳务外包采购中标公告
      [科技识别] 标题是否科技相关: 否
      [SKIP] 标题非科技相关，不进入详情爬取

  [17/40] 标题: 中国银行股份有限公司贺州分行物业服务项目采购邀请公告
      [科技识别] 标题是否科技相关: 否
      [SKIP] 标题非科技相关，不进入详情爬取

  [18/40] 标题: 南充农村商业银行股份有限公司关于南部县蜀北街道办事处金葫路五里小区4-1号的公告(第一次)
      [科技识别] 标题是否科技相关: 否
      [SKIP] 标题非科技相关，不进入详情爬取

  [19/40] 标题: 青岛银行补充医疗（健康委托管理基金）项目中标公告
      [科技识别] 标题是否科技相关: 否
      [SKIP] 标题非科技相关，不进入详情爬取

  [20/40] 标题: 荣成农商银行2026年海产品组装箱项目询比采购结果公示
      [科技识别] 标题是否科技相关: 否
      [SKIP] 标题非科技相关，不进入详情爬取

  [21/40] 标题: 山东曲阜农村商业银行股份有限公司总行办公大楼安装自动灭火系统项目招标公告
      [科技识别] 标题是否科技相关: 否
      [SKIP] 标题非科技相关，不进入详情爬取

  [22/40] 标题: 山东临淄农村商业银行股份有限公司总部中央空调机组设备采购及辅助设施升级改造项目中标公告
      [科技识别] 标题是否科技相关: 否
      [SKIP] 标题非科技相关，不进入详情爬取

  [23/40] 标题: 亚洲开发银行贷款贵安新区新型城镇化智慧交通体系发展项目文化山枢纽站及汽配城首末站施工图设计…
      [科技识别] 标题是否科技相关: 否
      [SKIP] 标题非科技相关，不进入详情爬取

  [24/40] 标题: 山东成武农村商业银行股份有限公司基础设施零星维修供应商入围采购项目招标公告
      [科技识别] 标题是否科技相关: 否
      [SKIP] 标题非科技相关，不进入详情爬取

  [25/40] 标题: 莱芜农商银行2026年办公耗材采购项目采购结果公示
      [科技识别] 标题是否科技相关: 否
      [SKIP] 标题非科技相关，不进入详情爬取

  [26/40] 标题: 青州农商银行云河、润发支行装修改造项目结果公示
      [科技识别] 标题是否科技相关: 否
      [SKIP] 标题非科技相关，不进入详情爬取

  [27/40] 标题: 山东曹县农村商业银行股份有限公司智慧柜员机维保服务项目招标公告
      [科技识别] 标题是否科技相关: 否
      [SKIP] 标题非科技相关，不进入详情爬取

  [28/40] 标题: 山东莘县农村商业银行股份有限公司广告印刷、零星工程、项目造价及工程结算审计入围项目成交结果…
      [科技识别] 标题是否科技相关: 否
      [SKIP] 标题非科技相关，不进入详情爬取

  [29/40] 标题: 山东成武农村商业银行股份有限公司总行餐厅食材供应商入围采购项目（第二次）招标公告
      [科技识别] 标题是否科技相关: 否
      [SKIP] 标题非科技相关，不进入详情爬取

  [30/40] 标题: 惠民农商银行2026年职工健康体检项目(第2次招标)废标结果公告
      [科技识别] 标题是否科技相关: 否
      [SKIP] 标题非科技相关，不进入详情爬取

  [31/40] 标题: 山东梁山农村商业银行股份有限公司2026年运钞车采购项目（三次）成交结果公示
      [科技识别] 标题是否科技相关: 否
      [SKIP] 标题非科技相关，不进入详情爬取

  [32/40] 标题: 安徽怀远农村商业银行股份有限公司马城支行装饰工程中标结果公告
      [科技识别] 标题是否科技相关: 否
      [SKIP] 标题非科技相关，不进入详情爬取

  [33/40] 标题: 安徽怀远农村商业银行股份有限公司看疃分理处装饰工程中标结果公告
      [科技识别] 标题是否科技相关: 否
      [SKIP] 标题非科技相关，不进入详情爬取

  [34/40] 标题: 中国银行股份有限公司机房精密空调选型入围采购项目终止公告
      [科技识别] 标题是否科技相关: 否
      [SKIP] 标题非科技相关，不进入详情爬取

  [35/40] 标题: 兴业银行关于办公互联网线路扩容项目
      [科技识别] 标题是否科技相关: 否
      [SKIP] 标题非科技相关，不进入详情爬取

  [36/40] 标题: 芜湖扬子农村商业银行存款挂牌利率和利率上限表
      [科技识别] 标题是否科技相关: 否
      [SKIP] 标题非科技相关，不进入详情爬取

  [37/40] 标题: 青岛银行补充医疗（一年期补充医疗保险）项目中标结果公示-中标结果公告
      [科技识别] 标题是否科技相关: 否
      [SKIP] 标题非科技相关，不进入详情爬取

  [38/40] 标题: 中国建设银行苏州分行2026-2030年抵押品价值评估公开招标市场调研公告
      [科技识别] 标题是否科技相关: 否
      [SKIP] 标题非科技相关，不进入详情爬取

  [39/40] 标题: 中国建设银行股份有限公司河北省分行工农路住宅小区“三供”改造工程结算造价咨询服务项目供应商…
      [科技识别] 标题是否科技相关: 否
      [SKIP] 标题非科技相关，不进入详情爬取

  [40/40] 标题: 中国建设银行陕西省分行碳排放咨询服务采购项目供应商征集公告
      [科技识别] 标题是否科技相关: 否
      [SKIP] 标题非科技相关，不进入详情爬取

  [第 9 页]
  [DEBUG] 已检测到「条信息」，按整页详情链接解析
      [WARN] 未找到 .ssjg-leixing，info_type 将记为采招信息
  本页找到 40 条结果

  [1/40] 标题: 中国建设银行福建省分行关于本部及福州地区各分支行员工体检服务采购项目的供应商征集公告
      [科技识别] 标题是否科技相关: 否
      [SKIP] 标题非科技相关，不进入详情爬取

  [2/40] 标题: 中国银行河北雄安分行2026年雄安一卡通信息服务项目中标结果公示
      [科技识别] 标题是否科技相关: 否
      [SKIP] 标题非科技相关，不进入详情爬取

  [3/40] 标题: 安徽新安银行股份有限公司关于安徽新安银行股份有限公司关于禹洲中央广场小区抵押债权转让的公告…
      [科技识别] 标题是否科技相关: 否
      [SKIP] 标题非科技相关，不进入详情爬取

  [4/40] 标题: 富滇银行楚雄开发区支行2026年4-12月客户分层维护活动物资采购项目成交候选人公示
      [科技识别] 标题是否科技相关: 否
      [SKIP] 标题非科技相关，不进入详情爬取

  [5/40] 标题: 南充农村商业银行股份有限公司关于营山县浪池镇模范街A幢2层1号的公告(第一次)
      [科技识别] 标题是否科技相关: 否
      [SKIP] 标题非科技相关，不进入详情爬取

  [6/40] 标题: 南充农村商业银行股份有限公司关于营山县浪池镇盐市新街23号（工商局旧改工程1幢-1层1号、…
      [科技识别] 标题是否科技相关: 否
      [SKIP] 标题非科技相关，不进入详情爬取

  [7/40] 标题: 南充农村商业银行股份有限公司关于营山县城南镇天长街宝珍花园五期工程A1幢-1层2号的公告(…
      [科技识别] 标题是否科技相关: 否
      [SKIP] 标题非科技相关，不进入详情爬取

  [8/40] 标题: 安徽新安银行股份有限公司关于安徽新安银行股份有限公司关于科创·和园小区抵押债权转让的公告(…
      [科技识别] 标题是否科技相关: 否
      [SKIP] 标题非科技相关，不进入详情爬取

  [9/40] 标题: 安徽新安银行股份有限公司关于安徽新安银行股份有限公司关于皇马花园小区抵押债权转让的公告(第…
      [科技识别] 标题是否科技相关: 否
      [SKIP] 标题非科技相关，不进入详情爬取

  [10/40] 标题: 安徽新安银行股份有限公司关于安徽新安银行股份有限公司关于北辰天都小区抵押债权转让的公告(第…
      [科技识别] 标题是否科技相关: 否
      [SKIP] 标题非科技相关，不进入详情爬取

  [11/40] 标题: 安徽新安银行股份有限公司关于安徽新安银行股份有限公司关于太平洋森活城小区抵押债权转让的公告…
      [科技识别] 标题是否科技相关: 否
      [SKIP] 标题非科技相关，不进入详情爬取

  [12/40] 标题: 固始天骄村镇银行股份有限公司关于位于内蒙古鄂尔多斯市东胜区丛林名景小区6号楼一单元901号…
      [科技识别] 标题是否科技相关: 否
      [SKIP] 标题非科技相关，不进入详情爬取

  [13/40] 标题: 安徽新安银行股份有限公司关于安徽新安银行股份有限公司关于南艳碧湖花园小区抵押债权转让的公告…
      [科技识别] 标题是否科技相关: 否
      [SKIP] 标题非科技相关，不进入详情爬取

  [14/40] 标题: 安徽新安银行股份有限公司关于安徽新安银行股份有限公司关于和平花园小区抵押债权转让的公告(第…
      [科技识别] 标题是否科技相关: 否
      [SKIP] 标题非科技相关，不进入详情爬取

  [15/40] 标题: 安徽新安银行股份有限公司关于安徽新安银行股份有限公司关于蜀苑新村小区抵押债权转让的公告(第…
      [科技识别] 标题是否科技相关: 否
      [SKIP] 标题非科技相关，不进入详情爬取

  [16/40] 标题: 安徽新安银行股份有限公司关于安徽新安银行股份有限公司关于沃顿花园小区抵押债权转让的公告(第…
      [科技识别] 标题是否科技相关: 否
      [SKIP] 标题非科技相关，不进入详情爬取

  [17/40] 标题: 安徽新安银行股份有限公司关于安徽新安银行股份有限公司关于鸿徽苑小区抵押债权转让的公告(第一…
      [科技识别] 标题是否科技相关: 否
      [SKIP] 标题非科技相关，不进入详情爬取

  [18/40] 标题: 安徽新安银行股份有限公司关于安徽新安银行股份有限公司关于滨河小区小区抵押债权转让的公告(第…
      [科技识别] 标题是否科技相关: 否
      [SKIP] 标题非科技相关，不进入详情爬取

  [19/40] 标题: 安徽新安银行股份有限公司关于安徽新安银行股份有限公司关于蜀南新苑小区抵押债权转让的公告(第…
      [科技识别] 标题是否科技相关: 否
      [SKIP] 标题非科技相关，不进入详情爬取

  [20/40] 标题: 富滇银行昆明宜良支行2026年劳务服务项目询比采购公告
      [科技识别] 标题是否科技相关: 否
      [SKIP] 标题非科技相关，不进入详情爬取

  [21/40] 标题: 安徽新安银行股份有限公司关于安徽新安银行股份有限公司关于华盛大运城二期小区抵押债权转让的公…
      [科技识别] 标题是否科技相关: 否
      [SKIP] 标题非科技相关，不进入详情爬取

  [22/40] 标题: 南充农村商业银行股份有限公司关于南部县蜀北街道办事处金葫路五里小区3层3-1号的公告(第一…
      [科技识别] 标题是否科技相关: 否
      [SKIP] 标题非科技相关，不进入详情爬取

  [23/40] 标题: 安徽新安银行股份有限公司关于安徽新安银行股份有限公司关于兴海苑D小区抵押债权转让的公告(第…
      [科技识别] 标题是否科技相关: 否
      [SKIP] 标题非科技相关，不进入详情爬取

  [24/40] 标题: 安徽新安银行股份有限公司关于安徽新安银行股份有限公司关于尚水湖畔小区抵押债权转让的公告(第…
      [科技识别] 标题是否科技相关: 否
      [SKIP] 标题非科技相关，不进入详情爬取

  [25/40] 标题: 绵阳市商业银行关于数据安全咨询服务的交流公告
      [科技识别] 标题是否科技相关: 是
      [过滤-排除词] 未命中，通过
      [过滤-关键词] 包含「银行」，通过
      [OK] 通过全部筛选，进入详情爬取
    [已保存] output\2026-03-31\银行\招标公告_绵阳市商业银行关于数据安全咨询服务的交流公告.json

  [26/40] 标题: 沧州银行2026年信创计算机软硬件入围采购项目招标公告
      [科技识别] 标题是否科技相关: 否
      [SKIP] 标题非科技相关，不进入详情爬取

  [27/40] 标题: 沧州银行2026年打印一体机入围采购项目招标公告
      [科技识别] 标题是否科技相关: 否
      [SKIP] 标题非科技相关，不进入详情爬取

  [28/40] 标题: 招商银行广州分行体检平台项目供应商征集公告
      [科技识别] 标题是否科技相关: 是
      [过滤-排除词] 未命中，通过
      [过滤-关键词] 包含「银行」，通过
      [OK] 通过全部筛选，进入详情爬取
    [已保存] output\2026-03-31\银行\招标公告_招商银行广州分行体检平台项目供应商征集公告.json

  [29/40] 标题: 沧州银行2026年终端及相关外设入围采购项目招标公告
      [科技识别] 标题是否科技相关: 否
      [SKIP] 标题非科技相关，不进入详情爬取

  [30/40] 标题: 招商银行银川分行车辆维修保养项目供应商征集公告
      [科技识别] 标题是否科技相关: 否
      [SKIP] 标题非科技相关，不进入详情爬取

  [31/40] 标题: 中国民生银行南昌分行24楼会议室音视频项目
      [科技识别] 标题是否科技相关: 否
      [SKIP] 标题非科技相关，不进入详情爬取

  [32/40] 标题: 五河农商银行朱顶支行装修工程中标结果公告
      [科技识别] 标题是否科技相关: 否
      [SKIP] 标题非科技相关，不进入详情爬取

  [33/40] 标题: 江苏江阴农村商业银行股份有限公司统一监管2026年制度升级项目供应商征集公告
      [科技识别] 标题是否科技相关: 否
      [SKIP] 标题非科技相关，不进入详情爬取

  [34/40] 标题: 【公告中】合肥经济技术开发区财政社保基金财政专户开户银行服务公开招标公告
      [科技识别] 标题是否科技相关: 否
      [SKIP] 标题非科技相关，不进入详情爬取

  [35/40] 标题: 平安银行扬州分行网点UPS维保项目供应商寻源征集
      [科技识别] 标题是否科技相关: 是
      [过滤-排除词] 未命中，通过
      [过滤-关键词] 包含「银行」，通过
      [OK] 通过全部筛选，进入详情爬取
    [已保存] output\2026-03-31\银行\招标公告_平安银行扬州分行网点UPS维保项目供应商寻源征集.json

  [36/40] 标题: 中国民生银行股份有限公司广州分行员工服装洗涤服务采购项目评审结果公示
      [科技识别] 标题是否科技相关: 否
      [SKIP] 标题非科技相关，不进入详情爬取

  [37/40] 标题: 中国农业发展银行湘潭市分行本级院内道路改造项目招标公告
      [科技识别] 标题是否科技相关: 否
      [SKIP] 标题非科技相关，不进入详情爬取

  [38/40] 标题: 中国工商银行河南焦作分行城区员工餐厅食材集中采购项目中标结果公示
      [科技识别] 标题是否科技相关: 否
      [SKIP] 标题非科技相关，不进入详情爬取

  [39/40] 标题: 【招标公告】上杭农商银行安防设备监控报警系统维保服务项目
      [科技识别] 标题是否科技相关: 是
      [过滤-排除词] 未命中，通过
      [过滤-关键词] 包含「银行」，通过
      [OK] 通过全部筛选，进入详情爬取
    [已保存] output\2026-03-31\银行\招标公告_【招标公告】上杭农商银行安防设备监控报警系统维保服务项目.json

  [40/40] 标题: 江西省世界银行贷款预防准备和应对新发传染病项目--景德镇市疾病预防控制中心信息化系统采购合…
      [科技识别] 标题是否科技相关: 是
      [过滤-排除词] 未命中，通过
      [过滤-关键词] 包含「银行」，通过
      [OK] 通过全部筛选，进入详情爬取
    [PDF] 路由拦截成功，共 166859 字节
    [PDF] pdfplumber 解析失败(Unexpected EOF)，降级 PyMuPDF...
    [PDF] 响应拦截解析完成，共 1328 字
    [已保存] output\2026-03-31\银行\中标结果_江西省世界银行贷款预防准备和应对新发传染病项目--景德镇市疾病预防控制中心信息化系统采购合同授予公示（招标编号：TC249XQRA）.json

  [第 10 页]
  [DEBUG] 已检测到「条信息」，按整页详情链接解析
      [WARN] 未找到 .ssjg-leixing，info_type 将记为采招信息
  本页找到 40 条结果

  [1/40] 标题: 苏州银行股份有限公司关于2026年苏州银行智能体开发平台建设服务采购项目竞争性磋商成交公告
      [科技识别] 标题是否科技相关: 是
      [过滤-排除词] 未命中，通过
      [过滤-关键词] 包含「银行」，通过
      [OK] 通过全部筛选，进入详情爬取
    [PDF] 路由拦截成功，共 69849 字节
    [PDF] 扫描版/少字 PDF 共 2 页，转为图片 OCR...
    [OCR] 识别第 1/2 页 ...
    [OCR] 识别第 2/2 页 ...
    [OCR] 全部 2 页识别完成
    [PDF] 响应拦截解析完成，共 705 字
    [已保存] output\2026-03-31\银行\中标结果_苏州银行股份有限公司关于2026年苏州银行智能体开发平台建设服务采购项目竞争性磋商成交公告.json

  [2/40] 标题: 江苏农村商业联合银行股份有限公司东侧道路改造项目中标候选人公示
      [科技识别] 标题是否科技相关: 否
      [SKIP] 标题非科技相关，不进入详情爬取

  [3/40] 标题: 中国工商银行天津市分行分行大楼局部楼层维修项目公开招标公告
      [科技识别] 标题是否科技相关: 否
      [SKIP] 标题非科技相关，不进入详情爬取

  [4/40] 标题: 中国银行股份有限公司扬州分行城区驾驶服务采购项目失败公告
      [科技识别] 标题是否科技相关: 否
      [SKIP] 标题非科技相关，不进入详情爬取

  [5/40] 标题: 武汉农村商业银行武经开支行食堂炊事员外包服务采购项目招标公告
      [科技识别] 标题是否科技相关: 否
      [SKIP] 标题非科技相关，不进入详情爬取

  [6/40] 标题: 河南农商银行原阳支行安保押运服务项目废标公示
      [科技识别] 标题是否科技相关: 否
      [SKIP] 标题非科技相关，不进入详情爬取

  [7/40] 标题: 中国邮政储蓄银行股份有限公司宣城市分行2026年设备及网络维修维护服务采购项目（二次）成交…
      [科技识别] 标题是否科技相关: 否
      [SKIP] 标题非科技相关，不进入详情爬取

  [8/40] 标题: 中国邮政储蓄银行凉山州分行2026年社保卡预制卡项目（第3次）成交结果公告
      [科技识别] 标题是否科技相关: 否
      [SKIP] 标题非科技相关，不进入详情爬取

  [9/40] 标题: 泰安市总工会“工惠贷”服务银行征集项目征集公告
      [科技识别] 标题是否科技相关: 否
      [SKIP] 标题非科技相关，不进入详情爬取

  [10/40] 标题: 河南农村商业银行股份有限公司汝州支行代保管及押运款箱项目二次招标公告
      [科技识别] 标题是否科技相关: 否
      [SKIP] 标题非科技相关，不进入详情爬取

  [11/40] 标题: 中国银行潍坊分行城东支行保卫室改造装修及主楼楼顶防水项目更正公告
      [科技识别] 标题是否科技相关: 否
      [SKIP] 标题非科技相关，不进入详情爬取

  [12/40] 标题: 浦发银行和林格尔数据中心项目（一期）及浦发银行和林格尔数据中心110千伏变电站项目职业卫生…
      [科技识别] 标题是否科技相关: 是
      [过滤-排除词] 未命中，通过
      [过滤-关键词] 包含「银行」，通过
      [OK] 通过全部筛选，进入详情爬取
    [已保存] output\2026-03-31\银行\中标结果_浦发银行和林格尔数据中心项目（一期）及浦发银行和林格尔数据中心110千伏变电站项目职业卫生评价服务成交公告.json

  [13/40] 标题: 浦发银行和林格尔数据中心110千伏变电站项目环境影响评价服务成交公告
      [科技识别] 标题是否科技相关: 是
      [过滤-排除词] 未命中，通过
      [过滤-关键词] 包含「银行」，通过
      [OK] 通过全部筛选，进入详情爬取
    [已保存] output\2026-03-31\银行\中标结果_浦发银行和林格尔数据中心110千伏变电站项目环境影响评价服务成交公告.json

  [14/40] 标题: 浙江卓驿商业管理有限公司结算银行合作项目公开招标公告
      [科技识别] 标题是否科技相关: 否
      [SKIP] 标题非科技相关，不进入详情爬取

  [15/40] 标题: 广东华润银行股份有限公司大厦物业保洁服务采购变更招标公告
      [科技识别] 标题是否科技相关: 否
      [SKIP] 标题非科技相关，不进入详情爬取

  [16/40] 标题: 中国银行山西省分行集中采购结果公示信息表
      [科技识别] 标题是否科技相关: 否
      [SKIP] 标题非科技相关，不进入详情爬取

  [17/40] 标题: 中国进出口银行2025年服务器及虚拟化软件等采购项目（服务器虚拟化软件）招标公告
      [科技识别] 标题是否科技相关: 是
      [过滤-排除词] 未命中，通过
      [过滤-关键词] 包含「银行」，通过
      [OK] 通过全部筛选，进入详情爬取
    [已保存] output\2026-03-31\银行\招标公告_中国进出口银行2025年服务器及虚拟化软件等采购项目（服务器虚拟化软件）招标公告.json

  [18/40] 标题: 华夏银行2025-2026年并购及金融交易账号引入项目第二包：金融交易即时通讯账号流标公告
      [科技识别] 标题是否科技相关: 否
      [SKIP] 标题非科技相关，不进入详情爬取

  [19/40] 标题: 华夏银行2025-2026年并购及金融交易账号引入项目第一包：并购业务查询账号流标公告
      [科技识别] 标题是否科技相关: 否
      [SKIP] 标题非科技相关，不进入详情爬取

  [20/40] 标题: 中国邮政储蓄银行股份有限公司礼县支行业务技术用房装修改造项目公开招标公告
      [科技识别] 标题是否科技相关: 否
      [SKIP] 标题非科技相关，不进入详情爬取

  [21/40] 标题: 【建行自采】文登天润城离行自助银行营业用房续租项目采购结果信息公开
      [科技识别] 标题是否科技相关: 否
      [SKIP] 标题非科技相关，不进入详情爬取

  [22/40] 标题: 成都农村商业银行股份有限公司大邑支行资产出租公告(成交竞告〔2026〕231号)
      [科技识别] 标题是否科技相关: 否
      [SKIP] 标题非科技相关，不进入详情爬取

  [23/40] 标题: 乌鲁木齐铁路公安局库尔勒公安处工会经费专用账户开户银行选择项目成交公告
      [科技识别] 标题是否科技相关: 否
      [SKIP] 标题非科技相关，不进入详情爬取

  [24/40] 标题: 招商银行采购结果公告-TJ01-20260323001
      [科技识别] 标题是否科技相关: 否
      [SKIP] 标题非科技相关，不进入详情爬取

  [25/40] 标题: 中国银行保险监督管理委员会金昌监管分局（金昌银保监分局）（办公家具用具、设备）处置事项
      [科技识别] 标题是否科技相关: 否
      [SKIP] 标题非科技相关，不进入详情爬取

  [26/40] 标题: 乌鲁木齐银行扩充业务系统及AI专项工作技术服务人力外包供应商入围采购项目招标公告
      [科技识别] 标题是否科技相关: 是
      [过滤-排除词] 未命中，通过
      [过滤-关键词] 包含「银行」，通过
      [OK] 通过全部筛选，进入详情爬取
    [已保存] output\2026-03-31\银行\招标公告_乌鲁木齐银行扩充业务系统及AI专项工作技术服务人力外包供应商入围采购项目招标公告.json

  [27/40] 标题: 广水市农业发展银行、阳光小区B区等16个老旧小区改造项目（二期）施工图设计及监理服务(第二…
      [科技识别] 标题是否科技相关: 否
      [SKIP] 标题非科技相关，不进入详情爬取

  [28/40] 标题: 兴业银行济南分行关于2026年聊城地区委托律所催收信用卡逾期项目供应商征集调研公告
      [科技识别] 标题是否科技相关: 否
      [SKIP] 标题非科技相关，不进入详情爬取

  [29/40] 标题: 兴业银行关于办公互联网线路扩容项目供应商征集调研公告
      [科技识别] 标题是否科技相关: 否
      [SKIP] 标题非科技相关，不进入详情爬取

  [30/40] 标题: 广元农商银行综合办公楼物业招标采购项目（第二次）招标公告
      [科技识别] 标题是否科技相关: 否
      [SKIP] 标题非科技相关，不进入详情爬取

  [31/40] 标题: （西南联交终2026第6732号）雅安市商业银行股份有限公司一批办公设备设施处置-终结公告
      [科技识别] 标题是否科技相关: 否
      [SKIP] 标题非科技相关，不进入详情爬取

  [32/40] 标题: 中国银行股份有限公司青岛市分行2021-2022年度小微企业贷款风险补偿金资产包项目
      [科技识别] 标题是否科技相关: 否
      [SKIP] 标题非科技相关，不进入详情爬取

  [33/40] 标题: 【怒江农村商业银行柜面业务终端采购项目(二次)】流标公告
      [科技识别] 标题是否科技相关: 否
      [SKIP] 标题非科技相关，不进入详情爬取

  [34/40] 标题: 中信银行信用卡中心金融类优选增值服务系列产品供应商征集公告（重新征集）
      [科技识别] 标题是否科技相关: 否
      [SKIP] 标题非科技相关，不进入详情爬取

  [35/40] 标题: 关于中国工商银行台州分行天台支行营业用房装修工程采购项目（第二次）的公开招标公告
      [科技识别] 标题是否科技相关: 否
      [SKIP] 标题非科技相关，不进入详情爬取

  [36/40] 标题: 兰考县住房和城乡建设局兰考县房屋专项维修资金专户管理银行入围项目-采购公告
      [科技识别] 标题是否科技相关: 否
      [SKIP] 标题非科技相关，不进入详情爬取

  [37/40] 标题: 潍坊银行采购2026年度智慧农贸场景金融平台维保项目
      [科技识别] 标题是否科技相关: 是
      [过滤-排除词] 未命中，通过
      [过滤-关键词] 包含「银行」，通过
      [OK] 通过全部筛选，进入详情爬取
    [已保存] output\2026-03-31\银行\招标公告_潍坊银行采购2026年度智慧农贸场景金融平台维保项目.json

  [38/40] 标题: 潍坊银行采购2026年度财务管理系统维保项目
      [科技识别] 标题是否科技相关: 是
      [过滤-排除词] 未命中，通过
      [过滤-关键词] 包含「银行」，通过
      [OK] 通过全部筛选，进入详情爬取
    [已保存] output\2026-03-31\银行\招标公告_潍坊银行采购2026年度财务管理系统维保项目.json

  [39/40] 标题: 潍坊银行2026年上半年新员工培训场地及食宿服务采购项目
      [科技识别] 标题是否科技相关: 否
      [SKIP] 标题非科技相关，不进入详情爬取

  [40/40] 标题: 潍坊银行股份有限公司烟台分行委托守押服务采购项目
      [科技识别] 标题是否科技相关: 否
      [SKIP] 标题非科技相关，不进入详情爬取

  [第 11 页]
  [DEBUG] 已检测到「条信息」，按整页详情链接解析
      [WARN] 未找到 .ssjg-leixing，info_type 将记为采招信息
  本页找到 40 条结果

  [1/40] 标题: “i深圳”银行卡实名验证信息技术服务
      [科技识别] 标题是否科技相关: 否
      [SKIP] 标题非科技相关，不进入详情爬取

  [2/40] 标题: 南充农村商业银行股份有限公司关于对南充市营山县朗池镇复兴路388圣桦城购物中心1幢3层10…
      [科技识别] 标题是否科技相关: 否
      [SKIP] 标题非科技相关，不进入详情爬取

  [3/40] 标题: 南充农村商业银行股份有限公司关于南部县蜀北街道办事处蜀北大道西延线西区商贸体育文化园区体育…
      [科技识别] 标题是否科技相关: 否
      [SKIP] 标题非科技相关，不进入详情爬取

  [4/40] 标题: 广西拍辅贷资产管理有限公司关于达州农村商业银行股份有限公司280000股股金的公告(第一次…
      [科技识别] 标题是否科技相关: 否
      [SKIP] 标题非科技相关，不进入详情爬取

  [5/40] 标题: 龙游县2023年城区给排水提标改造工程-龙洲区块专项债资金开设银行专户竞争性存放项目中标（…
      [科技识别] 标题是否科技相关: 否
      [SKIP] 标题非科技相关，不进入详情爬取

  [6/40] 标题: 关于中国光大银行股份有限公司杭州分行城同城网点2026-2027年度监控系统维修维保采购项…
      [科技识别] 标题是否科技相关: 否
      [SKIP] 标题非科技相关，不进入详情爬取

  [7/40] 标题: 浙江省成套工程有限公司关于中国光大银行股份有限公司台州支行新址装修项目-监控安防系统的中标…
      [科技识别] 标题是否科技相关: 否
      [SKIP] 标题非科技相关，不进入详情爬取

  [8/40] 标题: 浙江省成套工程有限公司关于中国光大银行股份有限公司台州支行新址装修项目-消防系统的中标结果…
      [科技识别] 标题是否科技相关: 否
      [SKIP] 标题非科技相关，不进入详情爬取

  [9/40] 标题: 浙江省成套工程有限公司关于中国光大银行股份有限公司台州支行新址装修项目-装饰及加固工程的中…
      [科技识别] 标题是否科技相关: 否
      [SKIP] 标题非科技相关，不进入详情爬取

  [10/40] 标题: 淳安千岛湖淳茶农业科技有限公司银行账户开户服务采购项目招标公告（非政府采购）
      [科技识别] 标题是否科技相关: 否
      [SKIP] 标题非科技相关，不进入详情爬取

  [11/40] 标题: 浙江省成套工程有限公司关于中国光大银行股份有限公司台州支行新址装修项目-弱电及机房建设的中…
      [科技识别] 标题是否科技相关: 否
      [SKIP] 标题非科技相关，不进入详情爬取

  [12/40] 标题: 浙江省成套工程有限公司关于中国光大银行股份有限公司台州支行新址装修项目-空调系统的中标结果…
      [科技识别] 标题是否科技相关: 否
      [SKIP] 标题非科技相关，不进入详情爬取

  [13/40] 标题: 交通银行吉林分行滨江支行新址装修及消防项目施工许可电子证
      [科技识别] 标题是否科技相关: 否
      [SKIP] 标题非科技相关，不进入详情爬取

  [14/40] 标题: 淳安千岛湖始新生态茶叶有限公司银行账户开户服务采购项目招标公告（非政府采购）
      [科技识别] 标题是否科技相关: 否
      [SKIP] 标题非科技相关，不进入详情爬取

  [15/40] 标题: 浙江省成套工程有限公司关于中国光大银行股份有限公司台州支行新址装修项目-广告的中标结果公告
      [科技识别] 标题是否科技相关: 否
      [SKIP] 标题非科技相关，不进入详情爬取

  [16/40] 标题: 浙江省成套工程有限公司关于中国光大银行股份有限公司台州支行新址装修项目-家具的中标结果公告
      [科技识别] 标题是否科技相关: 否
      [SKIP] 标题非科技相关，不进入详情爬取

  [17/40] 标题: 淳安千岛湖松崖生态茶叶有限公司银行账户开户服务采购项目招标公告（非政府采购）
      [科技识别] 标题是否科技相关: 否
      [SKIP] 标题非科技相关，不进入详情爬取

  [18/40] 标题: 广发银行股份有限公司焦作分行安保外包服务采购项目-结果公示
      [科技识别] 标题是否科技相关: 否
      [SKIP] 标题非科技相关，不进入详情爬取

  [19/40] 标题: 兰州银行股份有限公司永登支行名下位于兰州市永登县城关镇团结街盛世名都”3号楼1单元2层00…
      [科技识别] 标题是否科技相关: 否
      [SKIP] 标题非科技相关，不进入详情爬取

  [20/40] 标题: 西宁农商银行宣传品采购项目变更公告
      [科技识别] 标题是否科技相关: 否
      [SKIP] 标题非科技相关，不进入详情爬取

  [21/40] 标题: 江西省世界银行贷款预防准备和应对新发传染病项目--景德镇市疾病预防控制中心信息化系统采购合…
      [科技识别] 标题是否科技相关: 是
      [过滤-排除词] 未命中，通过
      [过滤-关键词] 包含「银行」，通过
      [OK] 通过全部筛选，进入详情爬取
    [已保存] output\2026-03-31\银行\中标结果_江西省世界银行贷款预防准备和应对新发传染病项目--景德镇市疾病预防控制中心信息化系统采购合同授予公示（招标编号：TC249XQRA）_070304.json

  [22/40] 标题: 2026-2028年宁波银行深圳分行保安外包服务项目
      [科技识别] 标题是否科技相关: 否
      [SKIP] 标题非科技相关，不进入详情爬取

  [23/40] 标题: 建设工程消防验收备案(县级权限）(新设）-中国建设银行股份有限公司晋中寿阳北大街支行装修改…
      [科技识别] 标题是否科技相关: 否
      [SKIP] 标题非科技相关，不进入详情爬取

  [24/40] 标题: 中国银行股份有限公司松阳支行2026-2028年食堂食材采购项目中标（成交）通知书
      [科技识别] 标题是否科技相关: 否
      [SKIP] 标题非科技相关，不进入详情爬取

  [25/40] 标题: 中信银行长春分行2026-2028年度保安外包服务采购项目招标公告
      [科技识别] 标题是否科技相关: 否
      [SKIP] 标题非科技相关，不进入详情爬取

  [26/40] 标题: 中银富登村镇银行股份有限公司数据库快速恢复工具项目招标公告
      [科技识别] 标题是否科技相关: 是
      [过滤-排除词] 未命中，通过
      [过滤-关键词] 包含「银行」，通过
      [OK] 通过全部筛选，进入详情爬取
    [已保存] output\2026-03-31\银行\招标公告_中银富登村镇银行股份有限公司数据库快速恢复工具项目招标公告.json

  [27/40] 标题: 交通银行山东省分行2026-2028年全辖线路、5G网卡及短信租用项目单一来源结果公告
      [科技识别] 标题是否科技相关: 否
      [SKIP] 标题非科技相关，不进入详情爬取

  [28/40] 标题: 内蒙古农村商业银行股份有限公司正蓝旗支行关于正蓝旗上都镇乃日音希热Ⅲ区415-9号厂房的公…
      [科技识别] 标题是否科技相关: 否
      [SKIP] 标题非科技相关，不进入详情爬取

  [29/40] 标题: 南充农村商业银行股份有限公司关于南部县蜀北街道办事处幸福路颂香府邸（幸福花园二期）D15幢…
      [科技识别] 标题是否科技相关: 否
      [SKIP] 标题非科技相关，不进入详情爬取

  [30/40] 标题: 内蒙古农村商业银行股份有限公司正蓝旗支行关于正蓝旗上都镇上都明珠小区4#106-206铺的…
      [科技识别] 标题是否科技相关: 否
      [SKIP] 标题非科技相关，不进入详情爬取

  [31/40] 标题: 南充农村商业银行股份有限公司关于对成都市武侯区沙堰西二街121号3层302号（现金雁街12…
      [科技识别] 标题是否科技相关: 否
      [SKIP] 标题非科技相关，不进入详情爬取

  [32/40] 标题: 南充农村商业银行股份有限公司关于营山县朗池镇复兴桥路圣桦城6A幢2层3号的公告(第一次)
      [科技识别] 标题是否科技相关: 否
      [SKIP] 标题非科技相关，不进入详情爬取

  [33/40] 标题: 连云港东方农村商业银行股份有限公司关于开发区新港城大道88号西湾锦城B5号楼103室拍卖的…
      [科技识别] 标题是否科技相关: 否
      [SKIP] 标题非科技相关，不进入详情爬取

  [34/40] 标题: 南充农村商业银行股份有限公司关于对营山县朗池镇会展中心6幢1层2号（现文星街100号右4间…
      [科技识别] 标题是否科技相关: 否
      [SKIP] 标题非科技相关，不进入详情爬取

  [35/40] 标题: 连云港东方农村商业银行股份有限公司关于二、海州区苍梧路6号龙河大厦二期工程707室商用房的…
      [科技识别] 标题是否科技相关: 否
      [SKIP] 标题非科技相关，不进入详情爬取

  [36/40] 标题: 内蒙古农村商业银行股份有限公司呼伦贝尔海拉尔区支行关于呼伦贝尔经济开发区仁和街仁和小区3-…
      [科技识别] 标题是否科技相关: 否
      [SKIP] 标题非科技相关，不进入详情爬取

  [37/40] 标题: 内蒙古农村商业银行股份有限公司正蓝旗支行关于正蓝旗上都镇乃日音希热Ⅲ区415-17号厂房的…
      [科技识别] 标题是否科技相关: 否
      [SKIP] 标题非科技相关，不进入详情爬取

  [38/40] 标题: 内蒙古农村商业银行股份有限公司正蓝旗支行关于正蓝旗上都镇乃日音希热Ⅲ区415-13号厂房的…
      [科技识别] 标题是否科技相关: 否
      [SKIP] 标题非科技相关，不进入详情爬取

  [39/40] 标题: 内蒙古农村商业银行股份有限公司呼伦贝尔海拉尔区支行关于呼伦贝尔经济开发区仁和街仁和小区3-…
      [科技识别] 标题是否科技相关: 否
      [SKIP] 标题非科技相关，不进入详情爬取

  [40/40] 标题: 南充农村商业银行股份有限公司关于南部县蜀北街道办事处新安路569号君临天下1幢2-1-1号…
      [科技识别] 标题是否科技相关: 否
      [SKIP] 标题非科技相关，不进入详情爬取

  [第 12 页]
  [DEBUG] 已检测到「条信息」，按整页详情链接解析
      [WARN] 未找到 .ssjg-leixing，info_type 将记为采招信息
  本页找到 40 条结果

  [1/40] 标题: 南充农村商业银行股份有限公司关于南部县蜀北街道办事处建材街50号自建房7-2号的公告(第一…
      [科技识别] 标题是否科技相关: 否
      [SKIP] 标题非科技相关，不进入详情爬取

  [2/40] 标题: 南充农村商业银行股份有限公司关于南部县蜀北街道办事处大垭小区4-1号的公告(第一次)
      [科技识别] 标题是否科技相关: 否
      [SKIP] 标题非科技相关，不进入详情爬取

  [3/40] 标题: 内蒙古农村商业银行股份有限公司呼伦贝尔海拉尔区支行关于呼伦贝尔经济开发区仁和街仁和小区3-…
      [科技识别] 标题是否科技相关: 否
      [SKIP] 标题非科技相关，不进入详情爬取

  [4/40] 标题: 南充农村商业银行股份有限公司关于营山县一环路北二段136号圣桦城7幢1层7号的公告(第一次…
      [科技识别] 标题是否科技相关: 否
      [SKIP] 标题非科技相关，不进入详情爬取

  [5/40] 标题: 南充农村商业银行股份有限公司关于营山县一环路北二段136号圣桦城7幢1层6号的公告(第一次…
      [科技识别] 标题是否科技相关: 否
      [SKIP] 标题非科技相关，不进入详情爬取

  [6/40] 标题: 连云港东方农村商业银行股份有限公司关于连云区海棠北路217号龙门山庄48栋102室拍卖的公…
      [科技识别] 标题是否科技相关: 否
      [SKIP] 标题非科技相关，不进入详情爬取

  [7/40] 标题: 河南农村商业银行股份有限公司汝州支行代保管及押运款箱项目-废标公告
      [科技识别] 标题是否科技相关: 否
      [SKIP] 标题非科技相关，不进入详情爬取

  [8/40] 标题: 江西国政招标咨询有限公司关于江西银行南昌八一支行2026年职工食堂食材及食堂用品配送采购项…
      [科技识别] 标题是否科技相关: 否
      [SKIP] 标题非科技相关，不进入详情爬取

  [9/40] 标题: 安徽无为农村商业银行股份有限公司石涧支行安防监控系统集成项目招标公告
      [科技识别] 标题是否科技相关: 是
      [过滤-排除词] 未命中，通过
      [过滤-关键词] 包含「银行」，通过
      [OK] 通过全部筛选，进入详情爬取
    [已保存] output\2026-03-31\银行\招标公告_安徽无为农村商业银行股份有限公司石涧支行安防监控系统集成项目招标公告.json

  [10/40] 标题: 中国邮政储蓄银行北京IDC机房裸光纤线路租赁服务招标项目招标公告
      [科技识别] 标题是否科技相关: 是
      [过滤-排除词] 未命中，通过
      [过滤-关键词] 包含「银行」，通过
      [OK] 通过全部筛选，进入详情爬取
    [已保存] output\2026-03-31\银行\招标公告_中国邮政储蓄银行北京IDC机房裸光纤线路租赁服务招标项目招标公告.json

  [11/40] 标题: 安徽无为农村商业银行股份有限公司襄安支行安防监控系统集成项目招标公告
      [科技识别] 标题是否科技相关: 是
      [过滤-排除词] 未命中，通过
      [过滤-关键词] 包含「银行」，通过
      [OK] 通过全部筛选，进入详情爬取
    [已保存] output\2026-03-31\银行\招标公告_安徽无为农村商业银行股份有限公司襄安支行安防监控系统集成项目招标公告.json

  [12/40] 标题: 河南农村商业银行股份有限公司济源中心支行电子耗材供应商入围采购项目入围结果公告
      [科技识别] 标题是否科技相关: 否
      [SKIP] 标题非科技相关，不进入详情爬取

  [13/40] 标题: 安徽无为农村商业银行股份有限公司襄安、福渡、陡沟、蜀山、石涧、十字街支行110联网报警系统…
      [科技识别] 标题是否科技相关: 否
      [SKIP] 标题非科技相关，不进入详情爬取

  [14/40] 标题: 中国银行股份有限公司抚顺分行食堂物业服务(2026-2027)项目采购项目结果公示
      [科技识别] 标题是否科技相关: 否
      [SKIP] 标题非科技相关，不进入详情爬取

  [15/40] 标题: 安徽无为农村商业银行股份有限公司蜀山支行安防监控系统集成项目招标公告
      [科技识别] 标题是否科技相关: 是
      [过滤-排除词] 未命中，通过
      [过滤-关键词] 包含「银行」，通过
      [OK] 通过全部筛选，进入详情爬取
    [已保存] output\2026-03-31\银行\招标公告_安徽无为农村商业银行股份有限公司蜀山支行安防监控系统集成项目招标公告.json

  [16/40] 标题: 中国邮政储蓄银行股份有限公司深圳分行2026-2027年度消防、防暴等器材及物资项目中标候…
      [科技识别] 标题是否科技相关: 否
      [SKIP] 标题非科技相关，不进入详情爬取

  [17/40] 标题: 中国邮政储蓄银行股份有限公司江门市分行台山支行保安服务项目流标公告
      [科技识别] 标题是否科技相关: 否
      [SKIP] 标题非科技相关，不进入详情爬取

  [18/40] 标题: 安徽无为农村商业银行股份有限公司福渡支行安防监控系统集成项目招标公告
      [科技识别] 标题是否科技相关: 是
      [过滤-排除词] 未命中，通过
      [过滤-关键词] 包含「银行」，通过
      [OK] 通过全部筛选，进入详情爬取
    [已保存] output\2026-03-31\银行\招标公告_安徽无为农村商业银行股份有限公司福渡支行安防监控系统集成项目招标公告.json

  [19/40] 标题: 安徽无为农村商业银行股份有限公司陡沟支行安防监控系统集成项目招标公告
      [科技识别] 标题是否科技相关: 是
      [过滤-排除词] 未命中，通过
      [过滤-关键词] 包含「银行」，通过
      [OK] 通过全部筛选，进入详情爬取
    [已保存] output\2026-03-31\银行\招标公告_安徽无为农村商业银行股份有限公司陡沟支行安防监控系统集成项目招标公告.json

  [20/40] 标题: 安徽无为农村商业银行股份有限公司十字街支行安防监控系统集成项目招标公告
      [科技识别] 标题是否科技相关: 是
      [过滤-排除词] 未命中，通过
      [过滤-关键词] 包含「银行」，通过
      [OK] 通过全部筛选，进入详情爬取
    [已保存] output\2026-03-31\银行\招标公告_安徽无为农村商业银行股份有限公司十字街支行安防监控系统集成项目招标公告.json

  [21/40] 标题: 江西国政招标咨询有限公司关于江西银行南昌洪城支行后勤服务外包采购项目（采购编号：JXGZ2…
      [科技识别] 标题是否科技相关: 否
      [SKIP] 标题非科技相关，不进入详情爬取

  [22/40] 标题: 威海银行股份有限公司总行部室、分支行电子设备采购（标段八）中标结果公示
      [科技识别] 标题是否科技相关: 否
      [SKIP] 标题非科技相关，不进入详情爬取

  [23/40] 标题: 东莞银行总行食堂管理服务项目采购公告
      [科技识别] 标题是否科技相关: 否
      [SKIP] 标题非科技相关，不进入详情爬取

  [24/40] 标题: 威海银行股份有限公司总行部室、分支行电子设备采购（标段八）中标结果公示
      [科技识别] 标题是否科技相关: 否
      [SKIP] 标题非科技相关，不进入详情爬取

  [25/40] 标题: 中国邮政储蓄银行股份有限公司运城市分行运城市盐湖区道闸广告投放服务采购项目(竞争性磋商)谈…
      [科技识别] 标题是否科技相关: 否
      [SKIP] 标题非科技相关，不进入详情爬取

  [26/40] 标题: 厦门国际银行股份有限公司北京分行及辖内机构2026年营业办公场所保洁服务（分行）中标结果公…
      [科技识别] 标题是否科技相关: 否
      [SKIP] 标题非科技相关，不进入详情爬取

  [27/40] 标题: 厦门国际银行股份有限公司北京分行及辖内机构2026年营业办公场所保洁服务（支行）中标结果公…
      [科技识别] 标题是否科技相关: 否
      [SKIP] 标题非科技相关，不进入详情爬取

  [28/40] 标题: 张家口银行股份有限公司机构洗钱风险自评估项目中标候选人公示
      [科技识别] 标题是否科技相关: 否
      [SKIP] 标题非科技相关，不进入详情爬取

  [29/40] 标题: 北京银行上海分行2026年3月至8月江滨路99号物业服务项目中标结果公告
      [科技识别] 标题是否科技相关: 否
      [SKIP] 标题非科技相关，不进入详情爬取

  [30/40] 标题: 张家口银行股份有限公司机构洗钱风险自评估项目开标记录
      [科技识别] 标题是否科技相关: 否
      [SKIP] 标题非科技相关，不进入详情爬取

  [31/40] 标题: 中国建设银行股份有限公司山西省分行普惠零售逾期贷款委外催收外包项目招标公告
      [科技识别] 标题是否科技相关: 否
      [SKIP] 标题非科技相关，不进入详情爬取

  [32/40] 标题: 【招标公告】上杭农商银行安防设备监控报警系统维保服务项目
      [科技识别] 标题是否科技相关: 是
      [过滤-排除词] 未命中，通过
      [过滤-关键词] 包含「银行」，通过
      [OK] 通过全部筛选，进入详情爬取
    [已保存] output\2026-03-31\银行\招标公告_【招标公告】上杭农商银行安防设备监控报警系统维保服务项目_070929.json

  [33/40] 标题: 中国银行股份有限公司宁德分行2026年办公及营销用茶采购项目采购失败公告
      [科技识别] 标题是否科技相关: 否
      [SKIP] 标题非科技相关，不进入详情爬取

  [34/40] 标题: 中国银行股份有限公司莆田分行全辖车辆维修项目采购结果更正公告
      [科技识别] 标题是否科技相关: 否
      [SKIP] 标题非科技相关，不进入详情爬取

  [35/40] 标题: 中国人民银行包头市分行2026-2028年物业综合服务项目竞争性磋商公告
      [科技识别] 标题是否科技相关: 否
      [SKIP] 标题非科技相关，不进入详情爬取

  [36/40] 标题: 哈尔滨银行沈阳铁西支行搬运服务项目
      [科技识别] 标题是否科技相关: 否
      [SKIP] 标题非科技相关，不进入详情爬取

  [37/40] 标题: 资阳农商银行专项法律服务入库律所采购项目中标公告
      [科技识别] 标题是否科技相关: 否
      [SKIP] 标题非科技相关，不进入详情爬取

  [38/40] 标题: 【广水市中心】广水市农业发展银行、阳光小区B区等16个老旧小区改造项目（二期）施工图设计及…
      [科技识别] 标题是否科技相关: 否
      [SKIP] 标题非科技相关，不进入详情爬取

  [39/40] 标题: 上海银行“云证书”及在线签约业务相关证书服务采购项目终止公告
      [科技识别] 标题是否科技相关: 否
      [SKIP] 标题非科技相关，不进入详情爬取

  [40/40] 标题: 中国建设银行金融科创中心项目施工总承包工程项目基坑监测及沉降观测工程劳务采购采购公告
      [科技识别] 标题是否科技相关: 否
      [SKIP] 标题非科技相关，不进入详情爬取

  [第 13 页]
  [DEBUG] 已检测到「条信息」，按整页详情链接解析
      [WARN] 未找到 .ssjg-leixing，info_type 将记为采招信息
  本页找到 40 条结果

  [1/40] 标题: 兴业银行济宁分行关于2026年度至2027年度保安服务外包项目结果公告
      [科技识别] 标题是否科技相关: 否
      [SKIP] 标题非科技相关，不进入详情爬取

  [2/40] 标题: 温州开放大学温州老年大学华龄学院2026年学分银行积分兑换奖品采购项目竞价公告-62026…
      [科技识别] 标题是否科技相关: 否
      [SKIP] 标题非科技相关，不进入详情爬取

  [3/40] 标题: 温州开放大学温州老年大学华龄学院2026年学分银行积分兑换奖品采购项目竞价公告-62026…
      [科技识别] 标题是否科技相关: 否
      [SKIP] 标题非科技相关，不进入详情爬取

  [4/40] 标题: 山东第一医科大学（山东省医学科学院）校（院）工会基本银行账户采购项目废标公告
      [科技识别] 标题是否科技相关: 否
      [SKIP] 标题非科技相关，不进入详情爬取

  [5/40] 标题: 六安农商银行不良债权委外清收机构供应商入围项目入围结果公告
      [科技识别] 标题是否科技相关: 否
      [SKIP] 标题非科技相关，不进入详情爬取

  [6/40] 标题: 龙江银行新一代票据系统五篇大文章票据标识功能改造项目-单一来源采购公告
      [科技识别] 标题是否科技相关: 否
      [SKIP] 标题非科技相关，不进入详情爬取

  [7/40] 标题: 青岛银行补充医疗（健康委托管理基金）项目中标结果公示-中标结果公告
      [科技识别] 标题是否科技相关: 否
      [SKIP] 标题非科技相关，不进入详情爬取

  [8/40] 标题: 出具广东化州农村商业银行股份有限公司位于化州市平定镇建设路126.9平方米商业用地出让市场…
      [科技识别] 标题是否科技相关: 否
      [SKIP] 标题非科技相关，不进入详情爬取

  [9/40] 标题: 出具广东化州农村商业银行股份有限公司位于化州市平定镇建设路126.9平方米商业用地出让市场…
      [科技识别] 标题是否科技相关: 否
      [SKIP] 标题非科技相关，不进入详情爬取

  [10/40] 标题: 出具广东化州农村商业银行股份有限公司位于化州市播扬镇幸福路126号459.28平方米商住用…
      [科技识别] 标题是否科技相关: 否
      [SKIP] 标题非科技相关，不进入详情爬取

  [11/40] 标题: 出具广东化州农村商业银行股份有限公司位于化州市平定镇新兴路路112.8平方米商业用地出让市…
      [科技识别] 标题是否科技相关: 否
      [SKIP] 标题非科技相关，不进入详情爬取

  [12/40] 标题: 出具广东化州农村商业银行股份有限公司位于化州市平定镇新兴路路112.8平方米商业用地出让市…
      [科技识别] 标题是否科技相关: 否
      [SKIP] 标题非科技相关，不进入详情爬取

  [13/40] 标题: 兴业银行济宁分行关于2026年度至2027年度保安服务外包项目中标结果公示
      [科技识别] 标题是否科技相关: 否
      [SKIP] 标题非科技相关，不进入详情爬取

  [14/40] 标题: 中国人民银行湖北省分行武昌办公区配电室1号变压器维修改造项目竞争性磋商
      [科技识别] 标题是否科技相关: 否
      [SKIP] 标题非科技相关，不进入详情爬取

  [15/40] 标题: 长沙分行“广发银行长沙分行湖南社保卡便携式制卡设备采购项目”的采购公告
      [科技识别] 标题是否科技相关: 否
      [SKIP] 标题非科技相关，不进入详情爬取

  [16/40] 标题: 上海浦东发展银行股份有限公司济南分行收单业务外包服务项目招标公告-YGCG-2026-07…
      [科技识别] 标题是否科技相关: 否
      [SKIP] 标题非科技相关，不进入详情爬取

  [17/40] 标题: 兰州银行股份有限公司陇南分行关于陇南市武都区城关镇北山西路康居大厦住宅楼472号公开竞价活…
      [科技识别] 标题是否科技相关: 否
      [SKIP] 标题非科技相关，不进入详情爬取

  [18/40] 标题: 中国建设银行广东省分行佛山分行零售条线（水果）项目采购项目供应商市场调研公告
      [科技识别] 标题是否科技相关: 否
      [SKIP] 标题非科技相关，不进入详情爬取

  [19/40] 标题: 湖南银行短信通道项目招标公告
      [科技识别] 标题是否科技相关: 否
      [SKIP] 标题非科技相关，不进入详情爬取

  [20/40] 标题: 中国建设银行广东省分行私人银行2026年重点客户专项活动采购项目供应商公开征集
      [科技识别] 标题是否科技相关: 否
      [SKIP] 标题非科技相关，不进入详情爬取

  [21/40] 标题: 湖南银行邵阳分行邵阳市城区公交车身广告项目的单一来源采购公示
      [科技识别] 标题是否科技相关: 否
      [SKIP] 标题非科技相关，不进入详情爬取

  [22/40] 标题: 中国建设银行盐城分行关于江苏医药职业学院“智慧校园”终端防护中心及防毒墙采购项目市场调研公…
      [科技识别] 标题是否科技相关: 否
      [SKIP] 标题非科技相关，不进入详情爬取

  [23/40] 标题: 湖南银行邵阳分行集中采购耗材项目中标候选人公示
      [科技识别] 标题是否科技相关: 否
      [SKIP] 标题非科技相关，不进入详情爬取

  [24/40] 标题: 中国建设银行内蒙古自治区分行中国建设银行内蒙古分行准格尔、巴彦淖尔分行保安外包服务采购项目…
      [科技识别] 标题是否科技相关: 否
      [SKIP] 标题非科技相关，不进入详情爬取

  [25/40] 标题: 中国建设银行股份有限公司厦门市分行2026年厦门弘爱医院“移动医保支付升级改造、诊间结算升…
      [科技识别] 标题是否科技相关: 否
      [SKIP] 标题非科技相关，不进入详情爬取

  [26/40] 标题: 兰州银行股份有限公司营业部依法持有的位于广东省汕头市龙湖区华新村3片3号地块公开竞价公告
      [科技识别] 标题是否科技相关: 否
      [SKIP] 标题非科技相关，不进入详情爬取

  [27/40] 标题: 兰州银行股份有限公司中山支行名下位于临夏市环城西路33号英丰佳园5栋负一层5002号商铺公…
      [科技识别] 标题是否科技相关: 否
      [SKIP] 标题非科技相关，不进入详情爬取

  [28/40] 标题: 中国建设银行广东省分行佛山市分行中高端客户增值/品质服务活动项目供应商市场调研公告
      [科技识别] 标题是否科技相关: 否
      [SKIP] 标题非科技相关，不进入详情爬取

  [29/40] 标题: 湖南银行邵阳分行邵东市高铁站广场LED电子屏广告项目的单一来源采购公示
      [科技识别] 标题是否科技相关: 否
      [SKIP] 标题非科技相关，不进入详情爬取

  [30/40] 标题: 赣州永正工程造价咨询有限公司关于赣州银行股份有限公司赣州银行南昌分行营业场所保安服务、监控…
      [科技识别] 标题是否科技相关: 否
      [SKIP] 标题非科技相关，不进入详情爬取

  [31/40] 标题: 中国银行股份有限公司云南省分行个人金融线下营销宣传活动选型入围项目招标公告
      [科技识别] 标题是否科技相关: 否
      [SKIP] 标题非科技相关，不进入详情爬取

  [32/40] 标题: 中国银行股份有限公司厦门市分行2026-2029年度普通授信类（含对公、对私）清收和简单小…
      [科技识别] 标题是否科技相关: 否
      [SKIP] 标题非科技相关，不进入详情爬取

  [33/40] 标题: 玉田县民兵训练基地基本户、零余额账户银行选定项目中选人公示
      [科技识别] 标题是否科技相关: 否
      [SKIP] 标题非科技相关，不进入详情爬取

  [34/40] 标题: 中国银行吉林省分行长春地区营业网点和离行自助设备110报警服务费用采购项目结果公告
      [科技识别] 标题是否科技相关: 否
      [SKIP] 标题非科技相关，不进入详情爬取

  [35/40] 标题: 中国银行股份有限公司江西省分行2026年易地交流任职人员用房消防改造及装饰工程电梯项目竞争…
      [科技识别] 标题是否科技相关: 否
      [SKIP] 标题非科技相关，不进入详情爬取

  [36/40] 标题: 中国银行大连市分行大连医科大学一卡通系统建设项目结果公告
      [科技识别] 标题是否科技相关: 是
      [过滤-排除词] 未命中，通过
      [过滤-关键词] 包含「银行」，通过
      [OK] 通过全部筛选，进入详情爬取
    [已保存] output\2026-03-31\银行\中标结果_中国银行大连市分行大连医科大学一卡通系统建设项目结果公告.json

  [37/40] 标题: 徽商银行关于芜湖分行委托招标评估公司协议供货制采购项目招标公告
      [科技识别] 标题是否科技相关: 否
      [SKIP] 标题非科技相关，不进入详情爬取

  [38/40] 标题: 姜帅中国人民银行江苏省分行关于硒鼓的网上商城采购项目成交公告-23611010000276…
      [科技识别] 标题是否科技相关: 否
      [SKIP] 标题非科技相关，不进入详情爬取

  [39/40] 标题: 出具广东化州农村商业银行股份有限公司位于化州市播扬镇幸福路126号459.28平方米商住用…
      [科技识别] 标题是否科技相关: 否
      [SKIP] 标题非科技相关，不进入详情爬取

  [40/40] 标题: 中国建设银行菏泽分行本部保洁服务外购项目招标公告
      [科技识别] 标题是否科技相关: 否
      [SKIP] 标题非科技相关，不进入详情爬取

  [第 14 页]
  [DEBUG] 已检测到「条信息」，按整页详情链接解析
      [WARN] 未找到 .ssjg-leixing，info_type 将记为采招信息
  本页找到 40 条结果

  [1/40] 标题: 建设银行济宁分行邹城支行业务经营用房修缮改造项目中标公告
      [科技识别] 标题是否科技相关: 否
      [SKIP] 标题非科技相关，不进入详情爬取

  [2/40] 标题: 张家口银行股份有限公司机构洗钱风险自评估项目中标候选人公示
      [科技识别] 标题是否科技相关: 否
      [SKIP] 标题非科技相关，不进入详情爬取

  [3/40] 标题: 中国农业发展银行青海省分行营业办公用房外立面安全性维修改造项目工程标段一
      [科技识别] 标题是否科技相关: 否
      [SKIP] 标题非科技相关，不进入详情爬取

  [4/40] 标题: 中国工商银行驻马店分行本部及县域支行、部分城区支行职工食堂餐饮服务采购项目中标结果公示
      [科技识别] 标题是否科技相关: 否
      [SKIP] 标题非科技相关，不进入详情爬取

  [5/40] 标题: 兴业银行海口分行2026-2027年度全辖保安服务项目-公开招标公告
      [科技识别] 标题是否科技相关: 否
      [SKIP] 标题非科技相关，不进入详情爬取

  [6/40] 标题: 兴业银行海口分行2026-2027年分行本部及海口同城保洁及水电维护项目-公开招标公告
      [科技识别] 标题是否科技相关: 否
      [SKIP] 标题非科技相关，不进入详情爬取

  [7/40] 标题: 中国工商银行股份有限公司北京市分行不动产登记自助设备项目招标公告
      [科技识别] 标题是否科技相关: 否
      [SKIP] 标题非科技相关，不进入详情爬取

  [8/40] 标题: 中国银行股份有限公司总行部分办公区（总行大厦、上地、海鹰）柴油发电机组维保服务（二次）采购…
      [科技识别] 标题是否科技相关: 否
      [SKIP] 标题非科技相关，不进入详情爬取

  [9/40] 标题: 中国建设银行股份有限公司全行平板电脑项目供应市场调研公告
      [科技识别] 标题是否科技相关: 否
      [SKIP] 标题非科技相关，不进入详情爬取

  [10/40] 标题: 国家开发银行现代化基础设施统计标准体系研究供应商征集公告
      [科技识别] 标题是否科技相关: 否
      [SKIP] 标题非科技相关，不进入详情爬取

  [11/40] 标题: 2026年江西银行南昌红谷滩支行后勤服务外包项目
      [科技识别] 标题是否科技相关: 否
      [SKIP] 标题非科技相关，不进入详情爬取

  [12/40] 标题: 中国银行股份有限公司西安芙蓉西路支行营业用房装修项目消防工程竞争性磋商公告
      [科技识别] 标题是否科技相关: 否
      [SKIP] 标题非科技相关，不进入详情爬取

  [13/40] 标题: 中国银行股份有限公司西安芙蓉西路支行营业用房装修项目综合布线工程竞争性磋商公告
      [科技识别] 标题是否科技相关: 否
      [SKIP] 标题非科技相关，不进入详情爬取

  [14/40] 标题: 北京银行企业级押品管理系统采购项目成交公告
      [科技识别] 标题是否科技相关: 否
      [SKIP] 标题非科技相关，不进入详情爬取

  [15/40] 标题: 中国银行股份有限公司德州分行2026年监控中心值机外包项目成交结果公告
      [科技识别] 标题是否科技相关: 否
      [SKIP] 标题非科技相关，不进入详情爬取

  [16/40] 标题: 1内蒙古农村商业银行股份有限公司阿巴嘎旗支行关于内蒙古自治区阿巴嘎旗别力古台镇瑞新源农贸一…
      [科技识别] 标题是否科技相关: 否
      [SKIP] 标题非科技相关，不进入详情爬取

  [17/40] 标题: 中国邮政储蓄银行股份有限公司荆门市分行业务库值守服务项目（第2次招标）公开招标公告
      [科技识别] 标题是否科技相关: 否
      [SKIP] 标题非科技相关，不进入详情爬取

  [18/40] 标题: 1内蒙古农村商业银行股份有限公司阿巴嘎旗支行关于内蒙古自治区阿巴嘎旗别力古台镇瑞新源农贸一…
      [科技识别] 标题是否科技相关: 否
      [SKIP] 标题非科技相关，不进入详情爬取

  [19/40] 标题: 中国邮政储蓄银行中国邮政储蓄银行呼伦贝尔市分行与呼伦贝尔学院信息化系统合作维护服务采购项目…
      [科技识别] 标题是否科技相关: 否
      [SKIP] 标题非科技相关，不进入详情爬取

  [20/40] 标题: 杭州文化产权交易所关于江西宁都农村商业银行个人股权20万股公开竞价的公告(第一次)
      [科技识别] 标题是否科技相关: 否
      [SKIP] 标题非科技相关，不进入详情爬取

  [21/40] 标题: 南充农村商业银行股份有限公司关于营山县一环路北二段136号圣桦城3幢3层16号的公告(第一…
      [科技识别] 标题是否科技相关: 否
      [SKIP] 标题非科技相关，不进入详情爬取

  [22/40] 标题: 南充农村商业银行股份有限公司关于南部县蜀北街道办事处建材街50号自建房6-2号的公告(第一…
      [科技识别] 标题是否科技相关: 否
      [SKIP] 标题非科技相关，不进入详情爬取

  [23/40] 标题: 中国邮政储蓄银行股份有限公司湖南省分行益阳、株洲市分行2026-2029年营业网点保安值守…
      [科技识别] 标题是否科技相关: 否
      [SKIP] 标题非科技相关，不进入详情爬取

  [24/40] 标题: 连云港东方农村商业银行股份有限公司关于灌云县伊山镇胜利中路北侧商用商拍卖的公告(再次)
      [科技识别] 标题是否科技相关: 否
      [SKIP] 标题非科技相关，不进入详情爬取

  [25/40] 标题: 1内蒙古农村商业银行股份有限公司阿巴嘎旗支行关于内蒙古自治区阿巴嘎旗别力古台镇瑞新源农贸一…
      [科技识别] 标题是否科技相关: 否
      [SKIP] 标题非科技相关，不进入详情爬取

  [26/40] 标题: 四川银行权益商城积分兑换采购项目（包件1）成交结果公告
      [科技识别] 标题是否科技相关: 否
      [SKIP] 标题非科技相关，不进入详情爬取

  [27/40] 标题: 乌海银行美团平台逾期借款清收机构选聘项目中标结果公告
      [科技识别] 标题是否科技相关: 是
      [过滤-排除词] 未命中，通过
      [过滤-关键词] 包含「银行」，通过
      [OK] 通过全部筛选，进入详情爬取
    [已保存] output\2026-03-31\银行\中标结果_乌海银行美团平台逾期借款清收机构选聘项目中标结果公告.json

  [28/40] 标题: 关于公布2026年度绍兴市市级财政专户资金竞争性存放参与银行团成员名单的通知
      [科技识别] 标题是否科技相关: 否
      [SKIP] 标题非科技相关，不进入详情爬取

  [29/40] 标题: 山西临县农村商业银行股份有限公司办公家具框架协议采购项目(001标段)采购公告
      [科技识别] 标题是否科技相关: 否
      [SKIP] 标题非科技相关，不进入详情爬取

  [30/40] 标题: 兖州农商银行2026年度职工体检项目的成交结果公示
      [科技识别] 标题是否科技相关: 否
      [SKIP] 标题非科技相关，不进入详情爬取

  [31/40] 标题: 山西兴县农村商业银行股份有限公司2026年零星维修服务项目(001标段)框架协议采购成交候…
      [科技识别] 标题是否科技相关: 否
      [SKIP] 标题非科技相关，不进入详情爬取

  [32/40] 标题: 山东龙口农村商业银行股份有限公司保洁服务采购项目谈判采购公告
      [科技识别] 标题是否科技相关: 否
      [SKIP] 标题非科技相关，不进入详情爬取

  [33/40] 标题: 中国人民银行衡阳市分行2026年3至4月政府采购意向-中国人民银行衡阳市分行扫描仪采购项目…
      [科技识别] 标题是否科技相关: 否
      [SKIP] 标题非科技相关，不进入详情爬取

  [34/40] 标题: 1内蒙古农村商业银行股份有限公司阿巴嘎旗支行关于内蒙古自治区阿巴嘎旗别力古台镇瑞新源农贸一…
      [科技识别] 标题是否科技相关: 否
      [SKIP] 标题非科技相关，不进入详情爬取

  [35/40] 标题: 安徽成德恒信拍卖有限公司：安徽五河农村商业银行股份有限公司抵债房产拍卖公告
      [科技识别] 标题是否科技相关: 否
      [SKIP] 标题非科技相关，不进入详情爬取

  [36/40] 标题: 1内蒙古农村商业银行股份有限公司阿巴嘎旗支行关于内蒙古自治区阿巴嘎旗别力古台镇瑞新源农贸一…
      [科技识别] 标题是否科技相关: 否
      [SKIP] 标题非科技相关，不进入详情爬取

  [37/40] 标题: 1内蒙古农村商业银行股份有限公司阿巴嘎旗支行关于阿巴嘎旗别力古台镇汉贝东街罕乌拉小区5#1…
      [科技识别] 标题是否科技相关: 否
      [SKIP] 标题非科技相关，不进入详情爬取

  [38/40] 标题: 1内蒙古农村商业银行股份有限公司阿巴嘎旗支行关于阿巴嘎旗别力古台镇汉贝东街罕乌拉小区8处抵…
      [科技识别] 标题是否科技相关: 否
      [SKIP] 标题非科技相关，不进入详情爬取

  [39/40] 标题: 齐鲁银行Web应用防火墙项目POC测试供应商征集公告
      [科技识别] 标题是否科技相关: 是
      [过滤-排除词] 未命中，通过
      [过滤-关键词] 包含「银行」，通过
      [OK] 通过全部筛选，进入详情爬取
    [已保存] output\2026-03-31\银行\招标公告_齐鲁银行Web应用防火墙项目POC测试供应商征集公告.json

  [40/40] 标题: 1内蒙古农村商业银行股份有限公司阿巴嘎旗支行关于内蒙古自治区阿巴嘎旗别力古台镇瑞新源农贸一…
      [科技识别] 标题是否科技相关: 否
      [SKIP] 标题非科技相关，不进入详情爬取

  [第 15 页]
  [DEBUG] 已检测到「条信息」，按整页详情链接解析
      [WARN] 未找到 .ssjg-leixing，info_type 将记为采招信息
  本页找到 40 条结果

  [1/40] 标题: 南充农村商业银行股份有限公司关于营山县朗池镇复兴路388号圣桦城购物中心1幢3层5号的公告…
      [科技识别] 标题是否科技相关: 否
      [SKIP] 标题非科技相关，不进入详情爬取

  [2/40] 标题: 南充农村商业银行股份有限公司关于南部县蜀北街道办事处建材街50号自建房6-1号的公告(第一…
      [科技识别] 标题是否科技相关: 否
      [SKIP] 标题非科技相关，不进入详情爬取

  [3/40] 标题: 内蒙古农村商业银行股份有限公司呼伦贝尔海拉尔区支行关于呼伦贝尔经济开发区仁和街仁和小区3-…
      [科技识别] 标题是否科技相关: 否
      [SKIP] 标题非科技相关，不进入详情爬取

  [4/40] 标题: 内蒙古农村商业银行股份有限公司正蓝旗支行关于正蓝旗桑根达来镇金沙湾家具三层301商业楼的公…
      [科技识别] 标题是否科技相关: 否
      [SKIP] 标题非科技相关，不进入详情爬取

  [5/40] 标题: 1内蒙古农村商业银行股份有限公司阿巴嘎旗支行关于阿巴嘎旗别力古台镇汉贝东街罕乌拉小区8处抵…
      [科技识别] 标题是否科技相关: 否
      [SKIP] 标题非科技相关，不进入详情爬取

  [6/40] 标题: 1内蒙古农村商业银行股份有限公司阿巴嘎旗支行关于阿巴嘎旗别力古台镇宝格都乌拉东街立峰商住楼…
      [科技识别] 标题是否科技相关: 否
      [SKIP] 标题非科技相关，不进入详情爬取

  [7/40] 标题: 连云港东方农村商业银行股份有限公司关于连云区墟沟新华大厦1号楼八层01号-05号房的公告(…
      [科技识别] 标题是否科技相关: 否
      [SKIP] 标题非科技相关，不进入详情爬取

  [8/40] 标题: 南充农村商业银行股份有限公司关于营山县朗池镇复兴路388号圣桦城购物中心1幢4层2号的公告…
      [科技识别] 标题是否科技相关: 否
      [SKIP] 标题非科技相关，不进入详情爬取

  [9/40] 标题: 1内蒙古农村商业银行股份有限公司阿巴嘎旗支行关于阿巴嘎旗别力古台镇瑞新源农贸一条街18套商…
      [科技识别] 标题是否科技相关: 否
      [SKIP] 标题非科技相关，不进入详情爬取

  [10/40] 标题: 1内蒙古农村商业银行股份有限公司阿巴嘎旗支行关于阿巴嘎旗别力古台镇汉贝东街罕乌拉小区抵债资…
      [科技识别] 标题是否科技相关: 否
      [SKIP] 标题非科技相关，不进入详情爬取

  [11/40] 标题: 广发银行股份有限公司焦作分行安保外包服务采购项目-结果公示
      [科技识别] 标题是否科技相关: 否
      [SKIP] 标题非科技相关，不进入详情爬取

  [12/40] 标题: 1内蒙古农村商业银行股份有限公司阿巴嘎旗支行关于阿巴嘎旗别力古台镇宝格都乌拉东街立峰商住楼…
      [科技识别] 标题是否科技相关: 否
      [SKIP] 标题非科技相关，不进入详情爬取

  [13/40] 标题: 1内蒙古农村商业银行股份有限公司阿巴嘎旗支行关于内蒙古自治区阿巴嘎旗别力古台镇瑞新源农贸一…
      [科技识别] 标题是否科技相关: 否
      [SKIP] 标题非科技相关，不进入详情爬取

  [14/40] 标题: 广西扶绥农村商业银行股份有限公司语音播报音箱采购招标公告
      [科技识别] 标题是否科技相关: 否
      [SKIP] 标题非科技相关，不进入详情爬取

  [15/40] 标题: 1内蒙古农村商业银行股份有限公司阿巴嘎旗支行关于阿巴嘎旗别力古台镇汉贝东街罕乌拉小区抵债资…
      [科技识别] 标题是否科技相关: 否
      [SKIP] 标题非科技相关，不进入详情爬取

  [16/40] 标题: 招商银行金华分行关于公务车辆维保采购项目供应商征集公告
      [科技识别] 标题是否科技相关: 否
      [SKIP] 标题非科技相关，不进入详情爬取

  [17/40] 标题: 招商银行湛江分行春秋游活动采购项目供应商征集公告
      [科技识别] 标题是否科技相关: 否
      [SKIP] 标题非科技相关，不进入详情爬取

  [18/40] 标题: 招商银行金华分行关于公务车辆维保采购项目供应商征集公告
      [科技识别] 标题是否科技相关: 否
      [SKIP] 标题非科技相关，不进入详情爬取

  [19/40] 标题: 中国邮政储蓄银行股份有限公司宁波分行2026年招聘服务采购项目中标候选人公示
      [科技识别] 标题是否科技相关: 否
      [SKIP] 标题非科技相关，不进入详情爬取

  [20/40] 标题: 招商银行采购结果公告-TJ01-20260311001
      [科技识别] 标题是否科技相关: 否
      [SKIP] 标题非科技相关，不进入详情爬取

  [21/40] 标题: 渤海银行流贷融资评估服务
      [科技识别] 标题是否科技相关: 否
      [SKIP] 标题非科技相关，不进入详情爬取

  [22/40] 标题: 招商银行采购结果公告-TJ01-20260316001
      [科技识别] 标题是否科技相关: 否
      [SKIP] 标题非科技相关，不进入详情爬取

  [23/40] 标题: 上饶银行股份有限公司抚州分行持有许云锋单户债权转让
      [科技识别] 标题是否科技相关: 否
      [SKIP] 标题非科技相关，不进入详情爬取

  [24/40] 标题: 招商银行济南分行采购结果公告-JN01-20260323001
      [科技识别] 标题是否科技相关: 否
      [SKIP] 标题非科技相关，不进入详情爬取

  [25/40] 标题: 达州农村商业银行股份有限公司2026年员工团体意外伤害保险服务项目中标结果公告
      [科技识别] 标题是否科技相关: 否
      [SKIP] 标题非科技相关，不进入详情爬取

  [26/40] 标题: 026-2027年度宁波银行金华分支行外墙、油烟管道、门招、大理石抛光、地毯定点清洗的采购…
      [科技识别] 标题是否科技相关: 否
      [SKIP] 标题非科技相关，不进入详情爬取

  [27/40] 标题: 中国光大银行股份有限公司郑州分行2026-2028年驻马店分行保安服务项目招标公告
      [科技识别] 标题是否科技相关: 否
      [SKIP] 标题非科技相关，不进入详情爬取

  [28/40] 标题: 中国光大银行股份有限公司郑州分行驻马店分行2026年职工餐厅服务项目采购公告
      [科技识别] 标题是否科技相关: 否
      [SKIP] 标题非科技相关，不进入详情爬取

  [29/40] 标题: 关于为【渤海银行流贷融资评估服务】公开选取【资产评估】机构的公告
      [科技识别] 标题是否科技相关: 否
      [SKIP] 标题非科技相关，不进入详情爬取

  [30/40] 标题: 资阳农商银行关于“智慧蚕桑信息化管理系统”采购项目采购公告
      [科技识别] 标题是否科技相关: 是
      [过滤-排除词] 未命中，通过
      [过滤-关键词] 包含「银行」，通过
      [OK] 通过全部筛选，进入详情爬取
    [已保存] output\2026-03-31\银行\招标公告_资阳农商银行关于“智慧蚕桑信息化管理系统”采购项目采购公告.json

  [31/40] 标题: 恒丰银行黄务数据中心机房二期扩容建设施工项目恒丰银行黄务数据中心机房二期扩容建设施工项目
      [科技识别] 标题是否科技相关: 是
      [过滤-排除词] 未命中，通过
      [过滤-关键词] 包含「银行」，通过
      [OK] 通过全部筛选，进入详情爬取
    [已保存] output\2026-03-31\银行\招标公告_恒丰银行黄务数据中心机房二期扩容建设施工项目恒丰银行黄务数据中心机房二期扩容建设施工项目.json

  [32/40] 标题: 中国银行深圳市分行2026-2029年公积金中心驻点外包项目结果公示
      [科技识别] 标题是否科技相关: 否
      [SKIP] 标题非科技相关，不进入详情爬取

  [33/40] 标题: 中国建设银行湖北省分行武汉工程大学银校合作服务项目（门禁及预约系统升级改造项目）单一来源采…
      [科技识别] 标题是否科技相关: 否
      [SKIP] 标题非科技相关，不进入详情爬取

  [34/40] 标题: 江苏扬中农村商业银行股份有限公司网络设备维保服务项目中标侯选人公示
      [科技识别] 标题是否科技相关: 是
      [过滤-排除词] 未命中，通过
      [过滤-关键词] 包含「银行」，通过
      [OK] 通过全部筛选，进入详情爬取
    [已保存] output\2026-03-31\银行\中标结果_江苏扬中农村商业银行股份有限公司网络设备维保服务项目中标侯选人公示.json

  [35/40] 标题: 江苏扬中农村商业银行股份有限公司网络设备维保服务项目中标结果公示
      [科技识别] 标题是否科技相关: 是
      [过滤-排除词] 未命中，通过
      [过滤-关键词] 包含「银行」，通过
      [OK] 通过全部筛选，进入详情爬取
    [已保存] output\2026-03-31\银行\中标结果_江苏扬中农村商业银行股份有限公司网络设备维保服务项目中标结果公示.json

  [36/40] 标题: 中国银行保险监督管理委员会营口监管分局处置固定资产的公告
      [科技识别] 标题是否科技相关: 否
      [SKIP] 标题非科技相关，不进入详情爬取

  [37/40] 标题: 【建行自采】湖州梅地亚广场离行式自助银行营业用房续租采购结果信息公开
      [科技识别] 标题是否科技相关: 否
      [SKIP] 标题非科技相关，不进入详情爬取

  [38/40] 标题: 中国人民银行合肥中心支行关于定制包装袋/纸/箱的网上超市采购项目成交公告
      [科技识别] 标题是否科技相关: 否
      [SKIP] 标题非科技相关，不进入详情爬取

  [39/40] 标题: 中国农业银行股份有限公司湛江麻章支行业务经营用房租赁项目报名公告
      [科技识别] 标题是否科技相关: 否
      [SKIP] 标题非科技相关，不进入详情爬取

  [40/40] 标题: 观湖北项目开发贷银行采购候选人公示
      [科技识别] 标题是否科技相关: 否
      [SKIP] 标题非科技相关，不进入详情爬取

  [第 16 页]
  [DEBUG] 已检测到「条信息」，按整页详情链接解析
      [WARN] 未找到 .ssjg-leixing，info_type 将记为采招信息
  本页找到 40 条结果

  [1/40] 标题: 杭州文化产权交易所关于黄岩农村商业银行200000股自然人股权转让·不带证的公告
      [科技识别] 标题是否科技相关: 否
      [SKIP] 标题非科技相关，不进入详情爬取

  [2/40] 标题: 中国人民银行合肥中心支行关于不锈钢水槽的网上超市采购项目成交公告
      [科技识别] 标题是否科技相关: 否
      [SKIP] 标题非科技相关，不进入详情爬取

  [3/40] 标题: 龙江银行自动化办公系统优化服务项目-单一来源采购公告
      [科技识别] 标题是否科技相关: 否
      [SKIP] 标题非科技相关，不进入详情爬取

  [4/40] 标题: 芜湖扬子农村商业银行江北新区支行新址装修改造项目（二次）中标候选人公示
      [科技识别] 标题是否科技相关: 否
      [SKIP] 标题非科技相关，不进入详情爬取

  [5/40] 标题: 怀远农商银行便携式社保卡制卡机采购项目中标结果公告
      [科技识别] 标题是否科技相关: 否
      [SKIP] 标题非科技相关，不进入详情爬取

  [6/40] 标题: 中国光大银行郑州分行2026年监控中心值守服务项目中标候选人公示
      [科技识别] 标题是否科技相关: 否
      [SKIP] 标题非科技相关，不进入详情爬取

  [7/40] 标题: 富滇银行USB-KEY（蓝牙）盾采购项目招标公告
      [科技识别] 标题是否科技相关: 否
      [SKIP] 标题非科技相关，不进入详情爬取

  [8/40] 标题: 河北霸州农村商业银行股份有限公司总行营业部装修改造项目中标候选人公示
      [科技识别] 标题是否科技相关: 否
      [SKIP] 标题非科技相关，不进入详情爬取

  [9/40] 标题: 河北霸州农村商业银行股份有限公司总行营业部装修改造项目中标候选人公示
      [科技识别] 标题是否科技相关: 否
      [SKIP] 标题非科技相关，不进入详情爬取

  [10/40] 标题: 中信银行拉萨高新支行迁址装修项目(第2次招标)中标公告
      [科技识别] 标题是否科技相关: 否
      [SKIP] 标题非科技相关，不进入详情爬取

  [11/40] 标题: 温州银行上海分行（含支行）保洁服务采购项目的中标(成交)结果公告
      [科技识别] 标题是否科技相关: 否
      [SKIP] 标题非科技相关，不进入详情爬取

  [12/40] 标题: 建信发展-竞争性磋商-JXFZ2025-XM0570C5-中国光大银行厦门分行信贷业务公证…
      [科技识别] 标题是否科技相关: 否
      [SKIP] 标题非科技相关，不进入详情爬取

  [13/40] 标题: 中国农业发展银行青海省分行营业办公用房外立面安全性维修改造项目工程标段一
      [科技识别] 标题是否科技相关: 否
      [SKIP] 标题非科技相关，不进入详情爬取

  [14/40] 标题: 内蒙古银行普惠金融产品线上化及数字化系统建设项目服务项目（二次）中标结果公告
      [科技识别] 标题是否科技相关: 是
      [过滤-排除词] 未命中，通过
      [过滤-关键词] 包含「银行」，通过
      [OK] 通过全部筛选，进入详情爬取
    [已保存] output\2026-03-31\银行\中标结果_内蒙古银行普惠金融产品线上化及数字化系统建设项目服务项目（二次）中标结果公告.json

  [15/40] 标题: 山西云州农村商业银行股份有限公司更换营业网点UPS电源主机及电池组项目招标公告
      [科技识别] 标题是否科技相关: 是
      [过滤-排除词] 未命中，通过
      [过滤-关键词] 包含「银行」，通过
      [OK] 通过全部筛选，进入详情爬取
    [已保存] output\2026-03-31\银行\招标公告_山西云州农村商业银行股份有限公司更换营业网点UPS电源主机及电池组项目招标公告.json

  [16/40] 标题: 互助农商银行南门峡支行原址重建项目终止公告
      [科技识别] 标题是否科技相关: 否
      [SKIP] 标题非科技相关，不进入详情爬取

  [17/40] 标题: 互助农商银行南门峡支行临时网点G317工程终止公告
      [科技识别] 标题是否科技相关: 否
      [SKIP] 标题非科技相关，不进入详情爬取

  [18/40] 标题: 2026-2028年哈尔滨银行保洁服务项目招标公告
      [科技识别] 标题是否科技相关: 否
      [SKIP] 标题非科技相关，不进入详情爬取

  [19/40] 标题: 中信银行南昌分行对公客户营销服务人员外包项目(第2次招标)公开招标采购公告
      [科技识别] 标题是否科技相关: 否
      [SKIP] 标题非科技相关，不进入详情爬取

  [20/40] 标题: 中国人民银行金融信息中心5588呼叫中心技术支持服务采购项目成交公告
      [科技识别] 标题是否科技相关: 否
      [SKIP] 标题非科技相关，不进入详情爬取

  [21/40] 标题: 赣州银行金融大厦多联式中央空调清洗消毒项目
      [科技识别] 标题是否科技相关: 否
      [SKIP] 标题非科技相关，不进入详情爬取

  [22/40] 标题: 河北霸州经济开发区管理委员会土地复垦费专用账户开户银行服务项目公开竞争评选公告
      [科技识别] 标题是否科技相关: 否
      [SKIP] 标题非科技相关，不进入详情爬取

  [23/40] 标题: 河北霸州农村商业银行股份有限公司总行营业部装修改造项目开标记录
      [科技识别] 标题是否科技相关: 否
      [SKIP] 标题非科技相关，不进入详情爬取

  [24/40] 标题: 中国邮政储蓄银行股份有限公司呼伦贝尔市分行办公及营业生产电子设备维修服务采购项目标段六公开…
      [科技识别] 标题是否科技相关: 否
      [SKIP] 标题非科技相关，不进入详情爬取

  [25/40] 标题: 中国邮政储蓄银行股份有限公司呼伦贝尔市分行办公及营业生产电子设备维修服务采购项目标段一公开…
      [科技识别] 标题是否科技相关: 否
      [SKIP] 标题非科技相关，不进入详情爬取

  [26/40] 标题: 中国邮政储蓄银行股份有限公司河北省分行2026年信用卡新客引荐有礼营销活动采购项目（第2次…
      [科技识别] 标题是否科技相关: 否
      [SKIP] 标题非科技相关，不进入详情爬取

  [27/40] 标题: 沧州银行秦皇岛研修院和秦皇岛分行机关、营业部保洁、厨师及其他后勤服务外包项目招标公告
      [科技识别] 标题是否科技相关: 否
      [SKIP] 标题非科技相关，不进入详情爬取

  [28/40] 标题: 中国邮政储蓄银行股份有限公司呼伦贝尔市分行办公及营业生产电子设备维修服务采购项目标段三公开…
      [科技识别] 标题是否科技相关: 否
      [SKIP] 标题非科技相关，不进入详情爬取

  [29/40] 标题: 中国农业银行内蒙古分行机关2026年至2029年企业文化、会务(活动)用品采购项目招标公告
      [科技识别] 标题是否科技相关: 否
      [SKIP] 标题非科技相关，不进入详情爬取

  [30/40] 标题: 中国农业发展银行呼和浩特市分行辖内各支行2026年物业服务集中采购项目招标公告（二次）
      [科技识别] 标题是否科技相关: 否
      [SKIP] 标题非科技相关，不进入详情爬取

  [31/40] 标题: 中国邮政储蓄银行股份有限公司呼伦贝尔市分行办公及营业生产电子设备维修服务采购项目标段四公开…
      [科技识别] 标题是否科技相关: 否
      [SKIP] 标题非科技相关，不进入详情爬取

  [32/40] 标题: 中国邮政储蓄银行股份有限公司沈阳市分行2026-2029年度保洁及后勤服务项目招标公告
      [科技识别] 标题是否科技相关: 否
      [SKIP] 标题非科技相关，不进入详情爬取

  [33/40] 标题: 中国邮政储蓄银行股份有限公司呼伦贝尔市分行办公及营业生产电子设备维修服务采购项目标段五公开…
      [科技识别] 标题是否科技相关: 否
      [SKIP] 标题非科技相关，不进入详情爬取

  [34/40] 标题: 中国邮政储蓄银行标段二公开招标公告
      [科技识别] 标题是否科技相关: 否
      [SKIP] 标题非科技相关，不进入详情爬取

  [35/40] 标题: 沧州银行秦皇岛研修院和秦皇岛分行食堂食材供应与配送服务项目招标公告
      [科技识别] 标题是否科技相关: 否
      [SKIP] 标题非科技相关，不进入详情爬取

  [36/40] 标题: 中国光大银行股份有限公司苏州分行关于中国光大银行苏州分行广告宣传项目--报刊类广告投放的招…
      [科技识别] 标题是否科技相关: 否
      [SKIP] 标题非科技相关，不进入详情爬取

  [37/40] 标题: 中国工商银行呼和浩特分行2026-2029年度驻点保安服务集中采购项目中标结果公示
      [科技识别] 标题是否科技相关: 否
      [SKIP] 标题非科技相关，不进入详情爬取

  [38/40] 标题: 嘉兴银行2026-2027年度员工疗休养服务框架协议采购项目公开招标采购公告
      [科技识别] 标题是否科技相关: 否
      [SKIP] 标题非科技相关，不进入详情爬取

  [39/40] 标题: 关于2026年-2028年宁波市奉化区物业保修金专户及定期存款账户存放银行招标项目的中标公…
      [科技识别] 标题是否科技相关: 否
      [SKIP] 标题非科技相关，不进入详情爬取

  [40/40] 标题: 盛京银行2026年核心业务数据库系统硬件维保采购项目招标公告
      [科技识别] 标题是否科技相关: 是
      [过滤-排除词] 未命中，通过
      [过滤-关键词] 包含「银行」，通过
      [OK] 通过全部筛选，进入详情爬取
    [PDF] 路由拦截成功，共 875547 字节
    [PDF] 扫描版/少字 PDF 共 4 页，转为图片 OCR...
    [OCR] 识别第 1/4 页 ...
    [OCR] 识别第 2/4 页 ...
    [OCR] 识别第 3/4 页 ...
    [OCR] 识别第 4/4 页 ...
    [OCR] 全部 4 页识别完成
    [PDF] 响应拦截解析完成，共 2137 字
    [已保存] output\2026-03-31\银行\招标公告_盛京银行2026年核心业务数据库系统硬件维保采购项目招标公告.json

  [第 17 页]
  [DEBUG] 已检测到「条信息」，按整页详情链接解析
      [WARN] 未找到 .ssjg-leixing，info_type 将记为采招信息
  本页找到 40 条结果

  [1/40] 标题: 云南嵩明农村商业银行股份有限公司网络数据专线（备线）采购成交公示
      [科技识别] 标题是否科技相关: 否
      [SKIP] 标题非科技相关，不进入详情爬取

  [2/40] 标题: 盛京银行2026年中兴数据库及备份软件原厂维保服务采购项目招标公告
      [科技识别] 标题是否科技相关: 是
      [过滤-排除词] 未命中，通过
      [过滤-关键词] 包含「银行」，通过
      [OK] 通过全部筛选，进入详情爬取
    [PDF] 路由拦截成功，共 260969 字节
    [PDF] 扫描版/少字 PDF 共 4 页，转为图片 OCR...
    [OCR] 识别第 1/4 页 ...
    [OCR] 识别第 2/4 页 ...
    [OCR] 识别第 3/4 页 ...
    [OCR] 识别第 4/4 页 ...
    [OCR] 全部 4 页识别完成
    [PDF] 响应拦截解析完成，共 2604 字
    [已保存] output\2026-03-31\银行\招标公告_盛京银行2026年中兴数据库及备份软件原厂维保服务采购项目招标公告.json

  [3/40] 标题: 中国人民银行浙江省分行2026年5至6月政府采购意向-LED屏采购项目详细情况55.000…
      [科技识别] 标题是否科技相关: 否
      [SKIP] 标题非科技相关，不进入详情爬取

  [4/40] 标题: 杭州银行北京分行2026-2028年房地产评估及资产评估服务采购项目中标结果公示
      [科技识别] 标题是否科技相关: 否
      [SKIP] 标题非科技相关，不进入详情爬取

  [5/40] 标题: 北京银行长沙分行银企对账单递送外包服务采购项目竞争性磋商公告
      [科技识别] 标题是否科技相关: 否
      [SKIP] 标题非科技相关，不进入详情爬取

  [6/40] 标题: 中国银行营口分行2026年公司金融板块及个人金融板块业务市场拓展项目开标时间变更公告
      [科技识别] 标题是否科技相关: 否
      [SKIP] 标题非科技相关，不进入详情爬取

  [7/40] 标题: 威海银行股份有限公司总行部室、分支行电子设备采购中标结果公示-SDDQ2025-479
      [科技识别] 标题是否科技相关: 否
      [SKIP] 标题非科技相关，不进入详情爬取

  [8/40] 标题: 乌鲁木齐分行“广发银行乌鲁木齐分行监控中心电视墙升级改造项目”的采购公告
      [科技识别] 标题是否科技相关: 否
      [SKIP] 标题非科技相关，不进入详情爬取

  [9/40] 标题: （西南联交成2026第1013号）眉山农村商业银行股份有限公司抵债资产
      [科技识别] 标题是否科技相关: 否
      [SKIP] 标题非科技相关，不进入详情爬取

  [10/40] 标题: 中国银行股份有限公司西安咸宁路支行西安交通大学建校130周年金融产品拓展活动文化服装采购项…
      [科技识别] 标题是否科技相关: 否
      [SKIP] 标题非科技相关，不进入详情爬取

  [11/40] 标题: 中国五冶乐山农商银行综合楼工程项目主材五批次材料采购中标候选人公示
      [科技识别] 标题是否科技相关: 否
      [SKIP] 标题非科技相关，不进入详情爬取

  [12/40] 标题: 中国银行股份有限公司四川省分行客户交易流水智能分析服务项目采购公告
      [科技识别] 标题是否科技相关: 否
      [SKIP] 标题非科技相关，不进入详情爬取

  [13/40] 标题: 勉县农商银行2026年保安服务招标项目中标结果公示
      [科技识别] 标题是否科技相关: 否
      [SKIP] 标题非科技相关，不进入详情爬取

  [14/40] 标题: 中国五冶乐山农商银行综合楼工程项目主材四批次材料采购中标候选人公示
      [科技识别] 标题是否科技相关: 否
      [SKIP] 标题非科技相关，不进入详情爬取

  [15/40] 标题: 阿勒泰市解放路市农业银行公交站台上行广告位租赁使用权
      [科技识别] 标题是否科技相关: 否
      [SKIP] 标题非科技相关，不进入详情爬取

  [16/40] 标题: 【赠送银行1000股金】对深圳市爱*达五金制品有限公司享有的500000.07元应收账款债…
      [科技识别] 标题是否科技相关: 否
      [SKIP] 标题非科技相关，不进入详情爬取

  [17/40] 标题: 南充农村商业银行股份有限公司关于营山县朗池镇西干道泰合新天地3幢4层77号的公告(第一次)
      [科技识别] 标题是否科技相关: 否
      [SKIP] 标题非科技相关，不进入详情爬取

  [18/40] 标题: 南充农村商业银行股份有限公司关于南部县蜀北街道办事处建材街50号1幢2层2-2号的公告(第…
      [科技识别] 标题是否科技相关: 否
      [SKIP] 标题非科技相关，不进入详情爬取

  [19/40] 标题: 南充农村商业银行股份有限公司关于营山县朗池镇西干道泰合新天地3幢4层76号的公告(第一次)
      [科技识别] 标题是否科技相关: 否
      [SKIP] 标题非科技相关，不进入详情爬取

  [20/40] 标题: 内蒙古农村商业银行股份有限公司正蓝旗支行关于蓝旗上都镇夏日登吉区鑫隆4#商业楼-101-2…
      [科技识别] 标题是否科技相关: 否
      [SKIP] 标题非科技相关，不进入详情爬取

  [21/40] 标题: 内蒙古农村商业银行股份有限公司正蓝旗支行关于正蓝旗上都镇夏日登吉区鑫隆4#商业楼-101-…
      [科技识别] 标题是否科技相关: 否
      [SKIP] 标题非科技相关，不进入详情爬取

  [22/40] 标题: 南充农村商业银行股份有限公司关于营山县朗池镇西干道泰合新天地3幢4层78号的公告(第一次)
      [科技识别] 标题是否科技相关: 否
      [SKIP] 标题非科技相关，不进入详情爬取

  [23/40] 标题: 内蒙古农村商业银行股份有限公司正蓝旗支行关于正蓝旗上都镇夏日登吉区鑫隆4#商业楼-111-…
      [科技识别] 标题是否科技相关: 否
      [SKIP] 标题非科技相关，不进入详情爬取

  [24/40] 标题: 内蒙古农村商业银行股份有限公司呼伦贝尔海拉尔区支行关于呼伦贝尔经济开发区仁和街仁和小区3-…
      [科技识别] 标题是否科技相关: 否
      [SKIP] 标题非科技相关，不进入详情爬取

  [25/40] 标题: 南充农村商业银行股份有限公司关于南部县蜀北街道办事处建材街50号自建房4-1号的公告(第一…
      [科技识别] 标题是否科技相关: 否
      [SKIP] 标题非科技相关，不进入详情爬取

  [26/40] 标题: 内蒙古农村商业银行股份有限公司呼伦贝尔海拉尔区支行关于呼伦贝尔经济开发区仁和街仁和小区3-…
      [科技识别] 标题是否科技相关: 否
      [SKIP] 标题非科技相关，不进入详情爬取

  [27/40] 标题: 内蒙古农村商业银行股份有限公司乌海海勃湾区支行关于磴口县巴彦高勒镇学府花园二期21号楼8套…
      [科技识别] 标题是否科技相关: 否
      [SKIP] 标题非科技相关，不进入详情爬取

  [28/40] 标题: 中信银行南昌分行对公客户营销服务人员外包项目【招标编号：JXJM20260025】终止公告
      [科技识别] 标题是否科技相关: 否
      [SKIP] 标题非科技相关，不进入详情爬取

  [29/40] 标题: 南充农村商业银行股份有限公司关于南部县蜀北街道办事处建材街50号自建房4-2号的公告(第一…
      [科技识别] 标题是否科技相关: 否
      [SKIP] 标题非科技相关，不进入详情爬取

  [30/40] 标题: 内蒙古农村商业银行股份有限公司呼伦贝尔海拉尔区支行关于呼伦贝尔经济开发区仁和街仁和小区3-…
      [科技识别] 标题是否科技相关: 否
      [SKIP] 标题非科技相关，不进入详情爬取

  [31/40] 标题: 南充农村商业银行股份有限公司关于营山县朗池镇复兴路388号圣桦城购物中心1幢3层3号的公告…
      [科技识别] 标题是否科技相关: 否
      [SKIP] 标题非科技相关，不进入详情爬取

  [32/40] 标题: 邯郸银行高压配电室智能运维服务采购项目(2026)
      [科技识别] 标题是否科技相关: 是
      [过滤-排除词] 未命中，通过
      [过滤-关键词] 包含「银行」，通过
      [OK] 通过全部筛选，进入详情爬取
    [已保存] output\2026-03-31\银行\中标结果_邯郸银行高压配电室智能运维服务采购项目(2026).json

  [33/40] 标题: 中信银行南昌分行对公客户营销服务人员外包项目(第2次）【招标编号：JXJM20260025…
      [科技识别] 标题是否科技相关: 否
      [SKIP] 标题非科技相关，不进入详情爬取

  [34/40] 标题: 江西省世界银行贷款预防准备和应对新发传染病项目-景德镇市疾病预防控制中心信息化系统采购[中…
      [科技识别] 标题是否科技相关: 是
      [过滤-排除词] 未命中，通过
      [过滤-关键词] 包含「银行」，通过
      [OK] 通过全部筛选，进入详情爬取
    [已保存] output\2026-03-31\银行\中标结果_江西省世界银行贷款预防准备和应对新发传染病项目-景德镇市疾病预防控制中心信息化系统采购[中标候选人公示].json

  [35/40] 标题: 兴业银行江门分行关于分行本部2025-2026年食材配送服务采购项目采购招标方案结果公告
      [科技识别] 标题是否科技相关: 否
      [SKIP] 标题非科技相关，不进入详情爬取

  [36/40] 标题: 重庆三峡银行2026-2028年员工补充医疗保险项目采购答疑补遗文件
      [科技识别] 标题是否科技相关: 否
      [SKIP] 标题非科技相关，不进入详情爬取

  [37/40] 标题: 重庆三峡银行内控合规管理系统2025年度优化项目公告
      [科技识别] 标题是否科技相关: 否
      [SKIP] 标题非科技相关，不进入详情爬取

  [38/40] 标题: 投资银行类业务工作底稿存储管理项目
      [科技识别] 标题是否科技相关: 否
      [SKIP] 标题非科技相关，不进入详情爬取

  [39/40] 标题: 兴业银行江门分行关于2026年外聘评估机构项目采购招标方案结果公告
      [科技识别] 标题是否科技相关: 否
      [SKIP] 标题非科技相关，不进入详情爬取

  [40/40] 标题: 重庆三峡银行2026年金融终端项目公告
      [科技识别] 标题是否科技相关: 否
      [SKIP] 标题非科技相关，不进入详情爬取

  [第 18 页]
  [DEBUG] 已检测到「条信息」，按整页详情链接解析
      [WARN] 未找到 .ssjg-leixing，info_type 将记为采招信息
  本页找到 40 条结果

  [1/40] 标题: 兴业银行江门分行关于2025-2026年保洁和物业管理服务采购项目采购方案结果公告
      [科技识别] 标题是否科技相关: 否
      [SKIP] 标题非科技相关，不进入详情爬取

  [2/40] 标题: 襄汾农商银行选用采购代理机构服务项目框架协议采购公告
      [科技识别] 标题是否科技相关: 否
      [SKIP] 标题非科技相关，不进入详情爬取

  [3/40] 标题: 晋城农村商业银行股份有限公司关于晋城市方宇商贸有限公司不良债权转让的公告(末次)
      [科技识别] 标题是否科技相关: 否
      [SKIP] 标题非科技相关，不进入详情爬取

  [4/40] 标题: 中国银行股份有限公司锦州分行个人金融部日用品采购项目-采购公告
      [科技识别] 标题是否科技相关: 否
      [SKIP] 标题非科技相关，不进入详情爬取

  [5/40] 标题: 宁波市港航管理中心银行账户和公款竞争性存放招标项目结果公告
      [科技识别] 标题是否科技相关: 否
      [SKIP] 标题非科技相关，不进入详情爬取

  [6/40] 标题: 【建行自采】潍坊分行高密孚日离行式自助银行租赁营业用房项目采购结果信息公开
      [科技识别] 标题是否科技相关: 否
      [SKIP] 标题非科技相关，不进入详情爬取

  [7/40] 标题: 中国建设银行江苏省分行关于南京分行鼓楼区永宁街支行物业项目单一来源采前公示
      [科技识别] 标题是否科技相关: 否
      [SKIP] 标题非科技相关，不进入详情爬取

  [8/40] 标题: 中国建设银行股份有限公司河北省沧州分行钞币押运外包服务项目单一来源采前公示
      [科技识别] 标题是否科技相关: 否
      [SKIP] 标题非科技相关，不进入详情爬取

  [9/40] 标题: 江西阳晨项目管理咨询有限公司关于赣州银行桌面操作系统采购项目（项目编号：JXYC2026-…
      [科技识别] 标题是否科技相关: 否
      [SKIP] 标题非科技相关，不进入详情爬取

  [10/40] 标题: 广州铁路公安局怀化公安处选取中央预算单位零余额账户代理银行项目（第二次）终止公告
      [科技识别] 标题是否科技相关: 否
      [SKIP] 标题非科技相关，不进入详情爬取

  [11/40] 标题: 芜湖扬子农村商业银行员工健康保障委托管理及团体补充医疗保险项目招标公告
      [科技识别] 标题是否科技相关: 否
      [SKIP] 标题非科技相关，不进入详情爬取

  [12/40] 标题: 中国建设银行深圳市分行全行食堂食材类公开招标采购项目市场调研供应商征集公告
      [科技识别] 标题是否科技相关: 否
      [SKIP] 标题非科技相关，不进入详情爬取

  [13/40] 标题: 中国建设银行股份有限公司河北省邢台分行110联网报警服务项目供应商征集公告
      [科技识别] 标题是否科技相关: 否
      [SKIP] 标题非科技相关，不进入详情爬取

  [14/40] 标题: 中国建设银行江苏省分行关于合同一体化打印机设备及维保耗材采购项目供应商征集公告
      [科技识别] 标题是否科技相关: 是
      [过滤-排除词] 未命中，通过
      [过滤-关键词] 包含「银行」，通过
      [OK] 通过全部筛选，进入详情爬取
    [已保存] output\2026-03-31\银行\中标结果_中国建设银行江苏省分行关于合同一体化打印机设备及维保耗材采购项目供应商征集公告.json

  [15/40] 标题: 中国建设银行2026年-2027年大连分行西岗支行等六座办公楼绿电服务采购项目供应商征集公…
      [科技识别] 标题是否科技相关: 否
      [SKIP] 标题非科技相关，不进入详情爬取

  [16/40] 标题: 中国银行甘肃省分行“2026年上半年手机银行生活频道缴费满减活动项目”中标结果的公告
      [科技识别] 标题是否科技相关: 否
      [SKIP] 标题非科技相关，不进入详情爬取

  [17/40] 标题: 丰南区商品房预售资金监管服务银行招标公告
      [科技识别] 标题是否科技相关: 否
      [SKIP] 标题非科技相关，不进入详情爬取

  [18/40] 标题: 中国建设银行股份有限公司山西省分行普惠零售逾期贷款委外催收外包项目招标公告
      [科技识别] 标题是否科技相关: 否
      [SKIP] 标题非科技相关，不进入详情爬取

  [19/40] 标题: 杭州银行合肥分行2026-2028年度房地产评估机构入围项目中标结果公告
      [科技识别] 标题是否科技相关: 否
      [SKIP] 标题非科技相关，不进入详情爬取

  [20/40] 标题: 黑龙江省交投悦莱交旅科技运营有限公司银行品牌推广外包服务采购项目成交结果公告
      [科技识别] 标题是否科技相关: 否
      [SKIP] 标题非科技相关，不进入详情爬取

  [21/40] 标题: 关于湖南银行郴州分行临武县支行投放李家村立柱广告项目的单一来源采购公示
      [科技识别] 标题是否科技相关: 否
      [SKIP] 标题非科技相关，不进入详情爬取

  [22/40] 标题: 关于湖南银行郴州分行嘉禾县支行公交车身广告项目的单一来源采购公示
      [科技识别] 标题是否科技相关: 否
      [SKIP] 标题非科技相关，不进入详情爬取

  [23/40] 标题: 湖北银行2025年信创负载替换项目竞争性谈判公告
      [科技识别] 标题是否科技相关: 否
      [SKIP] 标题非科技相关，不进入详情爬取

  [24/40] 标题: 郑州银行2026年-2027年存取款机集中采购项目入围结果公告
      [科技识别] 标题是否科技相关: 否
      [SKIP] 标题非科技相关，不进入详情爬取

  [25/40] 标题: 郑州银行2026年-2027年排队机集中采购项目入围结果公告
      [科技识别] 标题是否科技相关: 否
      [SKIP] 标题非科技相关，不进入详情爬取

  [26/40] 标题: 中国工商银行辽宁阜新分行办公用品定点采购项目中标候选人公示
      [科技识别] 标题是否科技相关: 否
      [SKIP] 标题非科技相关，不进入详情爬取

  [27/40] 标题: 云南嵩明农村商业银行股份有限公司2026年二季度大堂引导员服务采购成交公示
      [科技识别] 标题是否科技相关: 否
      [SKIP] 标题非科技相关，不进入详情爬取

  [28/40] 标题: 华诚工程咨询集团有限公司关于中国工商银行嘉兴分行本级食堂食材定点采购项目的招标公告
      [科技识别] 标题是否科技相关: 否
      [SKIP] 标题非科技相关，不进入详情爬取

  [29/40] 标题: 中国邮政储蓄银行股份有限公司池州市分行线路租赁服务采购项目中标（成交）公告
      [科技识别] 标题是否科技相关: 否
      [SKIP] 标题非科技相关，不进入详情爬取

  [30/40] 标题: 兴业银行北京分行2026年数字运营部协呼团队建设项目中标候选人公示
      [科技识别] 标题是否科技相关: 否
      [SKIP] 标题非科技相关，不进入详情爬取

  [31/40] 标题: 盛京银行2026年更换电子银行区域部分网络防火墙设备采购项目中标候选人公示
      [科技识别] 标题是否科技相关: 是
      [过滤-排除词] 未命中，通过
      [过滤-关键词] 包含「银行」，通过
      [OK] 通过全部筛选，进入详情爬取
    [已保存] output\2026-03-31\银行\中标结果_盛京银行2026年更换电子银行区域部分网络防火墙设备采购项目中标候选人公示.json

  [32/40] 标题: 中国银行福建省分行烟草零售商户数据采购项目失败公告
      [科技识别] 标题是否科技相关: 否
      [SKIP] 标题非科技相关，不进入详情爬取

  [33/40] 标题: 张家港农商银行“TDSQL分布式数据库授权及维保项目”竞争性谈判公告
      [科技识别] 标题是否科技相关: 是
      [过滤-排除词] 未命中，通过
      [过滤-关键词] 包含「银行」，通过
      [OK] 通过全部筛选，进入详情爬取
    [已保存] output\2026-03-31\银行\招标公告_张家港农商银行“TDSQL分布式数据库授权及维保项目”竞争性谈判公告.json

  [34/40] 标题: 中国人民银行湘西土家族苗族自治州分行2026年4月政府采购意向-中国人民银行湘西自治州分行…
      [科技识别] 标题是否科技相关: 否
      [SKIP] 标题非科技相关，不进入详情爬取

  [35/40] 标题: 广东华润银行股份有限公司肇庆分行华润银行肇庆分行关于2026-2028年度个金业务营销宣传…
      [科技识别] 标题是否科技相关: 否
      [SKIP] 标题非科技相关，不进入详情爬取

  [36/40] 标题: 山东莱州农村商业银行股份有限公司拆除更换淄川、博山北海村镇银行标识项目中标结果公示
      [科技识别] 标题是否科技相关: 否
      [SKIP] 标题非科技相关，不进入详情爬取

  [37/40] 标题: 中国工商银行秦皇岛分行驻点保安服务和守护服务定点供应项目
      [科技识别] 标题是否科技相关: 否
      [SKIP] 标题非科技相关，不进入详情爬取

  [38/40] 标题: 山东莱阳农村商业银行股份有限公司2026年押品评估机构续签项目采购结果公示
      [科技识别] 标题是否科技相关: 否
      [SKIP] 标题非科技相关，不进入详情爬取

  [39/40] 标题: 中国银行股份有限公司郑州金水支行社保卡对私驻点服务外包项目（二次）采购邀请公告
      [科技识别] 标题是否科技相关: 否
      [SKIP] 标题非科技相关，不进入详情爬取

  [40/40] 标题: 中国邮政储蓄银行股份有限公司宁波分行特约商户专业化外包服务采购项目中标候选人公示
      [科技识别] 标题是否科技相关: 否
      [SKIP] 标题非科技相关，不进入详情爬取

  [第 19 页]
  [DEBUG] 已检测到「条信息」，按整页详情链接解析
      [WARN] 未找到 .ssjg-leixing，info_type 将记为采招信息
  本页找到 40 条结果

  [1/40] 标题: 兴业银行拉萨分行2026年司机外包项目供应商征集公告
      [科技识别] 标题是否科技相关: 否
      [SKIP] 标题非科技相关，不进入详情爬取

  [2/40] 标题: 招商银行兰州分行员工春秋游、优秀员工外出疗养项目供应商征集公告
      [科技识别] 标题是否科技相关: 否
      [SKIP] 标题非科技相关，不进入详情爬取

  [3/40] 标题: 兴业银行拉萨分行2026年厨师外包项目供应商征集公告
      [科技识别] 标题是否科技相关: 否
      [SKIP] 标题非科技相关，不进入详情爬取

  [4/40] 标题: 招商银行广州分行2026年大楼雨棚改造采购项目供应商征集公告
      [科技识别] 标题是否科技相关: 否
      [SKIP] 标题非科技相关，不进入详情爬取

  [5/40] 标题: 广发银行股份有限公司广州分行部分网点配餐配送服务项目招标公告
      [科技识别] 标题是否科技相关: 否
      [SKIP] 标题非科技相关，不进入详情爬取

  [6/40] 标题: 南充农村商业银行股份有限公司关于营山县朗池镇西干道泰合新天地3幢4层75号的公告(第一次)
      [科技识别] 标题是否科技相关: 否
      [SKIP] 标题非科技相关，不进入详情爬取

  [7/40] 标题: 内蒙古农村商业银行股份有限公司正蓝旗支行关于正蓝旗上都镇夏日登吉区综合楼A2栋-115、1…
      [科技识别] 标题是否科技相关: 否
      [SKIP] 标题非科技相关，不进入详情爬取

  [8/40] 标题: 内蒙古农村商业银行股份有限公司呼伦贝尔海拉尔区支行关于呼伦贝尔经济开发区仁和街仁和小区3-…
      [科技识别] 标题是否科技相关: 否
      [SKIP] 标题非科技相关，不进入详情爬取

  [9/40] 标题: 内蒙古农村商业银行股份有限公司正蓝旗支行关于正蓝旗上都镇夏日登吉区综合楼A1栋-115、1…
      [科技识别] 标题是否科技相关: 否
      [SKIP] 标题非科技相关，不进入详情爬取

  [10/40] 标题: 南充农村商业银行股份有限公司关于南部县蜀北街道办事处建材街50号1幢2层2-1号的公告(第…
      [科技识别] 标题是否科技相关: 否
      [SKIP] 标题非科技相关，不进入详情爬取

  [11/40] 标题: 内蒙古农村商业银行股份有限公司呼伦贝尔海拉尔区支行关于呼伦贝尔经济开发区仁和街仁和小区3-…
      [科技识别] 标题是否科技相关: 否
      [SKIP] 标题非科技相关，不进入详情爬取

  [12/40] 标题: 南充农村商业银行股份有限公司关于营山县朗池镇西干道泰合新天地3幢4层73号的公告(第一次)
      [科技识别] 标题是否科技相关: 否
      [SKIP] 标题非科技相关，不进入详情爬取

  [13/40] 标题: 江苏建湖农村商业银行股份有限公司关于盐城市建湖县建阳镇荡中村戛粮居委会房地产公开转让的公告
      [科技识别] 标题是否科技相关: 否
      [SKIP] 标题非科技相关，不进入详情爬取

  [14/40] 标题: 南充农村商业银行股份有限公司关于营山县朗池镇西干道泰合新天地3幢4层72号的公告(第一次)
      [科技识别] 标题是否科技相关: 否
      [SKIP] 标题非科技相关，不进入详情爬取

  [15/40] 标题: 南充农村商业银行股份有限公司关于营山县朗池镇西干道泰合新天地3幢4层71号的公告(第一次)
      [科技识别] 标题是否科技相关: 否
      [SKIP] 标题非科技相关，不进入详情爬取

  [16/40] 标题: 江苏建湖农村商业银行股份有限公司关于盐城市建湖县高作镇交通路16号资产公开转让的公告
      [科技识别] 标题是否科技相关: 否
      [SKIP] 标题非科技相关，不进入详情爬取

  [17/40] 标题: 江苏建湖农村商业银行股份有限公司关于位于盐城市建湖县钟庄镇中兴路东首（现钟兴路北侧）资产公…
      [科技识别] 标题是否科技相关: 否
      [SKIP] 标题非科技相关，不进入详情爬取

  [18/40] 标题: 中国建设银行内蒙古自治区分行鄂尔多斯伊金霍洛国际机场贵宾服务采购项目单一来源采前公示
      [科技识别] 标题是否科技相关: 否
      [SKIP] 标题非科技相关，不进入详情爬取

  [19/40] 标题: 【建行自采】临汾分行吉县文城乡离行式自助银行营业用房装修采购申请采购结果信息公开
      [科技识别] 标题是否科技相关: 否
      [SKIP] 标题非科技相关，不进入详情爬取

  [20/40] 标题: 中国银行股份有限公司郑州金水支行社保卡对私驻点服务外包项目流标公告
      [科技识别] 标题是否科技相关: 否
      [SKIP] 标题非科技相关，不进入详情爬取

  [21/40] 标题: 关于金华五百滩片区老旧街区改造及基础设施提升工程专项债券资金存放银行账户选定项目的中标结果…
      [科技识别] 标题是否科技相关: 否
      [SKIP] 标题非科技相关，不进入详情爬取

  [22/40] 标题: 内蒙古农村商业银行股份有限公司正蓝旗支行关于正蓝旗上都镇夏日登吉区综合楼A1栋-116、1…
      [科技识别] 标题是否科技相关: 否
      [SKIP] 标题非科技相关，不进入详情爬取

  [23/40] 标题: 内蒙古农村商业银行股份有限公司正蓝旗支行关于正蓝旗上都镇夏日登吉区综合楼A2栋-116、1…
      [科技识别] 标题是否科技相关: 否
      [SKIP] 标题非科技相关，不进入详情爬取

  [24/40] 标题: 内蒙古农村商业银行股份有限公司呼伦贝尔海拉尔区支行关于呼伦贝尔经济开发区仁和街仁和小区3-…
      [科技识别] 标题是否科技相关: 否
      [SKIP] 标题非科技相关，不进入详情爬取

  [25/40] 标题: 南充农村商业银行股份有限公司关于南部县蜀北街道办事处建材街50号1幢1层1-2号的公告(第…
      [科技识别] 标题是否科技相关: 否
      [SKIP] 标题非科技相关，不进入详情爬取

  [26/40] 标题: 南充农村商业银行股份有限公司关于营山县朗池镇西干道泰合新天地3幢4层74号的公告(第一次)
      [科技识别] 标题是否科技相关: 否
      [SKIP] 标题非科技相关，不进入详情爬取

  [27/40] 标题: 中国银行保险监督管理委员会金昌监管分局（金昌银保监分局）处置中国银行保险监督管理委员会金昌…
      [科技识别] 标题是否科技相关: 否
      [SKIP] 标题非科技相关，不进入详情爬取

  [28/40] 标题: 长春市第二医院开户银行遴选项目（二次）遴选结果公告
      [科技识别] 标题是否科技相关: 否
      [SKIP] 标题非科技相关，不进入详情爬取

  [29/40] 标题: 中原银行长垣蒲东支行装修工程项目成交公告
      [科技识别] 标题是否科技相关: 否
      [SKIP] 标题非科技相关，不进入详情爬取

  [30/40] 标题: 渤海银行2026年异地灾备存储光纤交换机扩容采购项目竞争性采购公告
      [科技识别] 标题是否科技相关: 是
      [过滤-排除词] 未命中，通过
      [过滤-关键词] 包含「银行」，通过
      [OK] 通过全部筛选，进入详情爬取
    [已保存] output\2026-03-31\银行\招标公告_渤海银行2026年异地灾备存储光纤交换机扩容采购项目竞争性采购公告.json

  [31/40] 标题: 渤海银行2026年异地灾备数据中心搬迁采购项目竞争性采购公告
      [科技识别] 标题是否科技相关: 是
      [过滤-排除词] 未命中，通过
      [过滤-关键词] 包含「银行」，通过
      [OK] 通过全部筛选，进入详情爬取
    [已保存] output\2026-03-31\银行\招标公告_渤海银行2026年异地灾备数据中心搬迁采购项目竞争性采购公告.json

  [32/40] 标题: 2026年4-12月兴业银行哈尔滨分行物业服务外包采购项目-预成交结果公示
      [科技识别] 标题是否科技相关: 否
      [SKIP] 标题非科技相关，不进入详情爬取

  [33/40] 标题: 广州分行“广发银行股份有限公司广州分行部分网点配餐配送服务项目”的采购公告
      [科技识别] 标题是否科技相关: 否
      [SKIP] 标题非科技相关，不进入详情爬取

  [34/40] 标题: 中国农业发展银行金融科技中心合肥项目建设工程质量检测招标答疑澄清（一）
      [科技识别] 标题是否科技相关: 否
      [SKIP] 标题非科技相关，不进入详情爬取

  [35/40] 标题: 安徽全椒农村商业银行股份有限公司2026年员工就餐服务项目中标结果公告
      [科技识别] 标题是否科技相关: 否
      [SKIP] 标题非科技相关，不进入详情爬取

  [36/40] 标题: 云南嵩明农村商业银行股份有限公司2026年宣传品采购项目成交公示
      [科技识别] 标题是否科技相关: 否
      [SKIP] 标题非科技相关，不进入详情爬取

  [37/40] 标题: 中国进出口银行湖南省分行2026年保安服务项目磋商结果公告
      [科技识别] 标题是否科技相关: 否
      [SKIP] 标题非科技相关，不进入详情爬取

  [38/40] 标题: 中国邮政储蓄银行股份有限公司临沂市分行2026年押运服务采购项目单一来源采前公示
      [科技识别] 标题是否科技相关: 否
      [SKIP] 标题非科技相关，不进入详情爬取

  [39/40] 标题: 普信国际工程咨询有限公司关于江苏银行股份有限公司无锡分行门楣安装服务公开招标公告
      [科技识别] 标题是否科技相关: 否
      [SKIP] 标题非科技相关，不进入详情爬取

  [40/40] 标题: 中国银行湖南省分行网点装修监理公司采购项目招标公告
      [科技识别] 标题是否科技相关: 否
      [SKIP] 标题非科技相关，不进入详情爬取

  [第 20 页]
  [DEBUG] 已检测到「条信息」，按整页详情链接解析
      [WARN] 未找到 .ssjg-leixing，info_type 将记为采招信息
  本页找到 40 条结果

  [1/40] 标题: 中国农业发展银行西安市分行本级劳务外包服务采购项目中标结果公告
      [科技识别] 标题是否科技相关: 否
      [SKIP] 标题非科技相关，不进入详情爬取

  [2/40] 标题: 中国邮政储蓄银行股份有限公司滨州市分行2026-2029年楼外物业服务项目（第二次）招标公…
      [科技识别] 标题是否科技相关: 否
      [SKIP] 标题非科技相关，不进入详情爬取

  [3/40] 标题: 中国邮政储蓄银行股份有限公司辽宁省分行2026年中国银行保险报媒体资源投放项目流标公告
      [科技识别] 标题是否科技相关: 否
      [SKIP] 标题非科技相关，不进入详情爬取

  [4/40] 标题: 中国邮政储蓄银行股份有限公司江苏省分行2026-2027年电子支付券集中采购项目中标结果公…
      [科技识别] 标题是否科技相关: 否
      [SKIP] 标题非科技相关，不进入详情爬取

  [5/40] 标题: 中国邮政储蓄银行攀枝花市分行本部办公大楼2026年物业服务项目单一来源采前公示
      [科技识别] 标题是否科技相关: 否
      [SKIP] 标题非科技相关，不进入详情爬取

  [6/40] 标题: 中国邮政储蓄银行股份有限公司江门市紫茶支行装修工程成交公告
      [科技识别] 标题是否科技相关: 否
      [SKIP] 标题非科技相关，不进入详情爬取

  [7/40] 标题: 大连农商银行抵债资产公开拍卖租赁
      [科技识别] 标题是否科技相关: 否
      [SKIP] 标题非科技相关，不进入详情爬取

  [8/40] 标题: 山东龙口农村商业银行股份有限公司2026年系统信创改造项目结果公示
      [科技识别] 标题是否科技相关: 否
      [SKIP] 标题非科技相关，不进入详情爬取

  [9/40] 标题: 中原银行股份有限公司智能客服机器人系统重构测试服务项目竞争性磋商公告
      [科技识别] 标题是否科技相关: 否
      [SKIP] 标题非科技相关，不进入详情爬取

  [10/40] 标题: 恒丰银行咸阳分行2026年餐饮服务项目-成交结果公告
      [科技识别] 标题是否科技相关: 否
      [SKIP] 标题非科技相关，不进入详情爬取

  [11/40] 标题: 长安银行股份有限公司西安地区网点装修施工、门头LED屏和标识标牌制作安装单位入围项目公开招…
      [科技识别] 标题是否科技相关: 否
      [SKIP] 标题非科技相关，不进入详情爬取

  [12/40] 标题: 中国人民银行巢湖分行关于钟的网上超市采购项目合同履约验收公告
      [科技识别] 标题是否科技相关: 否
      [SKIP] 标题非科技相关，不进入详情爬取

  [13/40] 标题: 中国人民银行巢湖分行关于意见箱/抽奖箱/信件箱的网上超市采购项目合同履约验收公告
      [科技识别] 标题是否科技相关: 否
      [SKIP] 标题非科技相关，不进入详情爬取

  [14/40] 标题: 中国人民银行巢湖分行关于拆信刀/切纸刀的网上超市采购项目合同履约验收公告
      [科技识别] 标题是否科技相关: 否
      [SKIP] 标题非科技相关，不进入详情爬取

  [15/40] 标题: 中国人民银行巢湖分行关于宣传单/海报/说明书的网上超市采购项目合同履约验收公告
      [科技识别] 标题是否科技相关: 否
      [SKIP] 标题非科技相关，不进入详情爬取

  [16/40] 标题: 中国银行股份有限公司陕西省分行出纳管理部采购货币鉴定设备项目(文件检验仪、多光谱纸币分析设…
      [科技识别] 标题是否科技相关: 否
      [SKIP] 标题非科技相关，不进入详情爬取

  [17/40] 标题: 内蒙古农村商业银行股份有限公司呼和浩特玉泉支行10宗房产公开转让询价项目
      [科技识别] 标题是否科技相关: 否
      [SKIP] 标题非科技相关，不进入详情爬取

  [18/40] 标题: 西安银行股份有限公司监管报表“一表通”项目（二次）中标候选人公示
      [科技识别] 标题是否科技相关: 是
      [过滤-排除词] 未命中，通过
      [过滤-关键词] 包含「银行」，通过
      [OK] 通过全部筛选，进入详情爬取
    [已保存] output\2026-03-31\银行\中标结果_西安银行股份有限公司监管报表“一表通”项目（二次）中标候选人公示.json

  [19/40] 标题: 浦发银行西安分行风险资产委托律师事务所代理入围项目招标公告
      [科技识别] 标题是否科技相关: 否
      [SKIP] 标题非科技相关，不进入详情爬取

  [20/40] 标题: 2603-320570-89-01-460458中国农业银行股份有限公司常熟福山支行原址装…
      [科技识别] 标题是否科技相关: 否
      [SKIP] 标题非科技相关，不进入详情爬取

  [21/40] 标题: 2603-320505-89-05-446395中国建设银行股份有限公司苏州何山支行营业用…
      [科技识别] 标题是否科技相关: 否
      [SKIP] 标题非科技相关，不进入详情爬取

  [22/40] 标题: 榆次农商银行2026年框架协议采购入围项目框架协议采购公告
      [科技识别] 标题是否科技相关: 否
      [SKIP] 标题非科技相关，不进入详情爬取

  [23/40] 标题: 广东华润银行股份有限公司肇庆分行华润银行肇庆分行食堂人力外包服务采购采购结果公示
      [科技识别] 标题是否科技相关: 否
      [SKIP] 标题非科技相关，不进入详情爬取

  [24/40] 标题: 安徽全椒农村商业银行股份有限公司2026年员工就餐服务项目中标结果公告
      [科技识别] 标题是否科技相关: 否
      [SKIP] 标题非科技相关，不进入详情爬取

  [25/40] 标题: 国家开发银行2026-2028年总行小区公产房屋及设施专项物业服务成交...
      [科技识别] 标题是否科技相关: 否
      [SKIP] 标题非科技相关，不进入详情爬取

  [26/40] 标题: 乌鲁木齐银行收单设备供应商入围项目废标公告
      [科技识别] 标题是否科技相关: 否
      [SKIP] 标题非科技相关，不进入详情爬取

  [27/40] 标题: 平安银行2026年度中国电信网络专线框架协议项目供应商寻源征集
      [科技识别] 标题是否科技相关: 否
      [SKIP] 标题非科技相关，不进入详情爬取

  [28/40] 标题: 宁海县前童镇人民政府开户银行和公款竞争性存放项目项目终止公告
      [科技识别] 标题是否科技相关: 否
      [SKIP] 标题非科技相关，不进入详情爬取

  [29/40] 标题: 平安银行2026年度中国移动网络专线框架协议项目供应商寻源征集
      [科技识别] 标题是否科技相关: 否
      [SKIP] 标题非科技相关，不进入详情爬取

  [30/40] 标题: 平安银行2026年度中国联通网络专线框架协议项目供应商寻源征集
      [科技识别] 标题是否科技相关: 否
      [SKIP] 标题非科技相关，不进入详情爬取

  [31/40] 标题: 宁海县前童镇人民政府开户银行和公款竞争性存放招标项目项目终止公告
      [科技识别] 标题是否科技相关: 否
      [SKIP] 标题非科技相关，不进入详情爬取

  [32/40] 标题: 内蒙古农村商业银行股份有限公司正蓝旗支行关于正蓝旗上都乃日音希热区土地的公告(第一次)
      [科技识别] 标题是否科技相关: 否
      [SKIP] 标题非科技相关，不进入详情爬取

  [33/40] 标题: 绍兴银行股份有限公司关于绍兴市人民中路375号一楼房屋租赁的公告(第一次)
      [科技识别] 标题是否科技相关: 否
      [SKIP] 标题非科技相关，不进入详情爬取

  [34/40] 标题: 内蒙古农村商业银行股份有限公司正蓝旗支行关于正蓝旗上都镇敖包希热区电力公司1#103-20…
      [科技识别] 标题是否科技相关: 否
      [SKIP] 标题非科技相关，不进入详情爬取

  [35/40] 标题: 内蒙古农村商业银行股份有限公司正蓝旗支行关于正蓝旗上都镇浩雅尔宝恩巴区2#商住楼103-2…
      [科技识别] 标题是否科技相关: 否
      [SKIP] 标题非科技相关，不进入详情爬取

  [36/40] 标题: 内蒙古农村商业银行股份有限公司正蓝旗支行关于正蓝旗上都镇敖包希热区电力公司2#101-30…
      [科技识别] 标题是否科技相关: 否
      [SKIP] 标题非科技相关，不进入详情爬取

  [37/40] 标题: 中国建设银行股份有限公司哈尔滨住房支行关于哈尔滨市南岗区长江路65号-1层A区04号车位拍…
      [科技识别] 标题是否科技相关: 否
      [SKIP] 标题非科技相关，不进入详情爬取

  [38/40] 标题: 内蒙古农村商业银行股份有限公司正蓝旗支行关于正蓝旗上都镇旧供电局对面（城东旅社）的公告(第…
      [科技识别] 标题是否科技相关: 否
      [SKIP] 标题非科技相关，不进入详情爬取

  [39/40] 标题: 中国建设银行股份有限公司哈尔滨住房支行关于哈尔滨市南岗区长江路65号-1层A区09号车位拍…
      [科技识别] 标题是否科技相关: 否
      [SKIP] 标题非科技相关，不进入详情爬取

  [40/40] 标题: 绍兴银行股份有限公司关于绍兴市人民中路377号一楼房屋租赁的公告(第一次)
      [科技识别] 标题是否科技相关: 否
      [SKIP] 标题非科技相关，不进入详情爬取

  [第 21 页]
  [DEBUG] 已检测到「条信息」，按整页详情链接解析
      [WARN] 未找到 .ssjg-leixing，info_type 将记为采招信息
  本页找到 40 条结果

  [1/40] 标题: 内蒙古农村商业银行股份有限公司呼伦贝尔海拉尔区支行关于呼伦贝尔经济开发区仁和街仁和小区3-…
      [科技识别] 标题是否科技相关: 否
      [SKIP] 标题非科技相关，不进入详情爬取

  [2/40] 标题: 内蒙古农村商业银行股份有限公司正蓝旗支行关于正蓝旗上都镇敖包希热区电力公司1#101-30…
      [科技识别] 标题是否科技相关: 否
      [SKIP] 标题非科技相关，不进入详情爬取

  [3/40] 标题: 内蒙古农村商业银行股份有限公司呼伦贝尔海拉尔区支行关于呼伦贝尔经济开发区仁和街仁和小区3-…
      [科技识别] 标题是否科技相关: 否
      [SKIP] 标题非科技相关，不进入详情爬取

  [4/40] 标题: 中国银行股份有限公司广东省分行佛山南海支行物业管理服务项目（第二次）招标结果公告
      [科技识别] 标题是否科技相关: 否
      [SKIP] 标题非科技相关，不进入详情爬取

  [5/40] 标题: 徽商银行关于淮北分行2026-2029年网点渠道建设暖通（含新风）供应商库采购项目评标结果…
      [科技识别] 标题是否科技相关: 否
      [SKIP] 标题非科技相关，不进入详情爬取

  [6/40] 标题: 厦门万翔-XM2026-TZ5021光大银行厦门分行员工观影活动项目的更改通知（招标编号：…
      [科技识别] 标题是否科技相关: 否
      [SKIP] 标题非科技相关，不进入详情爬取

  [7/40] 标题: 无锡农村商业银行股份有限公司2026-2028年度数据中心路由交换设备维保服务公开招标公告
      [科技识别] 标题是否科技相关: 是
      [过滤-排除词] 未命中，通过
      [过滤-关键词] 包含「银行」，通过
      [OK] 通过全部筛选，进入详情爬取
    [已保存] output\2026-03-31\银行\招标公告_无锡农村商业银行股份有限公司2026-2028年度数据中心路由交换设备维保服务公开招标公告.json

  [8/40] 标题: 辽宁省抚顺市新抚区西一路2号1负2至18层交通银行房产拍卖公告
      [科技识别] 标题是否科技相关: 否
      [SKIP] 标题非科技相关，不进入详情爬取

  [9/40] 标题: 重庆农村商业银行·中国人寿重庆市分公司2026年一季度期交业务推动方案项目采购公告
      [科技识别] 标题是否科技相关: 否
      [SKIP] 标题非科技相关，不进入详情爬取

  [10/40] 标题: 中国建设银行股份有限公司哈尔滨住房支行关于哈尔滨市南岗区长江路65号-1层A区08号车位拍…
      [科技识别] 标题是否科技相关: 否
      [SKIP] 标题非科技相关，不进入详情爬取

  [11/40] 标题: 中国建设银行股份有限公司哈尔滨住房支行关于哈尔滨市南岗区长江路65号-1层A区07号车位拍…
      [科技识别] 标题是否科技相关: 否
      [SKIP] 标题非科技相关，不进入详情爬取

  [12/40] 标题: 中国建设银行股份有限公司哈尔滨住房支行关于哈尔滨市南岗区长江路65号-1层A区06号车位拍…
      [科技识别] 标题是否科技相关: 否
      [SKIP] 标题非科技相关，不进入详情爬取

  [13/40] 标题: 杭州文化产权交易所关于江门农商银行自然人股15万股【含证】＆专人协助办理过户的公告
      [科技识别] 标题是否科技相关: 否
      [SKIP] 标题非科技相关，不进入详情爬取

  [14/40] 标题: 内蒙古农村商业银行股份有限公司正蓝旗支行关于正蓝旗上都镇敖包希热区电力公司1#102-20…
      [科技识别] 标题是否科技相关: 否
      [SKIP] 标题非科技相关，不进入详情爬取

  [15/40] 标题: 中国农业发展银行呼和浩特市分行辖内各支行2026年物业服务集中采购项目招标公告[二次]
      [科技识别] 标题是否科技相关: 否
      [SKIP] 标题非科技相关，不进入详情爬取

  [16/40] 标题: 内蒙古农村商业银行股份有限公司呼和浩特玉泉支行12宗房产公开转让询价项目
      [科技识别] 标题是否科技相关: 否
      [SKIP] 标题非科技相关，不进入详情爬取

  [17/40] 标题: 中国光大银行公共软件许可（含图像设计、文档编辑等）采购项目公开招标中标结果公告
      [科技识别] 标题是否科技相关: 是
      [过滤-排除词] 未命中，通过
      [过滤-关键词] 包含「银行」，通过
      [OK] 通过全部筛选，进入详情爬取
    [已保存] output\2026-03-31\银行\中标结果_中国光大银行公共软件许可（含图像设计、文档编辑等）采购项目公开招标中标结果公告.json

  [18/40] 标题: 广东华润银行股份有限公司肇庆分行华润银行肇庆分行食堂人力外包服务采购采购结果公示
      [科技识别] 标题是否科技相关: 否
      [SKIP] 标题非科技相关，不进入详情爬取

  [19/40] 标题: 兴业银行济南分行关于2026年威海地区委托律所催收信用卡逾期项目供应商征集调研公告
      [科技识别] 标题是否科技相关: 否
      [SKIP] 标题非科技相关，不进入详情爬取

  [20/40] 标题: 新开发银行贷款云南玉溪国际物流港发展项目前期工作咨询服务
      [科技识别] 标题是否科技相关: 否
      [SKIP] 标题非科技相关，不进入详情爬取

  [21/40] 标题: 宁波市奉化区盛丰农业发展有限公司及宁波市奉化区方桥工业区开发有限公司公款竞争性存放银行招标…
      [科技识别] 标题是否科技相关: 否
      [SKIP] 标题非科技相关，不进入详情爬取

  [22/40] 标题: 中国光大银行全行固定资产统一保险采购项目公开招标中标结果公告
      [科技识别] 标题是否科技相关: 否
      [SKIP] 标题非科技相关，不进入详情爬取

  [23/40] 标题: 中国银行河南省分行矿业权类评估机构选型入围项目结果公告
      [科技识别] 标题是否科技相关: 否
      [SKIP] 标题非科技相关，不进入详情爬取

  [24/40] 标题: 中国银行河南省分行资产类评估机构选型入围项目结果公告
      [科技识别] 标题是否科技相关: 否
      [SKIP] 标题非科技相关，不进入详情爬取

  [25/40] 标题: 中国银行河南省分行房地产土地类评估机构选型入围项目结果公告
      [科技识别] 标题是否科技相关: 否
      [SKIP] 标题非科技相关，不进入详情爬取

  [26/40] 标题: 织金农商银行现金清分机采购项目招标采购公告
      [科技识别] 标题是否科技相关: 否
      [SKIP] 标题非科技相关，不进入详情爬取

  [27/40] 标题: 关于【乐平市国控集团收购一个亿等值的九江银行定向增发内资股项目的资产评估】中选结果的公告
      [科技识别] 标题是否科技相关: 否
      [SKIP] 标题非科技相关，不进入详情爬取

  [28/40] 标题: 招商银行宁波分行回单打印机耗材采购项目供应商征集公告
      [科技识别] 标题是否科技相关: 是
      [过滤-排除词] 未命中，通过
      [过滤-关键词] 包含「银行」，通过
      [OK] 通过全部筛选，进入详情爬取
    [已保存] output\2026-03-31\银行\招标公告_招商银行宁波分行回单打印机耗材采购项目供应商征集公告.json

  [29/40] 标题: 宁波市奉化区盛丰农业发展有限公司及宁波市奉化区方桥工业区开发有限公司公款竞争性存放银行招标…
      [科技识别] 标题是否科技相关: 否
      [SKIP] 标题非科技相关，不进入详情爬取

  [30/40] 标题: 泸州农商银行江阳区和龙马潭区内网点保安服务采购项目招标公告
      [科技识别] 标题是否科技相关: 否
      [SKIP] 标题非科技相关，不进入详情爬取

  [31/40] 标题: 建设银行宁波市分行关于社保卡制卡设备耗材（型号：EVOLISYMCKO专码彩色带）采购项目…
      [科技识别] 标题是否科技相关: 否
      [SKIP] 标题非科技相关，不进入详情爬取

  [32/40] 标题: 盘锦银行资产处置
      [科技识别] 标题是否科技相关: 否
      [SKIP] 标题非科技相关，不进入详情爬取

  [33/40] 标题: 建设银行宁波市分行关于社保卡制卡设备耗材（型号：EVOLISYMCKO-300张金乔版本Z…
      [科技识别] 标题是否科技相关: 否
      [SKIP] 标题非科技相关，不进入详情爬取

  [34/40] 标题: 建设银行宁波市分行关于社保卡制卡设备耗材（型号：IDPSMART-51S）采购项目单一来源…
      [科技识别] 标题是否科技相关: 否
      [SKIP] 标题非科技相关，不进入详情爬取

  [35/40] 标题: 江苏长江商业银行股份有限公司宿迁分行关于葛**的债权
      [科技识别] 标题是否科技相关: 否
      [SKIP] 标题非科技相关，不进入详情爬取

  [36/40] 标题: 内蒙古农村商业银行股份有限公司呼伦贝尔海拉尔区支行关于呼伦贝尔经济开发区仁和街仁和小区3-…
      [科技识别] 标题是否科技相关: 否
      [SKIP] 标题非科技相关，不进入详情爬取

  [37/40] 标题: 内蒙古农村商业银行股份有限公司正蓝旗支行关于正蓝旗上都镇溢福尚城综合楼301-401室的公…
      [科技识别] 标题是否科技相关: 否
      [SKIP] 标题非科技相关，不进入详情爬取

  [38/40] 标题: 内蒙古农村商业银行股份有限公司正蓝旗支行关于正蓝旗上都镇溢福尚城综合楼的公告(第一次)
      [科技识别] 标题是否科技相关: 否
      [SKIP] 标题非科技相关，不进入详情爬取

  [39/40] 标题: 内蒙古农村商业银行股份有限公司呼伦贝尔海拉尔区支行关于呼伦贝尔经济开发区仁和街仁和小区3-…
      [科技识别] 标题是否科技相关: 否
      [SKIP] 标题非科技相关，不进入详情爬取

  [40/40] 标题: 内蒙古农村商业银行股份有限公司正蓝旗支行关于正蓝旗上都镇溢福尚城12套商业楼的公告(第一次…
      [科技识别] 标题是否科技相关: 否
      [SKIP] 标题非科技相关，不进入详情爬取

  [第 22 页]
  [DEBUG] 已检测到「条信息」，按整页详情链接解析
      [WARN] 未找到 .ssjg-leixing，info_type 将记为采招信息
  本页找到 40 条结果

  [1/40] 标题: 内蒙古农村商业银行股份有限公司正蓝旗支行关于正蓝旗上都镇溢福尚城商业楼21套公寓的公告(第…
      [科技识别] 标题是否科技相关: 否
      [SKIP] 标题非科技相关，不进入详情爬取

  [2/40] 标题: 交通银行股份有限公司青岛分行2026年-2027年分行国际快递服务采购项目流标公告
      [科技识别] 标题是否科技相关: 否
      [SKIP] 标题非科技相关，不进入详情爬取

  [3/40] 标题: 中国银行股份有限公司山西省分行2026年普通凭证印刷厂商选型入围项目框架协议招标公告
      [科技识别] 标题是否科技相关: 否
      [SKIP] 标题非科技相关，不进入详情爬取

  [4/40] 标题: 威海银行绿色金融咨询专家库入围项目中标结果公示-HDC-2026-007
      [科技识别] 标题是否科技相关: 否
      [SKIP] 标题非科技相关，不进入详情爬取

  [5/40] 标题: 贵州银行客户线上营销活动虚拟权益服务商库（2026-2028年）中标候选人公示
      [科技识别] 标题是否科技相关: 否
      [SKIP] 标题非科技相关，不进入详情爬取

  [6/40] 标题: 贵州遵义汇川农村商业银行股份有限公司办公用品采购中标（成交）结果公告
      [科技识别] 标题是否科技相关: 否
      [SKIP] 标题非科技相关，不进入详情爬取

  [7/40] 标题: 中国进出口银行喀什分行2026-2027年内部物业服务项目竞争性磋商公告
      [科技识别] 标题是否科技相关: 否
      [SKIP] 标题非科技相关，不进入详情爬取

  [8/40] 标题: 中国建设银行股份有限公司广州分行私行客户生日有礼增值服务项目
      [科技识别] 标题是否科技相关: 否
      [SKIP] 标题非科技相关，不进入详情爬取

  [9/40] 标题: 商丘市住宅专项维修资金定期存款受托银行服务项目中标结果公告
      [科技识别] 标题是否科技相关: 否
      [SKIP] 标题非科技相关，不进入详情爬取

  [10/40] 标题: 内蒙古农村商业银行股份有限公司正蓝旗支行关于正蓝旗上都镇溢福尚城22套公寓楼的公告(第一次…
      [科技识别] 标题是否科技相关: 否
      [SKIP] 标题非科技相关，不进入详情爬取

  [11/40] 标题: 中国建设银行股份有限公司常州分行全辖物业服务中标公告
      [科技识别] 标题是否科技相关: 否
      [SKIP] 标题非科技相关，不进入详情爬取

  [12/40] 标题: 中国建设银行股份有限公司广州分行私行客户生日有礼增值服务项目中标公告
      [科技识别] 标题是否科技相关: 否
      [SKIP] 标题非科技相关，不进入详情爬取

  [13/40] 标题: 甘肃农村商业银行股份有限公司山丹支行对持有的山丹县天润农工贸有限责任公司等13户不良债权资…
      [科技识别] 标题是否科技相关: 否
      [SKIP] 标题非科技相关，不进入详情爬取

  [14/40] 标题: 辽宁农商银行台安支行机关食堂食材采购竞争性磋商采购公告（三次）
      [科技识别] 标题是否科技相关: 否
      [SKIP] 标题非科技相关，不进入详情爬取

  [15/40] 标题: 中国光大银行青岛分行部分经营网点门楣更换项目中标结果公告
      [科技识别] 标题是否科技相关: 否
      [SKIP] 标题非科技相关，不进入详情爬取

  [16/40] 标题: 盐边县医疗保障事务中心城乡医疗救助基金账户开户银行选择服务项目竞争性选择公告
      [科技识别] 标题是否科技相关: 否
      [SKIP] 标题非科技相关，不进入详情爬取

  [17/40] 标题: 内蒙古农村商业银行股份有限公司正蓝旗支行关于正蓝旗上都镇味滋源蛋糕店的公告(第一次)
      [科技识别] 标题是否科技相关: 否
      [SKIP] 标题非科技相关，不进入详情爬取

  [18/40] 标题: 中国银行股份有限公司唐山分行遵化支行营业用房装修项目-建设工程安全监督告知承诺（遵化市）
      [科技识别] 标题是否科技相关: 否
      [SKIP] 标题非科技相关，不进入详情爬取

  [19/40] 标题: 中国银行股份有限公司唐山分行遵化支行营业用房装修项目-建设工程质量监督告知承诺【遵化市】
      [科技识别] 标题是否科技相关: 否
      [SKIP] 标题非科技相关，不进入详情爬取

  [20/40] 标题: 中国银行股份有限公司唐山分行遵化支行营业用房装修项目-建设工程消防设计审查【遵化市】
      [科技识别] 标题是否科技相关: 否
      [SKIP] 标题非科技相关，不进入详情爬取

  [21/40] 标题: 中国银行股份有限公司唐山分行遵化支行营业用房装修项目-建筑工程施工许可【遵化市】
      [科技识别] 标题是否科技相关: 否
      [SKIP] 标题非科技相关，不进入详情爬取

  [22/40] 标题: 中国建设银行吉林省分行关于调整单位结算卡柜面非通兑及通兑取现每日累计限额默认标准的公告
      [科技识别] 标题是否科技相关: 否
      [SKIP] 标题非科技相关，不进入详情爬取

  [23/40] 标题: 蒙商银行股份有限公司呼和浩特新苑支行公开招租项目竞价公告
      [科技识别] 标题是否科技相关: 否
      [SKIP] 标题非科技相关，不进入详情爬取

  [24/40] 标题: 中国邮政储蓄银行股份有限公司临沂市分行2026年押运服务采购项目单一来源采前公示
      [科技识别] 标题是否科技相关: 否
      [SKIP] 标题非科技相关，不进入详情爬取

  [25/40] 标题: 中国进出口银行上海分行BMK意大利资产保全专项律师服务采购项目竞争性磋商公告
      [科技识别] 标题是否科技相关: 否
      [SKIP] 标题非科技相关，不进入详情爬取

  [26/40] 标题: 招商银行重庆分行养老+系列活动策划执行供应商征集公告
      [科技识别] 标题是否科技相关: 否
      [SKIP] 标题非科技相关，不进入详情爬取

  [27/40] 标题: 嘉峪关农村商业银行股份有限公司关于张掖绿洲现代物流园区规划发展大道南侧商服及住宅用地的公告…
      [科技识别] 标题是否科技相关: 否
      [SKIP] 标题非科技相关，不进入详情爬取

  [28/40] 标题: 嘉峪关农村商业银行股份有限公司关于嘉峪关市嘉东工业园区新城大道4053号不动产转让出售的公…
      [科技识别] 标题是否科技相关: 否
      [SKIP] 标题非科技相关，不进入详情爬取

  [29/40] 标题: 贵州银行平台运营服务（信用卡核心系统外包托管服务）采购项目供应商征集
      [科技识别] 标题是否科技相关: 是
      [过滤-排除词] 未命中，通过
      [过滤-关键词] 包含「银行」，通过
      [OK] 通过全部筛选，进入详情爬取
    [已保存] output\2026-03-31\银行\招标公告_贵州银行平台运营服务（信用卡核心系统外包托管服务）采购项目供应商征集.json

  [30/40] 标题: 中国银行大连市分行市财政一体化系统BPS代发项目结果公告
      [科技识别] 标题是否科技相关: 否
      [SKIP] 标题非科技相关，不进入详情爬取

  [31/40] 标题: 兴业银行海口分行关于2026年虚拟卡券集中采购项目招标公告
      [科技识别] 标题是否科技相关: 否
      [SKIP] 标题非科技相关，不进入详情爬取

  [32/40] 标题: 北京市公共资源交易中心“一站式”业务一般账户变更开户银行服务项目（二次）公开招标公告
      [科技识别] 标题是否科技相关: 否
      [SKIP] 标题非科技相关，不进入详情爬取

  [33/40] 标题: 中国银行股份有限公司唐山分行社会化保安执勤服务项目（遵化片区）成交结果公示
      [科技识别] 标题是否科技相关: 否
      [SKIP] 标题非科技相关，不进入详情爬取

  [34/40] 标题: 天津银行股份有限公司泰安分行2026年度职工食堂餐饮服务采购项目中标结果公告
      [科技识别] 标题是否科技相关: 否
      [SKIP] 标题非科技相关，不进入详情爬取

  [35/40] 标题: 中信银行深圳分行托管营运部分业务环节操作外包项目中标公告
      [科技识别] 标题是否科技相关: 否
      [SKIP] 标题非科技相关，不进入详情爬取

  [36/40] 标题: 中国邮政储蓄银行股份有限公司江门市紫茶支行装修工程项目成交结果公告
      [科技识别] 标题是否科技相关: 否
      [SKIP] 标题非科技相关，不进入详情爬取

  [37/40] 标题: 关于中国建设银行股份有限公司河南省分行豫（2018）中牟县不动产证明第0010418号遗失…
      [科技识别] 标题是否科技相关: 否
      [SKIP] 标题非科技相关，不进入详情爬取

  [38/40] 标题: 渤海银行“渤海E学堂”移动学习平台采购项目单一来源采购公示
      [科技识别] 标题是否科技相关: 是
      [过滤-排除词] 未命中，通过
      [过滤-关键词] 包含「银行」，通过
      [OK] 通过全部筛选，进入详情爬取
    [已保存] output\2026-03-31\银行\招标公告_渤海银行“渤海E学堂”移动学习平台采购项目单一来源采购公示.json

  [39/40] 标题: 内蒙古农村商业银行股份有限公司呼伦贝尔海拉尔区支行关于呼伦贝尔经济开发区仁和街仁和小区3-…
      [科技识别] 标题是否科技相关: 否
      [SKIP] 标题非科技相关，不进入详情爬取

  [40/40] 标题: 中山市第一人民法院关于被执行人李东旭持有的广东茂名农村商业银行股份有限公司的股金21525…
      [科技识别] 标题是否科技相关: 否
      [SKIP] 标题非科技相关，不进入详情爬取

  [第 23 页]
  [DEBUG] 已检测到「条信息」，按整页详情链接解析
      [WARN] 未找到 .ssjg-leixing，info_type 将记为采招信息
  本页找到 40 条结果

  [1/40] 标题: 长安银行汉中分行业务宣传品采购项目入围结果公示
      [科技识别] 标题是否科技相关: 否
      [SKIP] 标题非科技相关，不进入详情爬取

  [2/40] 标题: 兴业银行长沙分行2026年同城支行网点保洁服务采购项目结果公告
      [科技识别] 标题是否科技相关: 否
      [SKIP] 标题非科技相关，不进入详情爬取

  [3/40] 标题: 兴业银行长沙分行2026本部物业服务采购结果公告
      [科技识别] 标题是否科技相关: 否
      [SKIP] 标题非科技相关，不进入详情爬取

  [4/40] 标题: 中国银行滨州分行选取个人金融部代发薪重点客群客户营销服务集中采购项目结果公告
      [科技识别] 标题是否科技相关: 否
      [SKIP] 标题非科技相关，不进入详情爬取

  [5/40] 标题: 中国邮政储蓄银行湖州市分行、丽水市分行安防设备维保服务项目中标候选人公示
      [科技识别] 标题是否科技相关: 否
      [SKIP] 标题非科技相关，不进入详情爬取

  [6/40] 标题: 中国邮政储蓄银行巴中市分行2026-2028年度营业网点保安值守服务项目流标公告
      [科技识别] 标题是否科技相关: 否
      [SKIP] 标题非科技相关，不进入详情爬取

  [7/40] 标题: 九江银行上饶分行2026年零售营销物品供应商采购补录项目
      [科技识别] 标题是否科技相关: 否
      [SKIP] 标题非科技相关，不进入详情爬取

  [8/40] 标题: 招商银行上海云数据中心机房基础设施更新（UPS及配电系统部分）项目中标结果公示
      [科技识别] 标题是否科技相关: 是
      [过滤-排除词] 未命中，通过
      [过滤-关键词] 包含「银行」，通过
      [OK] 通过全部筛选，进入详情爬取
    [已保存] output\2026-03-31\银行\中标结果_招商银行上海云数据中心机房基础设施更新（UPS及配电系统部分）项目中标结果公示.json

  [9/40] 标题: 交通银行股份有限公司重庆学府路支行装修工程中标结果公示
      [科技识别] 标题是否科技相关: 否
      [SKIP] 标题非科技相关，不进入详情爬取

  [10/40] 标题: 山西银行2026年移动端兼容性测试项目二次供应商征集公告
      [科技识别] 标题是否科技相关: 否
      [SKIP] 标题非科技相关，不进入详情爬取

  [11/40] 标题: 东莞农村商业银行小额零星维修采购项目市场调研咨询公告
      [科技识别] 标题是否科技相关: 否
      [SKIP] 标题非科技相关，不进入详情爬取

  [12/40] 标题: 阳江农村商业银行股份有限公司物料设计制作供应商资格准入采购项目中标结果公告
      [科技识别] 标题是否科技相关: 否
      [SKIP] 标题非科技相关，不进入详情爬取

  [13/40] 标题: 徽商银行关于亳州分行自助设备及维保服务供应商入库（协议供货制）采购项目招标公告
      [科技识别] 标题是否科技相关: 否
      [SKIP] 标题非科技相关，不进入详情爬取

  [14/40] 标题: 辽沈银行FATF第五轮反洗钱国际互评估迎评咨询服务中标公告
      [科技识别] 标题是否科技相关: 否
      [SKIP] 标题非科技相关，不进入详情爬取

  [15/40] 标题: 中国光大银行股份有限公司南京分行2026年医保省本级零星报销业务外包配置项目公开招标公告
      [科技识别] 标题是否科技相关: 否
      [SKIP] 标题非科技相关，不进入详情爬取

  [16/40] 标题: 2026年洛阳农商银行系统律师事务所入围框架协议采购项目征集公告
      [科技识别] 标题是否科技相关: 否
      [SKIP] 标题非科技相关，不进入详情爬取

  [17/40] 标题: 中国工商银行股份有限公司辽宁省分行外聘律师供应商库项目（标包5：丹东地区）中标结果公示
      [科技识别] 标题是否科技相关: 否
      [SKIP] 标题非科技相关，不进入详情爬取

  [18/40] 标题: 上海浦东发展银行股份有限公司北京分行运行维护外包服务项目中标结果公告
      [科技识别] 标题是否科技相关: 否
      [SKIP] 标题非科技相关，不进入详情爬取

  [19/40] 标题: 山东高唐农村商业银行股份有限公司商务型业务经营保障用车采购项目废标公告
      [科技识别] 标题是否科技相关: 否
      [SKIP] 标题非科技相关，不进入详情爬取

  [20/40] 标题: 绍兴银行新昌支行2026年6月——2028年5月保安服务采购项目招标公告
      [科技识别] 标题是否科技相关: 否
      [SKIP] 标题非科技相关，不进入详情爬取

  [21/40] 标题: 绍兴银行2026年信创办公软件授权采购项目招标公告
      [科技识别] 标题是否科技相关: 是
      [过滤-排除词] 命中「办公」→ 跳过

  [22/40] 标题: 【拍卖公告】永兴马田镇银行资产独立院落门面+办公楼+住宅4月16日拍卖
      [科技识别] 标题是否科技相关: 否
      [SKIP] 标题非科技相关，不进入详情爬取

  [23/40] 标题: 南充农村商业银行股份有限公司关于营山县朗池镇西干道泰合新天地3幢4层19号的公告(第一次)
      [科技识别] 标题是否科技相关: 否
      [SKIP] 标题非科技相关，不进入详情爬取

  [24/40] 标题: 内蒙古农村商业银行股份有限公司呼伦贝尔海拉尔区支行关于呼伦贝尔经济开发区仁和街仁和小区3-…
      [科技识别] 标题是否科技相关: 否
      [SKIP] 标题非科技相关，不进入详情爬取

  [25/40] 标题: 南充农村商业银行股份有限公司关于南部县蜀北街道办事处红岩子大道西延线与212国道交汇处圣桦…
      [科技识别] 标题是否科技相关: 否
      [SKIP] 标题非科技相关，不进入详情爬取

  [26/40] 标题: 南充农村商业银行股份有限公司关于营山县朗池镇西干道泰合新天地3幢4层23号的公告(第一次)
      [科技识别] 标题是否科技相关: 否
      [SKIP] 标题非科技相关，不进入详情爬取

  [27/40] 标题: 南充农村商业银行股份有限公司关于营山县朗池镇西干道泰合新天地3幢4层24号的公告(第一次)
      [科技识别] 标题是否科技相关: 否
      [SKIP] 标题非科技相关，不进入详情爬取

  [28/40] 标题: 内蒙古农村商业银行股份有限公司呼伦贝尔海拉尔区支行关于呼伦贝尔经济开发区仁和街仁和小区3-…
      [科技识别] 标题是否科技相关: 否
      [SKIP] 标题非科技相关，不进入详情爬取

  [29/40] 标题: 南充农村商业银行股份有限公司关于营山县朗池镇西干道泰合新天地3幢4层22号的公告(第一次)
      [科技识别] 标题是否科技相关: 否
      [SKIP] 标题非科技相关，不进入详情爬取

  [30/40] 标题: 南充农村商业银行股份有限公司关于南部县蜀北街道办事处红岩子大道西延线与212国道交汇处圣桦…
      [科技识别] 标题是否科技相关: 否
      [SKIP] 标题非科技相关，不进入详情爬取

  [31/40] 标题: 南充农村商业银行股份有限公司关于营山县朗池镇西干道泰合新天地3幢4层21号的公告(第一次)
      [科技识别] 标题是否科技相关: 否
      [SKIP] 标题非科技相关，不进入详情爬取

  [32/40] 标题: 内蒙古农村商业银行股份有限公司呼伦贝尔海拉尔区支行关于呼伦贝尔经济开发区仁和街仁和小区3-…
      [科技识别] 标题是否科技相关: 否
      [SKIP] 标题非科技相关，不进入详情爬取

  [33/40] 标题: 南充农村商业银行股份有限公司关于营山县朗池镇西干道泰合新天地3幢4层20号的公告(第一次)
      [科技识别] 标题是否科技相关: 否
      [SKIP] 标题非科技相关，不进入详情爬取

  [34/40] 标题: 南充农村商业银行股份有限公司关于南部县蜀北街道办事处红岩子大道西延线与212国道交汇处圣桦…
      [科技识别] 标题是否科技相关: 否
      [SKIP] 标题非科技相关，不进入详情爬取

  [35/40] 标题: 南充农村商业银行股份有限公司关于南部县蜀北街道办事处红岩子大道西延线与212国道交汇处圣桦…
      [科技识别] 标题是否科技相关: 否
      [SKIP] 标题非科技相关，不进入详情爬取

  [36/40] 标题: 南充农村商业银行股份有限公司关于南部县蜀北街道办事处红岩子大道西延线与212国道交汇处圣桦…
      [科技识别] 标题是否科技相关: 否
      [SKIP] 标题非科技相关，不进入详情爬取

  [37/40] 标题: 内蒙古农村商业银行股份有限公司呼伦贝尔海拉尔区支行关于呼伦贝尔经济开发区仁和街仁和小区3-…
      [科技识别] 标题是否科技相关: 否
      [SKIP] 标题非科技相关，不进入详情爬取

  [38/40] 标题: 南充农村商业银行股份有限公司关于营山县朗池镇西干道泰合新天地3幢4层61号的公告(第一次)
      [科技识别] 标题是否科技相关: 否
      [SKIP] 标题非科技相关，不进入详情爬取

  [39/40] 标题: 中国银行非公开招标项目成交结果公示信息审批表石家庄分行参保雇员忠诚险项目
      [科技识别] 标题是否科技相关: 否
      [SKIP] 标题非科技相关，不进入详情爬取

  [40/40] 标题: 我司中标中国银行广州分行“2026年度重点客群营销活动”项目
      [科技识别] 标题是否科技相关: 否
      [SKIP] 标题非科技相关，不进入详情爬取

  [第 24 页]
  [DEBUG] 已检测到「条信息」，按整页详情链接解析
      [WARN] 未找到 .ssjg-leixing，info_type 将记为采招信息
  本页找到 40 条结果

  [1/40] 标题: 渤海银行2026年异地灾备NAS存储扩容采购项目竞争性采购公告
      [科技识别] 标题是否科技相关: 否
      [SKIP] 标题非科技相关，不进入详情爬取

  [2/40] 标题: 威海银行绿色金融咨询专家库入围项目入围结果公示
      [科技识别] 标题是否科技相关: 否
      [SKIP] 标题非科技相关，不进入详情爬取

  [3/40] 标题: 招标公告|中国农业银行西安分行机关食堂餐饮食材供应商入围采购项目
      [科技识别] 标题是否科技相关: 否
      [SKIP] 标题非科技相关，不进入详情爬取

  [4/40] 标题: 广东华润银行股份有限公司惠州分行惠阳支行迁址安防工程询比采购公告
      [科技识别] 标题是否科技相关: 否
      [SKIP] 标题非科技相关，不进入详情爬取

  [5/40] 标题: 2026年中国联通百色市分公司百色市住房公积金管理中心与银行数据交互子平台升级改造建设询比…
      [科技识别] 标题是否科技相关: 是
      [过滤-排除词] 未命中，通过
      [过滤-关键词] 包含「银行」，通过
      [OK] 通过全部筛选，进入详情爬取
    [已保存] output\2026-03-31\银行\招标公告_2026年中国联通百色市分公司百色市住房公积金管理中心与银行数据交互子平台升级改造建设询比采购项目询比采购公告.json

  [6/40] 标题: 徽商银行关于亳州分行网点渠道建设监理服务供应商入库（协议供货制）采购项目招标公告
      [科技识别] 标题是否科技相关: 否
      [SKIP] 标题非科技相关，不进入详情爬取

  [7/40] 标题: 中国光大银行北京分行2026-2029年度现金集中清分外包服务采购项目中标结果公告
      [科技识别] 标题是否科技相关: 否
      [SKIP] 标题非科技相关，不进入详情爬取

  [8/40] 标题: 交通银行河南省分行银医项目框架协议采购竞争性磋商公告
      [科技识别] 标题是否科技相关: 否
      [SKIP] 标题非科技相关，不进入详情爬取

  [9/40] 标题: 银行间市场清算所股份有限公司2026年虚拟化系统优化项目中标候选人公示
      [科技识别] 标题是否科技相关: 否
      [SKIP] 标题非科技相关，不进入详情爬取

  [10/40] 标题: 中国光大银行天津后台基地D座办公区改造中标结果公告
      [科技识别] 标题是否科技相关: 否
      [SKIP] 标题非科技相关，不进入详情爬取

  [11/40] 标题: 衡水银行机房供电设备采购项目招标公告
      [科技识别] 标题是否科技相关: 是
      [过滤-排除词] 未命中，通过
      [过滤-关键词] 包含「银行」，通过
      [OK] 通过全部筛选，进入详情爬取
    [已保存] output\2026-03-31\银行\招标公告_衡水银行机房供电设备采购项目招标公告.json

  [12/40] 标题: 本溪银行花园支行装修改造工程-监控安防系统工程（二次）公告
      [科技识别] 标题是否科技相关: 否
      [SKIP] 标题非科技相关，不进入详情爬取

  [13/40] 标题: 西宁农商银行保安服务公司采购项目标段一[变更公告]
      [科技识别] 标题是否科技相关: 否
      [SKIP] 标题非科技相关，不进入详情爬取

  [14/40] 标题: 蒙商银行股份有限公司呼和浩特新苑支行公开招租项目公告
      [科技识别] 标题是否科技相关: 否
      [SKIP] 标题非科技相关，不进入详情爬取

  [15/40] 标题: 中国银行潍坊分行选取城区保安服务项目中标公示
      [科技识别] 标题是否科技相关: 否
      [SKIP] 标题非科技相关，不进入详情爬取

  [16/40] 标题: 贵阳银行所需印刷服务项目采购中标结果公告
      [科技识别] 标题是否科技相关: 否
      [SKIP] 标题非科技相关，不进入详情爬取

  [17/40] 标题: 成都银行股份有限公司持有的川A0P57M、川ZP5733、川A0UV98、川XBQ850、…
      [科技识别] 标题是否科技相关: 否
      [SKIP] 标题非科技相关，不进入详情爬取

  [18/40] 标题: 南充农商银行网点空调及新风设备采购项目招标公告
      [科技识别] 标题是否科技相关: 否
      [SKIP] 标题非科技相关，不进入详情爬取

  [19/40] 标题: 南充农商银行“五小”建设物品类采购项目招标公告
      [科技识别] 标题是否科技相关: 否
      [SKIP] 标题非科技相关，不进入详情爬取

  [20/40] 标题: 招商银行呼和浩特分行新员工入行培训项目供应商征集公告
      [科技识别] 标题是否科技相关: 否
      [SKIP] 标题非科技相关，不进入详情爬取

  [21/40] 标题: 湖州银行运营商三要素数据服务项目的更正公告
      [科技识别] 标题是否科技相关: 否
      [SKIP] 标题非科技相关，不进入详情爬取

  [22/40] 标题: 2025/2026富滇银行云南省城市足球联赛西双版纳赛区宣传服务项目竞争性磋商公告
      [科技识别] 标题是否科技相关: 否
      [SKIP] 标题非科技相关，不进入详情爬取

  [23/40] 标题: 哈尔滨银行基金专项研究服务项目招标公告
      [科技识别] 标题是否科技相关: 否
      [SKIP] 标题非科技相关，不进入详情爬取

  [24/40] 标题: 招商银行上海云数据中心机房基础设施更新（UPS及配电系统部分）项目定标结果公示
      [科技识别] 标题是否科技相关: 是
      [过滤-排除词] 未命中，通过
      [过滤-关键词] 包含「银行」，通过
      [OK] 通过全部筛选，进入详情爬取
    [已保存] output\2026-03-31\银行\中标结果_招商银行上海云数据中心机房基础设施更新（UPS及配电系统部分）项目定标结果公示.json

  [25/40] 标题: 三湘银行国内信用证福费廷项目-YXJ202603310001
      [科技识别] 标题是否科技相关: 否
      [SKIP] 标题非科技相关，不进入详情爬取

  [26/40] 标题: 唐山银行股份有限公司一体化运维平台信创改造项目公示
      [科技识别] 标题是否科技相关: 是
      [过滤-排除词] 未命中，通过
      [过滤-关键词] 包含「银行」，通过
      [OK] 通过全部筛选，进入详情爬取
    [已保存] output\2026-03-31\银行\招标公告_唐山银行股份有限公司一体化运维平台信创改造项目公示.json

  [27/40] 标题: 海东市国库集中收付代理银行资格认定审批事项服务指南
      [科技识别] 标题是否科技相关: 否
      [SKIP] 标题非科技相关，不进入详情爬取

  [28/40] 标题: 温州银行股份有限公司关于龙湾大楼数据中心主机房精密空调采购项目的废标公告
      [科技识别] 标题是否科技相关: 否
      [SKIP] 标题非科技相关，不进入详情爬取

  [29/40] 标题: 温州银行股份有限公司关于数据中心配电系统维保采购项目的废标公告
      [科技识别] 标题是否科技相关: 是
      [过滤-排除词] 未命中，通过
      [过滤-关键词] 包含「银行」，通过
      [OK] 通过全部筛选，进入详情爬取
    [已保存] output\2026-03-31\银行\招标公告_温州银行股份有限公司关于数据中心配电系统维保采购项目的废标公告.json

  [30/40] 标题: 重庆银行西安分行网络设备和程控交换机2025年采购项目中标结果公示
      [科技识别] 标题是否科技相关: 是
      [过滤-排除词] 未命中，通过
      [过滤-关键词] 包含「银行」，通过
      [OK] 通过全部筛选，进入详情爬取
    [已保存] output\2026-03-31\银行\中标结果_重庆银行西安分行网络设备和程控交换机2025年采购项目中标结果公示.json

  [31/40] 标题: 2026年西湖城投银行间市场债券发行项目中标结果公告
      [科技识别] 标题是否科技相关: 否
      [SKIP] 标题非科技相关，不进入详情爬取

  [32/40] 标题: 中国银行山东省分行金库远程监控智能预警信创改造及功能升级项目结果公告
      [科技识别] 标题是否科技相关: 否
      [SKIP] 标题非科技相关，不进入详情爬取

  [33/40] 标题: 关于兴业银行杭州分行本部食堂托管服务外包项目的公开招标公告
      [科技识别] 标题是否科技相关: 否
      [SKIP] 标题非科技相关，不进入详情爬取

  [34/40] 标题: 中国银行河南省分行证券期货类评估机构选型入围项目结果公告
      [科技识别] 标题是否科技相关: 否
      [SKIP] 标题非科技相关，不进入详情爬取

  [35/40] 标题: 中国银行股份有限公司苏州分行关于社保卡制卡设备项目的招标公告
      [科技识别] 标题是否科技相关: 否
      [SKIP] 标题非科技相关，不进入详情爬取

  [36/40] 标题: 关于兴业银行杭州分行本部车辆驾驶及后勤服务外包项目的公开招标公告
      [科技识别] 标题是否科技相关: 否
      [SKIP] 标题非科技相关，不进入详情爬取

  [37/40] 标题: 关于兴业银行杭州分行本部保洁服务外包项目的公开招标公告
      [科技识别] 标题是否科技相关: 否
      [SKIP] 标题非科技相关，不进入详情爬取

  [38/40] 标题: 广东东源农村商业银行股份有限公司聘请常年法律顾问（含驻场服务）项目(二次）
      [科技识别] 标题是否科技相关: 否
      [SKIP] 标题非科技相关，不进入详情爬取

  [39/40] 标题: 山东省宁阳县利用亚洲开发银行贷款黄河流域绿色农田建设和农业高质量发展项目输配电设施设备采购
      [科技识别] 标题是否科技相关: 否
      [SKIP] 标题非科技相关，不进入详情爬取

  [40/40] 标题: 宁波慈溪农村商业银行股份有限公司智能柜员机维修维护技术服务采购项目更正公告【浙江同方工程管…
      [科技识别] 标题是否科技相关: 否
      [SKIP] 标题非科技相关，不进入详情爬取

  [第 25 页]
  [DEBUG] 已检测到「条信息」，按整页详情链接解析
      [WARN] 未找到 .ssjg-leixing，info_type 将记为采招信息
  本页找到 40 条结果

  [1/40] 标题: 运城农商银行办公家具、空调框架协议采购项目(001,002标段)框架协议采购公告
      [科技识别] 标题是否科技相关: 否
      [SKIP] 标题非科技相关，不进入详情爬取

  [2/40] 标题: 温州开放大学温州老年大学华龄学院2026年学分银行积分兑换奖品采购项目竞价公告-62026…
      [科技识别] 标题是否科技相关: 否
      [SKIP] 标题非科技相关，不进入详情爬取

  [3/40] 标题: 新开发银行贷款湖北黄石新港现代物流枢纽项目环境影响评价报批公示
      [科技识别] 标题是否科技相关: 否
      [SKIP] 标题非科技相关，不进入详情爬取

  [4/40] 标题: 世界银行贷款湖南省绿色农业和乡村振兴项目监测评价服务单位选聘澄清公告（第二次）
      [科技识别] 标题是否科技相关: 否
      [SKIP] 标题非科技相关，不进入详情爬取

  [5/40] 标题: 世界银行贷款湖南省绿色农业和乡村振兴项目第三方核验单位选聘澄清公告（第二次）
      [科技识别] 标题是否科技相关: 否
      [SKIP] 标题非科技相关，不进入详情爬取

  [6/40] 标题: 广州农村商业银行理财产品优选评价数据服务项目供应商征集公告
      [科技识别] 标题是否科技相关: 否
      [SKIP] 标题非科技相关，不进入详情爬取

  [7/40] 标题: 中国邮政储蓄银行股份有限公司开封市分行2026年社区广告服务采购项目（二次）竞争性磋商公告
      [科技识别] 标题是否科技相关: 否
      [SKIP] 标题非科技相关，不进入详情爬取

  [8/40] 标题: 中国邮政储蓄银行衡阳市分行2026-2028年电子设备维修维护服务采购项目（标段一）成交结…
      [科技识别] 标题是否科技相关: 否
      [SKIP] 标题非科技相关，不进入详情爬取

  [9/40] 标题: 南充农村商业银行股份有限公司关于营山县朗池镇西干道泰合新天地3幢4层17号的公告(第一次)
      [科技识别] 标题是否科技相关: 否
      [SKIP] 标题非科技相关，不进入详情爬取

  [10/40] 标题: 内蒙古农村商业银行股份有限公司呼伦贝尔海拉尔区支行关于呼伦贝尔经济开发区仁和街仁和小区3-…
      [科技识别] 标题是否科技相关: 否
      [SKIP] 标题非科技相关，不进入详情爬取

  [11/40] 标题: 南充农村商业银行股份有限公司关于南部县蜀北街道办事处红岩子大道西延线与212国道交汇处圣桦…
      [科技识别] 标题是否科技相关: 否
      [SKIP] 标题非科技相关，不进入详情爬取

  [12/40] 标题: 山东高唐农村商业银行股份有限公司监控主备线路采购项目成交结果公示
      [科技识别] 标题是否科技相关: 否
      [SKIP] 标题非科技相关，不进入详情爬取

  [13/40] 标题: 张店农商银行2026年上半年定制宣传品采购项目成交结果公告
      [科技识别] 标题是否科技相关: 否
      [SKIP] 标题非科技相关，不进入详情爬取

  [14/40] 标题: 张店农商银行2026年上半年定制宣传品采购项目成交结果公告
      [科技识别] 标题是否科技相关: 否
      [SKIP] 标题非科技相关，不进入详情爬取

  [15/40] 标题: 中国建设银行泰安分行2026-2027年度员工体检服务项目供应商征集公告
      [科技识别] 标题是否科技相关: 否
      [SKIP] 标题非科技相关，不进入详情爬取

  [16/40] 标题: 山东高唐农村商业银行股份有限公司监控主备线路采购项目成交结果公示
      [科技识别] 标题是否科技相关: 否
      [SKIP] 标题非科技相关，不进入详情爬取

  [17/40] 标题: 内蒙古农村商业银行股份有限公司呼伦贝尔海拉尔区支行关于呼伦贝尔经济开发区仁和街仁和小区3-…
      [科技识别] 标题是否科技相关: 否
      [SKIP] 标题非科技相关，不进入详情爬取

  [18/40] 标题: 南充农村商业银行股份有限公司关于南部县蜀北街道办事处红岩子大道西延线与212国道交汇处圣桦…
      [科技识别] 标题是否科技相关: 否
      [SKIP] 标题非科技相关，不进入详情爬取

  [19/40] 标题: 2026-2027年建设银行太仓分行主营业务类起诉案件代理外聘法律服务项目中标公告
      [科技识别] 标题是否科技相关: 否
      [SKIP] 标题非科技相关，不进入详情爬取

  [20/40] 标题: 中国农业银行股份有限公司慈溪分行关于古塘街道孙塘北路1628-1638（金色港湾）房产公开…
      [科技识别] 标题是否科技相关: 否
      [SKIP] 标题非科技相关，不进入详情爬取

  [21/40] 标题: 南充农村商业银行股份有限公司关于南部县蜀北街道办事处红岩子大道西延线与212国道交汇处圣桦…
      [科技识别] 标题是否科技相关: 否
      [SKIP] 标题非科技相关，不进入详情爬取

  [22/40] 标题: 内蒙古农村商业银行股份有限公司呼伦贝尔海拉尔区支行关于呼伦贝尔经济开发区仁和街仁和小区3-…
      [科技识别] 标题是否科技相关: 否
      [SKIP] 标题非科技相关，不进入详情爬取

  [23/40] 标题: 交通银行股份有限公司贵州省分行2026年-2028年本部员工体检项目市场调查公告
      [科技识别] 标题是否科技相关: 否
      [SKIP] 标题非科技相关，不进入详情爬取

  [24/40] 标题: 广西资源农村商业银行股份有限公司关于公开拍卖广西恭城农村商业银行股份有限公司1813948…
      [科技识别] 标题是否科技相关: 否
      [SKIP] 标题非科技相关，不进入详情爬取

  [25/40] 标题: 内蒙古农村商业银行股份有限公司呼伦贝尔海拉尔区支行关于呼伦贝尔经济开发区仁和街仁和小区3-…
      [科技识别] 标题是否科技相关: 否
      [SKIP] 标题非科技相关，不进入详情爬取

  [26/40] 标题: 中国建设银行武汉硚口支行本部业务经营用房修缮项目(第二次)中标公告
      [科技识别] 标题是否科技相关: 否
      [SKIP] 标题非科技相关，不进入详情爬取

  [27/40] 标题: 南充农村商业银行股份有限公司关于南部县蜀北街道办事处红岩子大道西延线与212国道交汇处圣桦…
      [科技识别] 标题是否科技相关: 否
      [SKIP] 标题非科技相关，不进入详情爬取

  [28/40] 标题: 广西资源农村商业银行股份有限公司关于公开拍卖广西灌阳农村商业银行股份有限公司1813948…
      [科技识别] 标题是否科技相关: 否
      [SKIP] 标题非科技相关，不进入详情爬取

  [29/40] 标题: 山西银行大同分行2026年消防维保服务集中采购项目采购结果公告
      [科技识别] 标题是否科技相关: 否
      [SKIP] 标题非科技相关，不进入详情爬取

  [30/40] 标题: 西双版纳傣族自治州人民医院党费专用账户银行服务采购公告
      [科技识别] 标题是否科技相关: 否
      [SKIP] 标题非科技相关，不进入详情爬取

  [31/40] 标题: 秦农银行自助设备采购项目-公开招标公告
      [科技识别] 标题是否科技相关: 否
      [SKIP] 标题非科技相关，不进入详情爬取

  [32/40] 标题: 中原银行鹤壁分行金融大厦地下二层金库电气改造项目竞争性磋商公告
      [科技识别] 标题是否科技相关: 否
      [SKIP] 标题非科技相关，不进入详情爬取

  [33/40] 标题: 长安银行股份有限公司神木市大柳塔支行装修工程项目中标结果公示
      [科技识别] 标题是否科技相关: 否
      [SKIP] 标题非科技相关，不进入详情爬取

  [34/40] 标题: 2025/2026富滇银行云南省城市足球联赛西双版纳赛区文艺展演服务项目竞争性磋商公告
      [科技识别] 标题是否科技相关: 否
      [SKIP] 标题非科技相关，不进入详情爬取

  [35/40] 标题: 天津银行2026-2029年度零售权益平台运营服务项目竞争性磋商公告
      [科技识别] 标题是否科技相关: 是
      [过滤-排除词] 未命中，通过
      [过滤-关键词] 包含「银行」，通过
      [OK] 通过全部筛选，进入详情爬取
    [PDF] 路由拦截成功，共 1194098 字节
    [PDF] 扫描版/少字 PDF 共 3 页，转为图片 OCR...
    [OCR] 识别第 1/3 页 ...
    [OCR] 识别第 2/3 页 ...
    [OCR] 识别第 3/3 页 ...
    [OCR] 全部 3 页识别完成
    [PDF] 响应拦截解析完成，共 2357 字
    [已保存] output\2026-03-31\银行\招标公告_天津银行2026-2029年度零售权益平台运营服务项目竞争性磋商公告.json

  [36/40] 标题: 四川银行开源软件管理能力建设项目磋商公告
      [科技识别] 标题是否科技相关: 是
      [过滤-排除词] 未命中，通过
      [过滤-关键词] 包含「银行」，通过
      [OK] 通过全部筛选，进入详情爬取
    [PDF] 路由拦截成功，共 1611189 字节
    [PDF] 扫描版/少字 PDF 共 5 页，转为图片 OCR...
    [OCR] 识别第 1/5 页 ...
    [OCR] 识别第 2/5 页 ...
    [OCR] 识别第 3/5 页 ...
    [OCR] 识别第 4/5 页 ...
    [OCR] 识别第 5/5 页 ...
    [OCR] 全部 5 页识别完成
    [PDF] 响应拦截解析完成，共 2862 字
    [已保存] output\2026-03-31\银行\招标公告_四川银行开源软件管理能力建设项目磋商公告.json

  [37/40] 标题: 中国人民银行博尔塔拉蒙古自治州分行机关办公楼办公室室内墙面维修项目
      [科技识别] 标题是否科技相关: 否
      [SKIP] 标题非科技相关，不进入详情爬取

  [38/40] 标题: 中国工商银行辽宁省分行LED显示屏项目（第二次）结果公告
      [科技识别] 标题是否科技相关: 否
      [SKIP] 标题非科技相关，不进入详情爬取

  [39/40] 标题: 辽宁农村商业银行股份有限公司容器安全防护能力建设项目中标结果公示
      [科技识别] 标题是否科技相关: 否
      [SKIP] 标题非科技相关，不进入详情爬取

  [40/40] 标题: 辽宁农村商业银行股份有限公司葫芦岛中心支行营业部食材采购中标结果公示
      [科技识别] 标题是否科技相关: 否
      [SKIP] 标题非科技相关，不进入详情爬取

  [第 26 页]
  [DEBUG] 已检测到「条信息」，按整页详情链接解析
      [WARN] 未找到 .ssjg-leixing，info_type 将记为采招信息
  本页找到 40 条结果

  [1/40] 标题: 湖南祁阳农村商业银行股份有限公司移动办公平台项目中标结果公告
      [科技识别] 标题是否科技相关: 是
      [过滤-排除词] 命中「办公」→ 跳过

  [2/40] 标题: 上海浦东发展银行股份有限公司北京分行成立30周年表彰大会服务商采购项目公告
      [科技识别] 标题是否科技相关: 否
      [SKIP] 标题非科技相关，不进入详情爬取

  [3/40] 标题: 中信银行桂林分行2026-2029年保安服务外包采购项目中标结果公告
      [科技识别] 标题是否科技相关: 否
      [SKIP] 标题非科技相关，不进入详情爬取

  [4/40] 标题: 杭州银行股份有限公司庆春大楼安全维修改造工程设计
      [科技识别] 标题是否科技相关: 否
      [SKIP] 标题非科技相关，不进入详情爬取

  [5/40] 标题: 杭州文化产权交易所关于珠海农商银行自然人股6万股【含证】＆专人协助办理过户的公告
      [科技识别] 标题是否科技相关: 否
      [SKIP] 标题非科技相关，不进入详情爬取

  [6/40] 标题: 杭州文化产权交易所关于北京农村商业银行个人股权10万股公开竞价的公告(第一次)
      [科技识别] 标题是否科技相关: 否
      [SKIP] 标题非科技相关，不进入详情爬取

  [7/40] 标题: 杭州文化产权交易所关于顺德农商银行自然人股23000股【含证】＆专人协助办理过户的公告
      [科技识别] 标题是否科技相关: 否
      [SKIP] 标题非科技相关，不进入详情爬取

  [8/40] 标题: 杭州文化产权交易所关于北京农村商业银行个人股权20万股公开竞价的公告(第一次)
      [科技识别] 标题是否科技相关: 否
      [SKIP] 标题非科技相关，不进入详情爬取

  [9/40] 标题: 杭州文化产权交易所关于北京农村商业银行个人股权5万股公开竞价的公告(第一次)
      [科技识别] 标题是否科技相关: 否
      [SKIP] 标题非科技相关，不进入详情爬取

  [10/40] 标题: 杭州文化产权交易所关于清远农商银行自然人股6万股【含证】＆专人协助办理过户的公告
      [科技识别] 标题是否科技相关: 否
      [SKIP] 标题非科技相关，不进入详情爬取

  [11/40] 标题: 温州老年大学华龄学院2026年学分银行积分兑换奖品采购项目竞价公告
      [科技识别] 标题是否科技相关: 否
      [SKIP] 标题非科技相关，不进入详情爬取

  [12/40] 标题: 兴业银行无锡分行关于2026-2027年自助机具运营服务外包项目供应商征集公告
      [科技识别] 标题是否科技相关: 否
      [SKIP] 标题非科技相关，不进入详情爬取

  [13/40] 标题: 兴业银行济南分行关于2026年日照地区委托律所催收信用卡逾期项目供应商征集调研公告
      [科技识别] 标题是否科技相关: 否
      [SKIP] 标题非科技相关，不进入详情爬取

  [14/40] 标题: 兴业银行济南分行关于2026年东营地区委托律所催收信用卡逾期项目供应商征集调研公告
      [科技识别] 标题是否科技相关: 否
      [SKIP] 标题非科技相关，不进入详情爬取

  [15/40] 标题: 兴业银行济南分行关于2026年济南地区委托律所催收信用卡逾期项目供应商征集调研公告
      [科技识别] 标题是否科技相关: 否
      [SKIP] 标题非科技相关，不进入详情爬取

  [16/40] 标题: 【广水市中心】广水市农业发展银行、阳光小区B区等16个老旧小区改造项目（二期）施工图设计及…
      [科技识别] 标题是否科技相关: 否
      [SKIP] 标题非科技相关，不进入详情爬取

  [17/40] 标题: 【河北银行股份有限公司员工餐厅外包服务项目】中标结果公示
      [科技识别] 标题是否科技相关: 否
      [SKIP] 标题非科技相关，不进入详情爬取

  [18/40] 标题: 中国邮政储蓄银行股份有限公司荆门市分行业务库值守服务项目流标公告
      [科技识别] 标题是否科技相关: 否
      [SKIP] 标题非科技相关，不进入详情爬取

  [19/40] 标题: 蒙商银行包头分行2026－2028年技防设备供应商入围项目（三次）竞争性磋商公告
      [科技识别] 标题是否科技相关: 否
      [SKIP] 标题非科技相关，不进入详情爬取

  [20/40] 标题: 河南农商银行清丰支行机关、网点保安劳务外包项目中标结果公示
      [科技识别] 标题是否科技相关: 否
      [SKIP] 标题非科技相关，不进入详情爬取

  [21/40] 标题: 中国邮政储蓄银行股份有限公司邢台市分行办公场所、营业场所110联网报警服务采购项目招标公告
      [科技识别] 标题是否科技相关: 否
      [SKIP] 标题非科技相关，不进入详情爬取

  [22/40] 标题: 达州农商银行2026年信用卡营销活动服务商采购项目中标结果公告
      [科技识别] 标题是否科技相关: 否
      [SKIP] 标题非科技相关，不进入详情爬取

  [23/40] 标题: 巴中农商银行现金清分社会化服务采购项目单一来源公示-2026-03-31
      [科技识别] 标题是否科技相关: 否
      [SKIP] 标题非科技相关，不进入详情爬取

  [24/40] 标题: 吉林农商银行(省联社)常年法律服务项目招标
      [科技识别] 标题是否科技相关: 否
      [SKIP] 标题非科技相关，不进入详情爬取

  [25/40] 标题: 富滇银行丽江分行零售业务2026年二季度增值服务活动项目采购项目公开询比公告
      [科技识别] 标题是否科技相关: 否
      [SKIP] 标题非科技相关，不进入详情爬取

  [26/40] 标题: 南充农村商业银行股份有限公司关于营山县朗池镇西干道泰合新天地3幢4层13号的公告(第一次)
      [科技识别] 标题是否科技相关: 否
      [SKIP] 标题非科技相关，不进入详情爬取

  [27/40] 标题: 南充农村商业银行股份有限公司关于南部县蜀北街道办事处红岩子大道西延线与212国道交汇处圣桦…
      [科技识别] 标题是否科技相关: 否
      [SKIP] 标题非科技相关，不进入详情爬取

  [28/40] 标题: 陕西平利农村商业银行股份有限公司关于关于平利县女娲商务大厦资产拍卖的公告的公告(第一次)
      [科技识别] 标题是否科技相关: 否
      [SKIP] 标题非科技相关，不进入详情爬取

  [29/40] 标题: 中国银行股份有限公司秦皇岛分行全辖劳保、服务用品采购二次成交结果公告
      [科技识别] 标题是否科技相关: 否
      [SKIP] 标题非科技相关，不进入详情爬取

  [30/40] 标题: 南充农村商业银行股份有限公司关于南部县蜀北街道办事处红岩子大道西延线与212国道交汇处圣桦…
      [科技识别] 标题是否科技相关: 否
      [SKIP] 标题非科技相关，不进入详情爬取

  [31/40] 标题: 南充农村商业银行股份有限公司关于营山县朗池镇西干道泰合新天地3幢4层12号的公告(第一次)
      [科技识别] 标题是否科技相关: 否
      [SKIP] 标题非科技相关，不进入详情爬取

  [32/40] 标题: 南充农村商业银行股份有限公司关于营山县朗池镇西干道泰合新天地3幢4层16号的公告(第一次)
      [科技识别] 标题是否科技相关: 否
      [SKIP] 标题非科技相关，不进入详情爬取

  [33/40] 标题: 南充农村商业银行股份有限公司关于营山县朗池镇西干道泰合新天地3幢3层221号的公告(第一次…
      [科技识别] 标题是否科技相关: 否
      [SKIP] 标题非科技相关，不进入详情爬取

  [34/40] 标题: 南充农村商业银行股份有限公司关于营山县朗池镇西干道泰合新天地3幢4层14号的公告(第一次)
      [科技识别] 标题是否科技相关: 否
      [SKIP] 标题非科技相关，不进入详情爬取

  [35/40] 标题: 南充农村商业银行股份有限公司关于南部县蜀北街道办事处红岩子大道西延线与212国道交汇处圣桦…
      [科技识别] 标题是否科技相关: 否
      [SKIP] 标题非科技相关，不进入详情爬取

  [36/40] 标题: 南充农村商业银行股份有限公司关于南部县蜀北街道办事处红岩子大道西延线与212国道交汇处圣桦…
      [科技识别] 标题是否科技相关: 否
      [SKIP] 标题非科技相关，不进入详情爬取

  [37/40] 标题: 南充农村商业银行股份有限公司关于南部县蜀北街道办事处红岩子大道西延线与212国道交汇处圣桦…
      [科技识别] 标题是否科技相关: 否
      [SKIP] 标题非科技相关，不进入详情爬取

  [38/40] 标题: 东莞农商银行惠州、虎门、企石三个支行新大楼厨房设备采购及安装项目招标公告
      [科技识别] 标题是否科技相关: 否
      [SKIP] 标题非科技相关，不进入详情爬取

  [39/40] 标题: 中国光大银行股份有限公司沈阳分行准入对公授信业务服务评估机构项目中标候选人公示
      [科技识别] 标题是否科技相关: 否
      [SKIP] 标题非科技相关，不进入详情爬取

  [40/40] 标题: 哈尔滨银行自营性互联网贷款外包服务项目单一来源采购公示
      [科技识别] 标题是否科技相关: 否
      [SKIP] 标题非科技相关，不进入详情爬取

  [第 27 页]
  [DEBUG] 已检测到「条信息」，按整页详情链接解析
      [WARN] 未找到 .ssjg-leixing，info_type 将记为采招信息
  本页找到 40 条结果

  [1/40] 标题: 兴业银行合肥分行关于巢湖城市之光社区支行装修工程项目供应商征集公告
      [科技识别] 标题是否科技相关: 否
      [SKIP] 标题非科技相关，不进入详情爬取

  [2/40] 标题: 兴业银行合肥分行关于风和园社区支行装修工程项目供应商征集公告
      [科技识别] 标题是否科技相关: 否
      [SKIP] 标题非科技相关，不进入详情爬取

  [3/40] 标题: 中国银行股份有限公司安徽省分行全辖安防工程建设服务供应商选型入围采购项目中标结果公告
      [科技识别] 标题是否科技相关: 否
      [SKIP] 标题非科技相关，不进入详情爬取

  [4/40] 标题: 中原银行股份有限公司综合理财代销基金改造升级与数据迁移项目-结果公告
      [科技识别] 标题是否科技相关: 否
      [SKIP] 标题非科技相关，不进入详情爬取

  [5/40] 标题: 中原银行股份有限公司漯河分行市区营业网点、自助银行安全巡查服务外包项目成交结果公告
      [科技识别] 标题是否科技相关: 否
      [SKIP] 标题非科技相关，不进入详情爬取

  [6/40] 标题: 中原银行郑州航空港区支行（分行级）2026年度保安派遣服务（三标段）单一来源成交公告
      [科技识别] 标题是否科技相关: 否
      [SKIP] 标题非科技相关，不进入详情爬取

  [7/40] 标题: 甘肃古浪农村商业银行股份有限公司新办公楼装修工程(第二次)中标候选人公示
      [科技识别] 标题是否科技相关: 否
      [SKIP] 标题非科技相关，不进入详情爬取

  [8/40] 标题: 中国农业银行宝鸡分行营业网点大堂保安及部分支行门卫服务外包项目中标结果公示
      [科技识别] 标题是否科技相关: 否
      [SKIP] 标题非科技相关，不进入详情爬取

  [9/40] 标题: 中国建设银行广东省分行广州地区营业办公场所保安服务采购项目
      [科技识别] 标题是否科技相关: 否
      [SKIP] 标题非科技相关，不进入详情爬取

  [10/40] 标题: 招商银行济南分行公司信贷业务评估供应商征集公告
      [科技识别] 标题是否科技相关: 否
      [SKIP] 标题非科技相关，不进入详情爬取

  [11/40] 标题: 织金农商银行现金清分机采购项目招标公告
      [科技识别] 标题是否科技相关: 否
      [SKIP] 标题非科技相关，不进入详情爬取

  [12/40] 标题: 温州银行股份有限公司上海分行关于保安服务公开招标公告
      [科技识别] 标题是否科技相关: 否
      [SKIP] 标题非科技相关，不进入详情爬取

  [13/40] 标题: 山东高唐农村商业银行股份有限公司梁村支行档案综合楼工程采购项目中标结果公示
      [科技识别] 标题是否科技相关: 否
      [SKIP] 标题非科技相关，不进入详情爬取

  [14/40] 标题: 温州银行股份有限公司关于2026国产台式电脑（海光CPU）框架性采购公开招标公告
      [科技识别] 标题是否科技相关: 否
      [SKIP] 标题非科技相关，不进入详情爬取

  [15/40] 标题: 上海银行股份有限公司深圳盐田支行网点搬迁建设及设备购置项目-2603-440308-04-…
      [科技识别] 标题是否科技相关: 否
      [SKIP] 标题非科技相关，不进入详情爬取

  [16/40] 标题: 西宁农商银行保安服务公司采购项目标段一[变更公告]
      [科技识别] 标题是否科技相关: 否
      [SKIP] 标题非科技相关，不进入详情爬取

  [17/40] 标题: 山西银行大同分行2026年消防维保服务采购项目成交结果公告
      [科技识别] 标题是否科技相关: 否
      [SKIP] 标题非科技相关，不进入详情爬取

  [18/40] 标题: 2026年苏州银行五龙桥数据中心搬迁实施集成服务采购项目中标结果公示
      [科技识别] 标题是否科技相关: 是
      [过滤-排除词] 未命中，通过
      [过滤-关键词] 包含「银行」，通过
      [OK] 通过全部筛选，进入详情爬取
    [已保存] output\2026-03-31\银行\中标结果_2026年苏州银行五龙桥数据中心搬迁实施集成服务采购项目中标结果公示.json

  [19/40] 标题: 交通银行股份有限公司三项企业资质咨询及认证服务采购项目(包件1：CMMI5、ISO2000…
      [科技识别] 标题是否科技相关: 否
      [SKIP] 标题非科技相关，不进入详情爬取

  [20/40] 标题: 张家口银行股份有限公司互联网资产探测服务采购项目中标结果公示
      [科技识别] 标题是否科技相关: 否
      [SKIP] 标题非科技相关，不进入详情爬取

  [21/40] 标题: 宁波银行股份有限公司丽水分行2026-2027年度物业服务外包采购项目供应商召集公告
      [科技识别] 标题是否科技相关: 否
      [SKIP] 标题非科技相关，不进入详情爬取

  [22/40] 标题: 上海浦东发展银行2026-2027年生产环境服务器第三方维保服务采购项目采购供应商征集公告
      [科技识别] 标题是否科技相关: 是
      [过滤-排除词] 未命中，通过
      [过滤-关键词] 包含「银行」，通过
      [OK] 通过全部筛选，进入详情爬取
    [已保存] output\2026-03-31\银行\招标公告_上海浦东发展银行2026-2027年生产环境服务器第三方维保服务采购项目采购供应商征集公告.json

  [23/40] 标题: 【河北银行股份有限公司员工餐厅外包服务项目】中标结果公示
      [科技识别] 标题是否科技相关: 否
      [SKIP] 标题非科技相关，不进入详情爬取

  [24/40] 标题: 中国建设银行黑龙江省分行关于牡丹江、鸡西分行现金清分整点外包服务项目的供应商征集公告
      [科技识别] 标题是否科技相关: 否
      [SKIP] 标题非科技相关，不进入详情爬取

  [25/40] 标题: 中国邮政集团工会浙江省委员会资金存放服务银行项目（第二次）流标公告
      [科技识别] 标题是否科技相关: 否
      [SKIP] 标题非科技相关，不进入详情爬取

  [26/40] 标题: 张家口银行股份有限公司互联网资产探测服务采购项目中标结果公示
      [科技识别] 标题是否科技相关: 否
      [SKIP] 标题非科技相关，不进入详情爬取

  [27/40] 标题: 中国邮政集团工会浙江省委员会资金存放服务银行项目（第三次）招标公告
      [科技识别] 标题是否科技相关: 否
      [SKIP] 标题非科技相关，不进入详情爬取

  [28/40] 标题: 上海农商银行临港新片区分行智能柜员机逸客版采购项目采购结果公告
      [科技识别] 标题是否科技相关: 否
      [SKIP] 标题非科技相关，不进入详情爬取

  [29/40] 标题: 杭州文化产权交易所关于江门农商银行自然人股8万股【含证】＆专人协助办理过户的公告
      [科技识别] 标题是否科技相关: 否
      [SKIP] 标题非科技相关，不进入详情爬取

  [30/40] 标题: 中国银行股份有限公司厦门市分行2026-2028年度分行安防设备及报警系统维保项目招标公告
      [科技识别] 标题是否科技相关: 是
      [过滤-排除词] 未命中，通过
      [过滤-关键词] 包含「银行」，通过
      [OK] 通过全部筛选，进入详情爬取
    [已保存] output\2026-03-31\银行\招标公告_中国银行股份有限公司厦门市分行2026-2028年度分行安防设备及报警系统维保项目招标公告.json

  [31/40] 标题: 中国银行股份有限公司厦门市分行三年工程预算编制选型入围项目招标公告
      [科技识别] 标题是否科技相关: 否
      [SKIP] 标题非科技相关，不进入详情爬取

  [32/40] 标题: 广西兴安农村合作银行2026年车辆采购项目【HC（ZB5）2026008J】废标公告
      [科技识别] 标题是否科技相关: 否
      [SKIP] 标题非科技相关，不进入详情爬取

  [33/40] 标题: 广西兴安农村合作银行2026年车辆采购项目【HC（ZB5）2026008J】废标公告
      [科技识别] 标题是否科技相关: 否
      [SKIP] 标题非科技相关，不进入详情爬取

  [34/40] 标题: 中国建设银行福建省分行全省空调及新风设备项目中标候选人公示
      [科技识别] 标题是否科技相关: 否
      [SKIP] 标题非科技相关，不进入详情爬取

  [35/40] 标题: 兴业银行私人银行投资顾问中阶培训项目-兴业银行私人银行投资顾问中阶培训项目采购公告
      [科技识别] 标题是否科技相关: 否
      [SKIP] 标题非科技相关，不进入详情爬取

  [36/40] 标题: 建设银行河北省分行工农路住宅小区“三供”改造移交项目公开招标公告
      [科技识别] 标题是否科技相关: 否
      [SKIP] 标题非科技相关，不进入详情爬取

  [37/40] 标题: 润甫6幢102室（江苏昆山农村商业银行股份有限公司）定向2026-1
      [科技识别] 标题是否科技相关: 否
      [SKIP] 标题非科技相关，不进入详情爬取

  [38/40] 标题: 中国建设银行股份有限公司邢台分行房屋零星维修服务项目中标公告
      [科技识别] 标题是否科技相关: 否
      [SKIP] 标题非科技相关，不进入详情爬取

  [39/40] 标题: 福建海峡银行股份有限公司平潭支行社保外包服务项目招标公告
      [科技识别] 标题是否科技相关: 否
      [SKIP] 标题非科技相关，不进入详情爬取

  [40/40] 标题: 中国邮政储蓄银行股份有限公司清原满族自治县长岭街营业所改造项目
      [科技识别] 标题是否科技相关: 否
      [SKIP] 标题非科技相关，不进入详情爬取

  [第 28 页]
  [DEBUG] 已检测到「条信息」，按整页详情链接解析
      [WARN] 未找到 .ssjg-leixing，info_type 将记为采招信息
  本页找到 40 条结果

  [1/40] 标题: 北京市公共资源交易中心“一站式”业务一般账户变更开户银行服务项目废标公告
      [科技识别] 标题是否科技相关: 否
      [SKIP] 标题非科技相关，不进入详情爬取

  [2/40] 标题: 厦门银行“翔安支行智慧安保人员管理平台”项目成交结果公示
      [科技识别] 标题是否科技相关: 是
      [过滤-排除词] 未命中，通过
      [过滤-关键词] 包含「银行」，通过
      [OK] 通过全部筛选，进入详情爬取
    [已保存] output\2026-03-31\银行\中标结果_厦门银行“翔安支行智慧安保人员管理平台”项目成交结果公示.json

  [3/40] 标题: 中国邮政储蓄银行股份有限公司清原满族自治县校东街营业所物防改造项目
      [科技识别] 标题是否科技相关: 否
      [SKIP] 标题非科技相关，不进入详情爬取

  [4/40] 标题: 广东华润银行股份有限公司惠州分行2026年4月至2029年3月绿植租赁养护服务询比采购结果…
      [科技识别] 标题是否科技相关: 否
      [SKIP] 标题非科技相关，不进入详情爬取

  [5/40] 标题: 中国光大银行股份有限公司宁波分行2026-2027年度招标代理服务入围项目（重发）中标候选…
      [科技识别] 标题是否科技相关: 否
      [SKIP] 标题非科技相关，不进入详情爬取

  [6/40] 标题: 中国工商银行新疆喀什分行本部食堂食材采购项目中标结果公示
      [科技识别] 标题是否科技相关: 否
      [SKIP] 标题非科技相关，不进入详情爬取

  [7/40] 标题: 中信银行“独立环境堡垒机升级和数据迁移实施项目”供应商征集公告
      [科技识别] 标题是否科技相关: 否
      [SKIP] 标题非科技相关，不进入详情爬取

  [8/40] 标题: 吉林银行2026-2028年度收单机具设备供应商入围选聘项目三标段流标公告
      [科技识别] 标题是否科技相关: 否
      [SKIP] 标题非科技相关，不进入详情爬取

  [9/40] 标题: 泸州银行遂宁分行2026年业务宣传品采购项目更正公告
      [科技识别] 标题是否科技相关: 否
      [SKIP] 标题非科技相关，不进入详情爬取

  [10/40] 标题: 中国光大银行青岛分行装修设计供应商入围项目中标公告
      [科技识别] 标题是否科技相关: 否
      [SKIP] 标题非科技相关，不进入详情爬取

  [11/40] 标题: 吉林银行2026-2028年度收单机具设备供应商入围选聘项目二标段流标公告
      [科技识别] 标题是否科技相关: 否
      [SKIP] 标题非科技相关，不进入详情爬取

  [12/40] 标题: 怒江农村商业银行2026年业务宣传瓶装水采购（二次）竞争性磋商公告
      [科技识别] 标题是否科技相关: 否
      [SKIP] 标题非科技相关，不进入详情爬取

  [13/40] 标题: 哈尔滨银行集中共享打印机维护服务项目招标结果公告
      [科技识别] 标题是否科技相关: 是
      [过滤-排除词] 未命中，通过
      [过滤-关键词] 包含「银行」，通过
      [OK] 通过全部筛选，进入详情爬取
    [已保存] output\2026-03-31\银行\中标结果_哈尔滨银行集中共享打印机维护服务项目招标结果公告.json

  [14/40] 标题: 中国光大银行股份有限公司青岛麦岛路支行装修改造项目中标结果公告
      [科技识别] 标题是否科技相关: 否
      [SKIP] 标题非科技相关，不进入详情爬取

  [15/40] 标题: 利用新开发银行贷款太原武宿零碳机场项目北1站室外工程
      [科技识别] 标题是否科技相关: 否
      [SKIP] 标题非科技相关，不进入详情爬取

  [16/40] 标题: 恒丰银行股份有限公司成都分行名下多处资产项目拟转让公告
      [科技识别] 标题是否科技相关: 否
      [SKIP] 标题非科技相关，不进入详情爬取

  [17/40] 标题: 中信银行贵阳分行集中采购代理机构供应商征集公告（以此为准）
      [科技识别] 标题是否科技相关: 否
      [SKIP] 标题非科技相关，不进入详情爬取

  [18/40] 标题: 山西灵石农村商业银行股份有限公司关于榆次区迎宾西街109号佳地花园17号楼3单元5层502…
      [科技识别] 标题是否科技相关: 否
      [SKIP] 标题非科技相关，不进入详情爬取

  [19/40] 标题: 中信银行深圳分行托管营运部分业务环节操作外包项目中标公告
      [科技识别] 标题是否科技相关: 否
      [SKIP] 标题非科技相关，不进入详情爬取

  [20/40] 标题: 广东华润银行股份有限公司惠州分行2026年4月至2029年3月绿植租赁养护服务询比采购结果…
      [科技识别] 标题是否科技相关: 否
      [SKIP] 标题非科技相关，不进入详情爬取

  [21/40] 标题: 广东华润银行股份有限公司专标支装水项目采购单源直接采购结果公告
      [科技识别] 标题是否科技相关: 否
      [SKIP] 标题非科技相关，不进入详情爬取

  [22/40] 标题: 中信银行深圳分行托管营运部分业务环节操作外包项目中标公告
      [科技识别] 标题是否科技相关: 否
      [SKIP] 标题非科技相关，不进入详情爬取

  [23/40] 标题: 中信银行深圳分行托管营运部分业务环节操作外包项目中标公告
      [科技识别] 标题是否科技相关: 否
      [SKIP] 标题非科技相关，不进入详情爬取

  [24/40] 标题: 中信银行深圳分行托管营运部分业务环节操作外包项目中标公告
      [科技识别] 标题是否科技相关: 否
      [SKIP] 标题非科技相关，不进入详情爬取

  [25/40] 标题: 中信银行深圳分行托管营运部分业务环节操作外包项目中标公告
      [科技识别] 标题是否科技相关: 否
      [SKIP] 标题非科技相关，不进入详情爬取

  [26/40] 标题: 成都农村商业银行股份有限公司金泉支行资产出租交易结果公示（2026年03月31日）
      [科技识别] 标题是否科技相关: 否
      [SKIP] 标题非科技相关，不进入详情爬取

  [27/40] 标题: 中信银行深圳分行托管营运部分业务环节操作外包项目中标公告
      [科技识别] 标题是否科技相关: 否
      [SKIP] 标题非科技相关，不进入详情爬取

  [28/40] 标题: 中国建设银行股份有限公司河北省唐山分行2026-2027年职工食堂餐饮服务项目供应市场调研…
      [科技识别] 标题是否科技相关: 否
      [SKIP] 标题非科技相关，不进入详情爬取

  [29/40] 标题: 山西长治黎都农村商业银行股份有限公司关于太原市小店区长风街132号1幢23层2301号房产…
      [科技识别] 标题是否科技相关: 否
      [SKIP] 标题非科技相关，不进入详情爬取

  [30/40] 标题: 杭州文化产权交易所关于东莞农商银行自然人股1万股【含证】＆专人协助办理过户的公告
      [科技识别] 标题是否科技相关: 否
      [SKIP] 标题非科技相关，不进入详情爬取

  [31/40] 标题: 杭州文化产权交易所关于江苏建湖农村商业银行个人股权10万股公开竞价的公告(第一次)
      [科技识别] 标题是否科技相关: 否
      [SKIP] 标题非科技相关，不进入详情爬取

  [32/40] 标题: 湖南银行株洲分行部分门面招商公告
      [科技识别] 标题是否科技相关: 否
      [SKIP] 标题非科技相关，不进入详情爬取

  [33/40] 标题: 河北涿州农村商业银行股份有限公司夏装工服采购项目中标候选人公示
      [科技识别] 标题是否科技相关: 否
      [SKIP] 标题非科技相关，不进入详情爬取

  [34/40] 标题: 临汾经济开发区住宅专项维修资金专户管理银行入围项目中标候选人公示
      [科技识别] 标题是否科技相关: 否
      [SKIP] 标题非科技相关，不进入详情爬取

  [35/40] 标题: 唐山银行股份有限公司客户关系管理系统一期测试项目（二次）中标公告
      [科技识别] 标题是否科技相关: 否
      [SKIP] 标题非科技相关，不进入详情爬取

  [36/40] 标题: 兴业银行济南分行关于2026年滨州地区委托律所催收信用卡逾期项目供应商征集调研公告
      [科技识别] 标题是否科技相关: 否
      [SKIP] 标题非科技相关，不进入详情爬取

  [37/40] 标题: （西南联交成2026第1003号）绵阳市商业银行所持一批房产处置（第二批）
      [科技识别] 标题是否科技相关: 否
      [SKIP] 标题非科技相关，不进入详情爬取

  [38/40] 标题: 杭州文化产权交易所关于（特价股）8万股，江西萍乡农村商业银行自然人股权农商行分红的公告(第…
      [科技识别] 标题是否科技相关: 否
      [SKIP] 标题非科技相关，不进入详情爬取

  [39/40] 标题: 杭州文化产权交易所有限公司关于东莞农村商业银行个人原始股64420股【含股权证】的公告(第…
      [科技识别] 标题是否科技相关: 否
      [SKIP] 标题非科技相关，不进入详情爬取

  [40/40] 标题: 杭州文化产权交易所有限公司关于东莞农村商业银行个人原始股20000股【含股权证】的公告(第…
      [科技识别] 标题是否科技相关: 否
      [SKIP] 标题非科技相关，不进入详情爬取

  [第 29 页]
  [DEBUG] 已检测到「条信息」，按整页详情链接解析
      [WARN] 未找到 .ssjg-leixing，info_type 将记为采招信息
  本页找到 40 条结果

  [1/40] 标题: 宁波银行基建石材供应商入围项目入围结果公示
      [科技识别] 标题是否科技相关: 否
      [SKIP] 标题非科技相关，不进入详情爬取

  [2/40] 标题: 杭州文化产权交易所有限公司关于东莞农村商业银行个人原始股98000股【含股权证】的公告(第…
      [科技识别] 标题是否科技相关: 否
      [SKIP] 标题非科技相关，不进入详情爬取

  [3/40] 标题: 泉州银行股份有限公司开元支行装修工程-3505022603310101
      [科技识别] 标题是否科技相关: 否
      [SKIP] 标题非科技相关，不进入详情爬取

  [4/40] 标题: 贵州银行铜仁分行2025年采购项目供应商后评价结果公告
      [科技识别] 标题是否科技相关: 否
      [SKIP] 标题非科技相关，不进入详情爬取

  [5/40] 标题: 贵州银行2025年度招标代理机构后评价结果公告
      [科技识别] 标题是否科技相关: 否
      [SKIP] 标题非科技相关，不进入详情爬取

  [6/40] 标题: 中国邮政储蓄银行股份有限公司甘肃省分行与甘肃资产管理有限公司关于债权转让暨债务催收的联合公
      [科技识别] 标题是否科技相关: 否
      [SKIP] 标题非科技相关，不进入详情爬取

  [7/40] 标题: 中国光大银行股份有限公司银川分行餐厅运营整体外包服务项目中标候选人公示
      [科技识别] 标题是否科技相关: 否
      [SKIP] 标题非科技相关，不进入详情爬取

  [8/40] 标题: 阳西农商银行外包服务采购项目（招标编号：GDZD-20260303）中标结果公告
      [科技识别] 标题是否科技相关: 否
      [SKIP] 标题非科技相关，不进入详情爬取

  [9/40] 标题: 广东华润银行股份有限公司专标支装水项目采购单源直接采购结果公告
      [科技识别] 标题是否科技相关: 否
      [SKIP] 标题非科技相关，不进入详情爬取

  [10/40] 标题: 中国农业发展银行岢岚县支行营业办公用房加固工程招标公告
      [科技识别] 标题是否科技相关: 否
      [SKIP] 标题非科技相关，不进入详情爬取

  [11/40] 标题: 湖北省交通运输厅世界银行贷款项目办公室单位网站及微信公众号维护合同公告
      [科技识别] 标题是否科技相关: 否
      [SKIP] 标题非科技相关，不进入详情爬取

  [12/40] 标题: 中国民生银行股份有限公司洛阳分行装饰装修工程评审结果公示
      [科技识别] 标题是否科技相关: 否
      [SKIP] 标题非科技相关，不进入详情爬取

  [13/40] 标题: 【黑龙江联合产权交易所】标的7：黑龙江东宁农村商业银行股份公司春城储蓄所出让转让
      [科技识别] 标题是否科技相关: 否
      [SKIP] 标题非科技相关，不进入详情爬取

  [14/40] 标题: 【黑龙江联合产权交易所】标的10：黑龙江东宁农村商业银行股份公司一街储蓄所出让转让
      [科技识别] 标题是否科技相关: 否
      [SKIP] 标题非科技相关，不进入详情爬取

  [15/40] 标题: 【黑龙江联合产权交易所】标的2：黑龙江东宁农村商业银行股份公司振华储蓄所出让转让
      [科技识别] 标题是否科技相关: 否
      [SKIP] 标题非科技相关，不进入详情爬取

  [16/40] 标题: 【黑龙江联合产权交易所】中国农业银行股份有限公司甘南县支行9宗抵债房产及3套抵债设备捆绑转…
      [科技识别] 标题是否科技相关: 否
      [SKIP] 标题非科技相关，不进入详情爬取

  [17/40] 标题: 【建行自采】远程智能银行中心广州分中心2026年人事档案托管服务采购结果信息公开
      [科技识别] 标题是否科技相关: 否
      [SKIP] 标题非科技相关，不进入详情爬取

  [18/40] 标题: 【黑龙江联合产权交易所】标的3：黑龙江东宁农村商业银行股份公司富民储蓄所出让转让
      [科技识别] 标题是否科技相关: 否
      [SKIP] 标题非科技相关，不进入详情爬取

  [19/40] 标题: 【黑龙江联合产权交易所】标的6：黑龙江东宁农村商业银行股份公司绥林储蓄所出让转让
      [科技识别] 标题是否科技相关: 否
      [SKIP] 标题非科技相关，不进入详情爬取

  [20/40] 标题: 【黑龙江联合产权交易所】标的1：黑龙江东宁农村商业银行股份公司市场分理处出让转让
      [科技识别] 标题是否科技相关: 否
      [SKIP] 标题非科技相关，不进入详情爬取

  [21/40] 标题: 【黑龙江联合产权交易所】标的9：黑龙江东宁农村商业银行股份公司禄源支行出让转让
      [科技识别] 标题是否科技相关: 否
      [SKIP] 标题非科技相关，不进入详情爬取

  [22/40] 标题: 【黑龙江联合产权交易所】标的5：黑龙江东宁农村商业银行股份公司利民储蓄所出让转让
      [科技识别] 标题是否科技相关: 否
      [SKIP] 标题非科技相关，不进入详情爬取

  [23/40] 标题: 广发银行股份有限公司鞍山支行食堂食材配送服务项目-中标结果公示
      [科技识别] 标题是否科技相关: 否
      [SKIP] 标题非科技相关，不进入详情爬取

  [24/40] 标题: 【黑龙江联合产权交易所】标的8：黑龙江东宁农村商业银行股份公司惠民分理处出让转让
      [科技识别] 标题是否科技相关: 否
      [SKIP] 标题非科技相关，不进入详情爬取

  [25/40] 标题: 【黑龙江联合产权交易所】标的4：黑龙江东宁农村商业银行股份公司八里坪营业用房出让转让
      [科技识别] 标题是否科技相关: 否
      [SKIP] 标题非科技相关，不进入详情爬取

  [26/40] 标题: 中国进出口银行陕西省分行公务用车租赁项目供应商征集公告
      [科技识别] 标题是否科技相关: 否
      [SKIP] 标题非科技相关，不进入详情爬取

  [27/40] 标题: 黑龙江呼玛农村商业银行1处房地产转让-挂牌披露
      [科技识别] 标题是否科技相关: 否
      [SKIP] 标题非科技相关，不进入详情爬取

  [28/40] 标题: 山东移动2026年威海分公司蓝海银行专线项目_采购公告
      [科技识别] 标题是否科技相关: 否
      [SKIP] 标题非科技相关，不进入详情爬取

  [29/40] 标题: 中信银行深圳分行托管营运部分业务环节操作外包项目结果公示
      [科技识别] 标题是否科技相关: 否
      [SKIP] 标题非科技相关，不进入详情爬取

  [30/40] 标题: 中国工商银行股份有限公司陕西省分行培训场地（西安主城区）项目招标公告
      [科技识别] 标题是否科技相关: 否
      [SKIP] 标题非科技相关，不进入详情爬取

  [31/40] 标题: 宁波银行基建石材供应商入围项目入围结果公示-【宁波市】
      [科技识别] 标题是否科技相关: 否
      [SKIP] 标题非科技相关，不进入详情爬取

  [32/40] 标题: 江苏连云港安防产业专项母基金托管银行遴选服务项目中标结果公告
      [科技识别] 标题是否科技相关: 否
      [SKIP] 标题非科技相关，不进入详情爬取

  [33/40] 标题: 广发银行股份有限公司郑州分行本部餐厨服务外包项目中选结果公示
      [科技识别] 标题是否科技相关: 否
      [SKIP] 标题非科技相关，不进入详情爬取

  [34/40] 标题: 金华银行企业网银国产服务器采购项目成交结果公告
      [科技识别] 标题是否科技相关: 是
      [过滤-排除词] 未命中，通过
      [过滤-关键词] 包含「银行」，通过
      [OK] 通过全部筛选，进入详情爬取
    [已保存] output\2026-03-31\银行\中标结果_金华银行企业网银国产服务器采购项目成交结果公告.json

  [35/40] 标题: 中国银行股份有限公司2026年-2028年海盐支行物业管理服务采购项目采购招标公告
      [科技识别] 标题是否科技相关: 否
      [SKIP] 标题非科技相关，不进入详情爬取

  [36/40] 标题: 中国建设银行浙江省分行网络安全服务采购项目(第三次)中标公告
      [科技识别] 标题是否科技相关: 是
      [过滤-排除词] 未命中，通过
      [过滤-关键词] 包含「银行」，通过
      [OK] 通过全部筛选，进入详情爬取
    [已保存] output\2026-03-31\银行\中标结果_中国建设银行浙江省分行网络安全服务采购项目(第三次)中标公告.json

  [37/40] 标题: 中国建设银行河北省分行个人网络金融业务联合推广服务采购项目公开招标公告
      [科技识别] 标题是否科技相关: 否
      [SKIP] 标题非科技相关，不进入详情爬取

  [38/40] 标题: 中国银行滨州分行选取个人金融部代发薪重点客群客户营销服务集中采购项目-结果公告
      [科技识别] 标题是否科技相关: 否
      [SKIP] 标题非科技相关，不进入详情爬取

  [39/40] 标题: 中国建设银行广东省分行广州地区营业办公场所保安服务采购项目中标公告
      [科技识别] 标题是否科技相关: 否
      [SKIP] 标题非科技相关，不进入详情爬取

  [40/40] 标题: 河北涿州农村商业银行股份有限公司食堂采购项目中标候选人公示
      [科技识别] 标题是否科技相关: 否
      [SKIP] 标题非科技相关，不进入详情爬取

  [第 30 页]
  [DEBUG] 已检测到「条信息」，按整页详情链接解析
      [WARN] 未找到 .ssjg-leixing，info_type 将记为采招信息
  本页找到 40 条结果

  [1/40] 标题: 华夏银行总部2026-2027年员工观影服务项目-竞争性磋商公告
      [科技识别] 标题是否科技相关: 否
      [SKIP] 标题非科技相关，不进入详情爬取

  [2/40] 标题: 中国光大银行股份有限公司福州分行2026年智能柜台维保服务项目中标结果公告
      [科技识别] 标题是否科技相关: 否
      [SKIP] 标题非科技相关，不进入详情爬取

  [3/40] 标题: 吉林农村商业银行股份有限公司四平城区支行关于抵债资产公开拍卖的公告
      [科技识别] 标题是否科技相关: 否
      [SKIP] 标题非科技相关，不进入详情爬取

  [4/40] 标题: 内蒙古农村商业银行股份有限公司呼伦贝尔海拉尔区支行关于呼伦贝尔经济开发区仁和街仁和小区3-…
      [科技识别] 标题是否科技相关: 否
      [SKIP] 标题非科技相关，不进入详情爬取

  [5/40] 标题: 南充农村商业银行股份有限公司关于营山县朗池镇西干道泰合新天地3幢3层220号的公告(第一次…
      [科技识别] 标题是否科技相关: 否
      [SKIP] 标题非科技相关，不进入详情爬取

  [6/40] 标题: 南充农村商业银行股份有限公司关于营山县朗池镇西干道泰合新天地3幢3层219号的公告(第一次…
      [科技识别] 标题是否科技相关: 否
      [SKIP] 标题非科技相关，不进入详情爬取

  [7/40] 标题: 南充农村商业银行股份有限公司关于营山县朗池镇西干道泰合新天地3幢3层218号的公告(第一次…
      [科技识别] 标题是否科技相关: 否
      [SKIP] 标题非科技相关，不进入详情爬取

  [8/40] 标题: 辽宁农村商业银行股份有限公司建昌支行关于抵债资产公开拍卖处置的公告
      [科技识别] 标题是否科技相关: 否
      [SKIP] 标题非科技相关，不进入详情爬取

  [9/40] 标题: 利用新开发银行贷款太原武宿零碳机场项目北1站室外工程
      [科技识别] 标题是否科技相关: 否
      [SKIP] 标题非科技相关，不进入详情爬取

  [10/40] 标题: 中国工商银行周口分行本部北办公楼购置安装电梯项目招标公告
      [科技识别] 标题是否科技相关: 否
      [SKIP] 标题非科技相关，不进入详情爬取

  [11/40] 标题: 兴业银行拉萨分行2026年运营商通讯服务采购项目（第二年续签）采购结果公告
      [科技识别] 标题是否科技相关: 否
      [SKIP] 标题非科技相关，不进入详情爬取

  [12/40] 标题: 中国光大银行天津后台基地D座办公区改造中标结果公告
      [科技识别] 标题是否科技相关: 否
      [SKIP] 标题非科技相关，不进入详情爬取

  [13/40] 标题: 中国工商银行呼和浩特如意河支行原址装修-2603-150102-89-01-663703
      [科技识别] 标题是否科技相关: 否
      [SKIP] 标题非科技相关，不进入详情爬取

  [14/40] 标题: 夏县财政局关于遴选招标代理公司开展招标社保基金竞争性存放银行的公告-2026-03-310…
      [科技识别] 标题是否科技相关: 否
      [SKIP] 标题非科技相关，不进入详情爬取

  [15/40] 标题: 中国邮政储蓄银行股份有限公司周口市分行及各县（市、区）支行ATM巡检外包服务采购项目成交候…
      [科技识别] 标题是否科技相关: 否
      [SKIP] 标题非科技相关，不进入详情爬取

  [16/40] 标题: 中国邮政储蓄银行舟山市分行2026年房地产评估机构项目成交结果公告
      [科技识别] 标题是否科技相关: 否
      [SKIP] 标题非科技相关，不进入详情爬取

  [17/40] 标题: 四川银行2026年银企对账外包采购项目结果公示
      [科技识别] 标题是否科技相关: 否
      [SKIP] 标题非科技相关，不进入详情爬取

  [18/40] 标题: 中国建设银行临沂分行解放路支行商品房纠纷律师事务所服务项目供应商征集公告
      [科技识别] 标题是否科技相关: 否
      [SKIP] 标题非科技相关，不进入详情爬取

  [19/40] 标题: 海南农商银行基建项目施工单位增补入围项目成交公示
      [科技识别] 标题是否科技相关: 否
      [SKIP] 标题非科技相关，不进入详情爬取

  [20/40] 标题: 海南农商银行基建项目设计单位增补入围项目成交公示
      [科技识别] 标题是否科技相关: 否
      [SKIP] 标题非科技相关，不进入详情爬取

  [21/40] 标题: 中国光大银行股份有限公司太原分行2026年分行员工生日慰问品采购项目招标公告
      [科技识别] 标题是否科技相关: 否
      [SKIP] 标题非科技相关，不进入详情爬取

  [22/40] 标题: 广东东源农村商业银行股份有限公司聘请常年法律顾问（含驻场服务）项目废标公告
      [科技识别] 标题是否科技相关: 否
      [SKIP] 标题非科技相关，不进入详情爬取

  [23/40] 标题: 招商银行采购结果公示-XA01-20260228001
      [科技识别] 标题是否科技相关: 否
      [SKIP] 标题非科技相关，不进入详情爬取

  [24/40] 标题: 招商银行采购结果公告-ZH00-20251211003
      [科技识别] 标题是否科技相关: 否
      [SKIP] 标题非科技相关，不进入详情爬取

  [25/40] 标题: 招商银行济南分行采购结果公告-JN01-20260313002
      [科技识别] 标题是否科技相关: 否
      [SKIP] 标题非科技相关，不进入详情爬取

  [26/40] 标题: 中国农业银行股份有限公司甘南县支行9宗抵债房产及3套抵债设备捆绑转让交易公告(国资监测编号…
      [科技识别] 标题是否科技相关: 否
      [SKIP] 标题非科技相关，不进入详情爬取

  [27/40] 标题: 杭州文化产权交易所有限公司关于东莞农村商业银行个人原始股10000股【含股权证】的公告(第…
      [科技识别] 标题是否科技相关: 否
      [SKIP] 标题非科技相关，不进入详情爬取

  [28/40] 标题: 杭州文化产权交易所关于南充农村商业银行股份有限公司自然人股50000股的公告(第一次)
      [科技识别] 标题是否科技相关: 否
      [SKIP] 标题非科技相关，不进入详情爬取

  [29/40] 标题: 巴中农商银行恩阳区支行食堂改造装修工程（第三次）中标结果公告
      [科技识别] 标题是否科技相关: 否
      [SKIP] 标题非科技相关，不进入详情爬取

  [30/40] 标题: 中国民生银行股份有限公司Ⅱ类电子账户五要素验证服务采购项目征询公告
      [科技识别] 标题是否科技相关: 否
      [SKIP] 标题非科技相关，不进入详情爬取

  [31/40] 标题: 华夏银行总部2026-2027年员工观影服务项目竞争性磋商公告
      [科技识别] 标题是否科技相关: 否
      [SKIP] 标题非科技相关，不进入详情爬取

  [32/40] 标题: 中国邮政储蓄银行股份有限公司南通市分行2026年邮政大楼配套停车管理服务采购项目成交结果公…
      [科技识别] 标题是否科技相关: 否
      [SKIP] 标题非科技相关，不进入详情爬取

  [33/40] 标题: 中国工商银行河南省分行漯河分行办公楼外立面安全除患维修项目中标结果公示
      [科技识别] 标题是否科技相关: 否
      [SKIP] 标题非科技相关，不进入详情爬取

  [34/40] 标题: 杭州文化产权交易所关于（银行股）湖南银行自然人原始股权转让（可线上办理过户）的公告(第一次…
      [科技识别] 标题是否科技相关: 否
      [SKIP] 标题非科技相关，不进入详情爬取

  [35/40] 标题: 徽商银行关于淮北分行员工行服的采购项目评标结果公示
      [科技识别] 标题是否科技相关: 否
      [SKIP] 标题非科技相关，不进入详情爬取

  [36/40] 标题: 中国光大银行股份有限公司太原分行食堂原材料供应入围项目
      [科技识别] 标题是否科技相关: 否
      [SKIP] 标题非科技相关，不进入详情爬取

  [37/40] 标题: 中国光大银行股份有限公司太原分行2026年太原分行机场通道服务权益采购项目
      [科技识别] 标题是否科技相关: 否
      [SKIP] 标题非科技相关，不进入详情爬取

  [38/40] 标题: 杭州联合银行客户一日游活动项目招标公告（二次公告）
      [科技识别] 标题是否科技相关: 否
      [SKIP] 标题非科技相关，不进入详情爬取

  [39/40] 标题: 中国银行股份有限公司温州市分行关于“2026年丽岙支行营业用房物业管理”项目的成交结果公告
      [科技识别] 标题是否科技相关: 否
      [SKIP] 标题非科技相关，不进入详情爬取

  [40/40] 标题: 恒丰银行2026年坚石计划-二级分行行长班、坚石计划-支行行长班、坚石计划-新任班项目（二…
      [科技识别] 标题是否科技相关: 否
      [SKIP] 标题非科技相关，不进入详情爬取

  [第 31 页]
  [DEBUG] 已检测到「条信息」，按整页详情链接解析
      [WARN] 未找到 .ssjg-leixing，info_type 将记为采招信息
  本页找到 40 条结果

  [1/40] 标题: 浙商银行武汉分行授信业务押品保险服务采购项目（三次）的中标候选人公示
      [科技识别] 标题是否科技相关: 否
      [SKIP] 标题非科技相关，不进入详情爬取

  [2/40] 标题: 招商银行景德镇分行对接景德镇市医疗保险中心全民参保扩面技术支撑服务采购项目供应商征集公告
      [科技识别] 标题是否科技相关: 否
      [SKIP] 标题非科技相关，不进入详情爬取

  [3/40] 标题: 中国建设银行股份有限公司江西省分行关于南昌大学国有资产银校数据融合治理与年报自动化平台采购…
      [科技识别] 标题是否科技相关: 是
      [过滤-排除词] 未命中，通过
      [过滤-关键词] 包含「银行」，通过
      [OK] 通过全部筛选，进入详情爬取
    [已保存] output\2026-03-31\银行\招标公告_中国建设银行股份有限公司江西省分行关于南昌大学国有资产银校数据融合治理与年报自动化平台采购供应商征集公告.json

  [4/40] 标题: 成都银行综合前置系统升级项目中标结果公告
      [科技识别] 标题是否科技相关: 是
      [过滤-排除词] 未命中，通过
      [过滤-关键词] 包含「银行」，通过
      [OK] 通过全部筛选，进入详情爬取
    [已保存] output\2026-03-31\银行\中标结果_成都银行综合前置系统升级项目中标结果公告.json

  [5/40] 标题: 蚌埠农商银行员工工作服采购项目中标候选人公示
      [科技识别] 标题是否科技相关: 否
      [SKIP] 标题非科技相关，不进入详情爬取

  [6/40] 标题: 徐州农商银行2026年度信息科技类外包服务（应用开发类、数据开发类）项目中标候选人公示
      [科技识别] 标题是否科技相关: 否
      [SKIP] 标题非科技相关，不进入详情爬取

  [7/40] 标题: 中国银行顺德分行2026-2027年零星维修项目中标结果公告
      [科技识别] 标题是否科技相关: 否
      [SKIP] 标题非科技相关，不进入详情爬取

  [8/40] 标题: 乐昌市人民法院关于广东乐昌农村商业银行股份有限公司32860股股金（第一次拍卖）的公告
      [科技识别] 标题是否科技相关: 否
      [SKIP] 标题非科技相关，不进入详情爬取

  [9/40] 标题: 宁波银行资金营运中心机房设备维保服务项目的终止公告
      [科技识别] 标题是否科技相关: 是
      [过滤-排除词] 未命中，通过
      [过滤-关键词] 包含「银行」，通过
      [OK] 通过全部筛选，进入详情爬取
    [已保存] output\2026-03-31\银行\招标公告_宁波银行资金营运中心机房设备维保服务项目的终止公告.json

  [10/40] 标题: 无锡农村商业银行金融终端服务项目意向公告（第二次）
      [科技识别] 标题是否科技相关: 否
      [SKIP] 标题非科技相关，不进入详情爬取

  [11/40] 标题: 中国进出口银行河北省分行诉讼律师项目竞争性磋商公告
      [科技识别] 标题是否科技相关: 否
      [SKIP] 标题非科技相关，不进入详情爬取

  [12/40] 标题: 中国农业银行股份有限公司甘南县支行9宗抵债房产及3套抵债设备捆绑转让交易公告
      [科技识别] 标题是否科技相关: 否
      [SKIP] 标题非科技相关，不进入详情爬取

  [13/40] 标题: 关于浙商银行2026年微众信科税票类数据服务采购的成交结果公告
      [科技识别] 标题是否科技相关: 否
      [SKIP] 标题非科技相关，不进入详情爬取

  [14/40] 标题: 四川银行敏捷BI工具采购项目(第二次)磋商公告
      [科技识别] 标题是否科技相关: 否
      [SKIP] 标题非科技相关，不进入详情爬取

  [15/40] 标题: 赣州银行吉安分行空调维修服务
      [科技识别] 标题是否科技相关: 否
      [SKIP] 标题非科技相关，不进入详情爬取

  [16/40] 标题: 赣州银行吉安分行电梯维保服务
      [科技识别] 标题是否科技相关: 否
      [SKIP] 标题非科技相关，不进入详情爬取

  [17/40] 标题: 招商银行南京分行同城网点配餐服务集中采购框架项目供应商征集公告（二次）
      [科技识别] 标题是否科技相关: 否
      [SKIP] 标题非科技相关，不进入详情爬取

  [18/40] 标题: 南充农村商业银行股份有限公司关于营山县朗池镇西干道泰合新天地3幢2层118号的公告(第一次…
      [科技识别] 标题是否科技相关: 否
      [SKIP] 标题非科技相关，不进入详情爬取

  [19/40] 标题: 南充农村商业银行股份有限公司关于营山县朗池镇西干道泰合新天地3幢2层119号的公告(第一次…
      [科技识别] 标题是否科技相关: 否
      [SKIP] 标题非科技相关，不进入详情爬取

  [20/40] 标题: 中国工商银行昆明分行消防工程改造项目入围候选人公示
      [科技识别] 标题是否科技相关: 否
      [SKIP] 标题非科技相关，不进入详情爬取

  [21/40] 标题: 招商银行济南分行采购结果公告
      [科技识别] 标题是否科技相关: 否
      [SKIP] 标题非科技相关，不进入详情爬取

  [22/40] 标题: 兴业银行佛山分行2026-2027年茶叶采购项目的供应商征集公告
      [科技识别] 标题是否科技相关: 否
      [SKIP] 标题非科技相关，不进入详情爬取

  [23/40] 标题: 南充农村商业银行股份有限公司关于营山县朗池镇西干道泰合新天地3幢3层217号的公告(第一次…
      [科技识别] 标题是否科技相关: 否
      [SKIP] 标题非科技相关，不进入详情爬取

  [24/40] 标题: 山西银行印章管理控制系统2026年维保服务项目拟采用单一来源方式进行采购的公示
      [科技识别] 标题是否科技相关: 否
      [SKIP] 标题非科技相关，不进入详情爬取

  [25/40] 标题: 四川银行敏捷BI工具采购项目(第二次)磋商公告
      [科技识别] 标题是否科技相关: 否
      [SKIP] 标题非科技相关，不进入详情爬取

  [26/40] 标题: 中国邮政储蓄银行有限公司济宁市分行2026-2027年度客户活动策划及执行服务采购项目成交…
      [科技识别] 标题是否科技相关: 否
      [SKIP] 标题非科技相关，不进入详情爬取

  [27/40] 标题: 中国工商银行昆明分行消防工程改造项目中标候选人公示
      [科技识别] 标题是否科技相关: 否
      [SKIP] 标题非科技相关，不进入详情爬取

  [28/40] 标题: 中国建设银行股份有限公司河北省邯郸分行武安南小区支行营业用房续租项目单一来源采前公示
      [科技识别] 标题是否科技相关: 否
      [SKIP] 标题非科技相关，不进入详情爬取

  [29/40] 标题: 中国民生银行股份有限公司青藤安全软件许可采购项目评审结果公示
      [科技识别] 标题是否科技相关: 是
      [过滤-排除词] 未命中，通过
      [过滤-关键词] 包含「银行」，通过
      [OK] 通过全部筛选，进入详情爬取
    [已保存] output\2026-03-31\银行\中标结果_中国民生银行股份有限公司青藤安全软件许可采购项目评审结果公示.json

  [30/40] 标题: 中信银行南昌分行对公客户营销服务人员外包项目终止公告
      [科技识别] 标题是否科技相关: 否
      [SKIP] 标题非科技相关，不进入详情爬取

  [31/40] 标题: 江西省百巨招标咨询有限公司关于中国农业银行抚州分行“智慧食堂”场景建设设备采购项目公开招标…
      [科技识别] 标题是否科技相关: 否
      [SKIP] 标题非科技相关，不进入详情爬取

  [32/40] 标题: 宁波银行股份有限公司丽水分行2026—2028年公务车车辆保险服务项目供应商召集公告
      [科技识别] 标题是否科技相关: 否
      [SKIP] 标题非科技相关，不进入详情爬取

  [33/40] 标题: 中信银行南昌分行对公客户营销服务人员外包项目终止公告
      [科技识别] 标题是否科技相关: 否
      [SKIP] 标题非科技相关，不进入详情爬取

  [34/40] 标题: 中国银行霞浦支行2026年旧办公楼幕墙改造项目采购结果公示
      [科技识别] 标题是否科技相关: 否
      [SKIP] 标题非科技相关，不进入详情爬取

  [35/40] 标题: 交通银行湖南省分行2026-2028年客户抵押评估服务项目招标公告
      [科技识别] 标题是否科技相关: 否
      [SKIP] 标题非科技相关，不进入详情爬取

  [36/40] 标题: 靖江农商银行2026年工作服定制公开招标公告
      [科技识别] 标题是否科技相关: 否
      [SKIP] 标题非科技相关，不进入详情爬取

  [37/40] 标题: 黑龙江呼玛农村商业银行1处房地产转让交易公告(国资监测编号GR2026HL2001063)
      [科技识别] 标题是否科技相关: 否
      [SKIP] 标题非科技相关，不进入详情爬取

  [38/40] 标题: 广发银行股份有限公司鞍山支行食堂食材配送服务项目中标结果公示
      [科技识别] 标题是否科技相关: 否
      [SKIP] 标题非科技相关，不进入详情爬取

  [39/40] 标题: 广发银行股份有限公司郑州分行本部餐厨服务外包项目中选结果公示
      [科技识别] 标题是否科技相关: 否
      [SKIP] 标题非科技相关，不进入详情爬取

  [40/40] 标题: 华夏银行云会议（腾讯会议企业版）软件许可采购项目采购结果公告
      [科技识别] 标题是否科技相关: 是
      [过滤-排除词] 未命中，通过
      [过滤-关键词] 包含「银行」，通过
      [OK] 通过全部筛选，进入详情爬取
    [已保存] output\2026-03-31\银行\中标结果_华夏银行云会议（腾讯会议企业版）软件许可采购项目采购结果公告_075303.json

  [第 32 页]
  [DEBUG] 已检测到「条信息」，按整页详情链接解析
      [WARN] 未找到 .ssjg-leixing，info_type 将记为采招信息
  本页找到 40 条结果

  [1/40] 标题: 中国建设银行湖北省分行湖北省数智人社“一卡通”一体化平台采购项目市场调研公告
      [科技识别] 标题是否科技相关: 是
      [过滤-排除词] 未命中，通过
      [过滤-关键词] 包含「银行」，通过
      [OK] 通过全部筛选，进入详情爬取
    [已保存] output\2026-03-31\银行\招标公告_中国建设银行湖北省分行湖北省数智人社“一卡通”一体化平台采购项目市场调研公告.json

  [2/40] 标题: 中信银行贵阳分行集中采购代理机构供应商征集公告
      [科技识别] 标题是否科技相关: 否
      [SKIP] 标题非科技相关，不进入详情爬取

  [3/40] 标题: 关于浙商银行2026年微众信科税票类数据服务采购的成交结果公告
      [科技识别] 标题是否科技相关: 否
      [SKIP] 标题非科技相关，不进入详情爬取

  [4/40] 标题: 广发银行股份有限公司鞍山支行食堂食材配送服务项目-结果公示
      [科技识别] 标题是否科技相关: 否
      [SKIP] 标题非科技相关，不进入详情爬取

  [5/40] 标题: 中国建设银行股份有限公司山西省分行太原地区营业办公场所保洁服务项目中标公告
      [科技识别] 标题是否科技相关: 否
      [SKIP] 标题非科技相关，不进入详情爬取

  [6/40] 标题: 黑龙江东宁农村商业银行股份有限公司14处房地产分10包分别转让交易公告
      [科技识别] 标题是否科技相关: 否
      [SKIP] 标题非科技相关，不进入详情爬取

  [7/40] 标题: 广发银行股份有限公司郑州分行本部餐厨服务外包项目-结果公示
      [科技识别] 标题是否科技相关: 否
      [SKIP] 标题非科技相关，不进入详情爬取

  [8/40] 标题: 广发银行股份有限公司鞍山支行食堂食材配送服务项目-结果公示
      [科技识别] 标题是否科技相关: 否
      [SKIP] 标题非科技相关，不进入详情爬取

  [9/40] 标题: 黑龙江林口农村商业银行股份有限公司10处房地产分5包分别转让交易公告
      [科技识别] 标题是否科技相关: 否
      [SKIP] 标题非科技相关，不进入详情爬取

  [10/40] 标题: 内蒙古农村商业银行股份有限公司呼伦贝尔海拉尔区支行关于呼伦贝尔经济开发区仁和街仁和小区3-…
      [科技识别] 标题是否科技相关: 否
      [SKIP] 标题非科技相关，不进入详情爬取

  [11/40] 标题: 陕西平利农村商业银行股份有限公司关于关于平利县美华大酒店资产拍卖的公告的公告(第一次)
      [科技识别] 标题是否科技相关: 否
      [SKIP] 标题非科技相关，不进入详情爬取

  [12/40] 标题: 中国建设银行股份有限公司河北省唐山分行城区、县域机构钞币运送、自助设备清机加钞、尾箱寄库服…
      [科技识别] 标题是否科技相关: 否
      [SKIP] 标题非科技相关，不进入详情爬取

  [13/40] 标题: 招商银行赣州分行物业服务采购项目供应商征集公告
      [科技识别] 标题是否科技相关: 否
      [SKIP] 标题非科技相关，不进入详情爬取

  [14/40] 标题: 辽宁农商银行铁岭中心支行清收条线属地化拍卖机构准入项目-结果公告
      [科技识别] 标题是否科技相关: 否
      [SKIP] 标题非科技相关，不进入详情爬取

  [15/40] 标题: 中原银行股份有限公司总行机关职工生日慰问蛋糕采购项目-成交公告
      [科技识别] 标题是否科技相关: 否
      [SKIP] 标题非科技相关，不进入详情爬取

  [16/40] 标题: 中国农业发展银行黑河市分行本级食堂管理服务外包项目-结果公告
      [科技识别] 标题是否科技相关: 否
      [SKIP] 标题非科技相关，不进入详情爬取

  [17/40] 标题: 中国建设银行股份有限公司江苏省分行信创改造外部开发资源池采购项目中标公告
      [科技识别] 标题是否科技相关: 否
      [SKIP] 标题非科技相关，不进入详情爬取

  [18/40] 标题: 广东华润银行股份有限公司广州分行2026-2028年大中型企业抵押物财产保险服务采购结果公…
      [科技识别] 标题是否科技相关: 否
      [SKIP] 标题非科技相关，不进入详情爬取

  [19/40] 标题: 广东华润银行股份有限公司广州分行2026-2028年大中型企业抵押物财产保险服务采购结果公…
      [科技识别] 标题是否科技相关: 否
      [SKIP] 标题非科技相关，不进入详情爬取

  [20/40] 标题: 广发银行股份有限公司郑州分行本部餐厨服务外包项目-结果公示
      [科技识别] 标题是否科技相关: 否
      [SKIP] 标题非科技相关，不进入详情爬取

  [21/40] 标题: 天津市津南区农业农村发展服务中心2026年水稻病虫害专业化统防统治项目(项目编号:TXZX…
      [科技识别] 标题是否科技相关: 否
      [SKIP] 标题非科技相关，不进入详情爬取

  [22/40] 标题: 南充农村商业银行股份有限公司关于南部县蜀北街道办事处红岩子大道西延线与212国道交汇处圣桦…
      [科技识别] 标题是否科技相关: 否
      [SKIP] 标题非科技相关，不进入详情爬取

  [23/40] 标题: 南充农村商业银行股份有限公司关于南部县蜀北街道办事处红岩子大道西延线与212国道交汇处圣桦…
      [科技识别] 标题是否科技相关: 否
      [SKIP] 标题非科技相关，不进入详情爬取

  [24/40] 标题: 南充农村商业银行股份有限公司关于南部县蜀北街道办事处红岩子大道西延线与212国道交汇处圣桦…
      [科技识别] 标题是否科技相关: 否
      [SKIP] 标题非科技相关，不进入详情爬取

  [25/40] 标题: 南充农村商业银行股份有限公司关于南部县蜀北街道办事处红岩子大道西延线与212国道交汇处圣桦…
      [科技识别] 标题是否科技相关: 否
      [SKIP] 标题非科技相关，不进入详情爬取

  [26/40] 标题: 南充农村商业银行股份有限公司关于南部县蜀北街道办事处红岩子大道西延线与212国道交汇处圣桦…
      [科技识别] 标题是否科技相关: 否
      [SKIP] 标题非科技相关，不进入详情爬取

  [27/40] 标题: 南充农村商业银行股份有限公司关于南部县蜀北街道办事处红岩子大道西延线与212国道交汇处圣桦…
      [科技识别] 标题是否科技相关: 否
      [SKIP] 标题非科技相关，不进入详情爬取

  [28/40] 标题: 南充农村商业银行股份有限公司关于南部县河东镇临江居委会同心街101-105号2层2-1号的…
      [科技识别] 标题是否科技相关: 否
      [SKIP] 标题非科技相关，不进入详情爬取

  [29/40] 标题: 中国邮政储蓄银行股份有限公司福建省分行省金融中心2026年设备更新及改造工程采购项目公开招…
      [科技识别] 标题是否科技相关: 否
      [SKIP] 标题非科技相关，不进入详情爬取

  [30/40] 标题: 中国邮政储蓄银行股份有限公司大连分行2026年重点工作履职认知解码服务项目成交公告
      [科技识别] 标题是否科技相关: 否
      [SKIP] 标题非科技相关，不进入详情爬取

  [31/40] 标题: 中国建设银行股份有限公司东营分行本部原营业办公用房及院落-挂牌披露
      [科技识别] 标题是否科技相关: 否
      [SKIP] 标题非科技相关，不进入详情爬取

  [32/40] 标题: 新疆银行股份有限公司巴音郭楞分行所属车辆公开拍卖-交易结果
      [科技识别] 标题是否科技相关: 否
      [SKIP] 标题非科技相关，不进入详情爬取

  [33/40] 标题: 内蒙古农村商业银行股份有限公司呼伦贝尔海拉尔区支行关于呼伦贝尔经济开发区仁和街仁和小区3-…
      [科技识别] 标题是否科技相关: 否
      [SKIP] 标题非科技相关，不进入详情爬取

  [34/40] 标题: 内蒙古农村商业银行股份有限公司呼伦贝尔海拉尔区支行关于呼伦贝尔经济开发区仁和街仁和小区3-…
      [科技识别] 标题是否科技相关: 否
      [SKIP] 标题非科技相关，不进入详情爬取

  [35/40] 标题: 内蒙古农村商业银行股份有限公司呼伦贝尔海拉尔区支行关于呼伦贝尔经济开发区仁和街仁和小区3-…
      [科技识别] 标题是否科技相关: 否
      [SKIP] 标题非科技相关，不进入详情爬取

  [36/40] 标题: 内蒙古农村商业银行股份有限公司呼伦贝尔海拉尔区支行关于呼伦贝尔经济开发区仁和街仁和小区3-…
      [科技识别] 标题是否科技相关: 否
      [SKIP] 标题非科技相关，不进入详情爬取

  [37/40] 标题: 内蒙古农村商业银行股份有限公司呼伦贝尔海拉尔区支行关于呼伦贝尔经济开发区仁和街仁和小区3-…
      [科技识别] 标题是否科技相关: 否
      [SKIP] 标题非科技相关，不进入详情爬取

  [38/40] 标题: 内蒙古农村商业银行股份有限公司呼伦贝尔海拉尔区支行关于呼伦贝尔经济开发区仁和街仁和小区3-…
      [科技识别] 标题是否科技相关: 否
      [SKIP] 标题非科技相关，不进入详情爬取

  [39/40] 标题: 内蒙古农村商业银行股份有限公司呼伦贝尔海拉尔区支行关于呼伦贝尔经济开发区仁和街仁和小区3-…
      [科技识别] 标题是否科技相关: 否
      [SKIP] 标题非科技相关，不进入详情爬取

  [40/40] 标题: 内蒙古农村商业银行股份有限公司呼伦贝尔海拉尔区支行关于呼伦贝尔经济开发区仁和街仁和小区3-…
      [科技识别] 标题是否科技相关: 否
      [SKIP] 标题非科技相关，不进入详情爬取

  [第 33 页]
  [DEBUG] 已检测到「条信息」，按整页详情链接解析
      [WARN] 未找到 .ssjg-leixing，info_type 将记为采招信息
  本页找到 40 条结果

  [1/40] 标题: 内蒙古农村商业银行股份有限公司呼伦贝尔海拉尔区支行关于呼伦贝尔经济开发区仁和街仁和小区3-…
      [科技识别] 标题是否科技相关: 否
      [SKIP] 标题非科技相关，不进入详情爬取

  [2/40] 标题: 内蒙古农村商业银行股份有限公司呼伦贝尔海拉尔区支行关于呼伦贝尔经济开发区仁和街仁和小区3-…
      [科技识别] 标题是否科技相关: 否
      [SKIP] 标题非科技相关，不进入详情爬取

  [3/40] 标题: 线上支付齐商银行股份有限公司周村支行拥有的山东聚恒房地产开发有限公司的债权及相关权益
      [科技识别] 标题是否科技相关: 否
      [SKIP] 标题非科技相关，不进入详情爬取

  [4/40] 标题: 线上支付齐商银行股份有限公司张店支行拥有的吴征远的债权及相关权益
      [科技识别] 标题是否科技相关: 否
      [SKIP] 标题非科技相关，不进入详情爬取

  [5/40] 标题: 【中标公告】新疆银行股份有限公司巴音郭楞分行所属车辆公开拍卖成交公示
      [科技识别] 标题是否科技相关: 否
      [SKIP] 标题非科技相关，不进入详情爬取

  [6/40] 标题: 内蒙古农村商业银行股份有限公司呼伦贝尔海拉尔区支行关于呼伦贝尔经济开发区仁和街仁和小区3-…
      [科技识别] 标题是否科技相关: 否
      [SKIP] 标题非科技相关，不进入详情爬取

  [7/40] 标题: 内蒙古农村商业银行股份有限公司呼伦贝尔海拉尔区支行关于呼伦贝尔经济开发区仁和街仁和小区3-…
      [科技识别] 标题是否科技相关: 否
      [SKIP] 标题非科技相关，不进入详情爬取

  [8/40] 标题: 内蒙古农村商业银行股份有限公司呼伦贝尔海拉尔区支行关于呼伦贝尔经济开发区仁和街仁和小区3-…
      [科技识别] 标题是否科技相关: 否
      [SKIP] 标题非科技相关，不进入详情爬取

  [9/40] 标题: 内蒙古农村商业银行股份有限公司呼伦贝尔海拉尔区支行关于呼伦贝尔经济开发区仁和街仁和小区3-…
      [科技识别] 标题是否科技相关: 否
      [SKIP] 标题非科技相关，不进入详情爬取

  [10/40] 标题: 内蒙古农村商业银行股份有限公司呼伦贝尔海拉尔区支行关于呼伦贝尔经济开发区仁和街仁和小区3-…
      [科技识别] 标题是否科技相关: 否
      [SKIP] 标题非科技相关，不进入详情爬取

  [11/40] 标题: 内蒙古农村商业银行股份有限公司呼伦贝尔海拉尔区支行关于呼伦贝尔经济开发区仁和街仁和小区3-…
      [科技识别] 标题是否科技相关: 否
      [SKIP] 标题非科技相关，不进入详情爬取

  [12/40] 标题: 平安银行股份有限公司与中国中信金融资产管理股份有限公司上海市分公司债权转让通知暨债务催收联…
      [科技识别] 标题是否科技相关: 否
      [SKIP] 标题非科技相关，不进入详情爬取

  [13/40] 标题: 九江银行2026年武汉数据中心网络设备采购项目（标段一）
      [科技识别] 标题是否科技相关: 是
      [过滤-排除词] 未命中，通过
      [过滤-关键词] 包含「银行」，通过
      [OK] 通过全部筛选，进入详情爬取
    [已保存] output\2026-03-31\银行\招标公告_九江银行2026年武汉数据中心网络设备采购项目（标段一）.json

  [14/40] 标题: 九江银行2026年武汉数据中心网络设备采购项目（标段二）
      [科技识别] 标题是否科技相关: 是
      [过滤-排除词] 未命中，通过
      [过滤-关键词] 包含「银行」，通过
      [OK] 通过全部筛选，进入详情爬取
    [已保存] output\2026-03-31\银行\招标公告_九江银行2026年武汉数据中心网络设备采购项目（标段二）.json

  [15/40] 标题: 平安银行股份有限公司与中国中信金融资产管理股份有限公司上海市分公司债权转让通知暨债务催收联…
      [科技识别] 标题是否科技相关: 否
      [SKIP] 标题非科技相关，不进入详情爬取

  [16/40] 标题: 巴音郭楞蒙古自治州财政局非税收入财政专户开户银行选取项目中标结果公告
      [科技识别] 标题是否科技相关: 否
      [SKIP] 标题非科技相关，不进入详情爬取

  [17/40] 标题: 中国光大银行娄底分行新化支行2026-2029年保安服务项目招标公告
      [科技识别] 标题是否科技相关: 否
      [SKIP] 标题非科技相关，不进入详情爬取

  [18/40] 标题: 丹东银行替代数据通系统采购项目（二次）中标公告
      [科技识别] 标题是否科技相关: 否
      [SKIP] 标题非科技相关，不进入详情爬取

  [19/40] 标题: 中国银行孝感分行监控中心值机服务项目成交公告
      [科技识别] 标题是否科技相关: 否
      [SKIP] 标题非科技相关，不进入详情爬取

  [20/40] 标题: 盛京银行北京顺义支行对北京澳金园置业发展有限公司与中北华宇建筑工程公司建设工程款优先受偿案…
      [科技识别] 标题是否科技相关: 否
      [SKIP] 标题非科技相关，不进入详情爬取

  [21/40] 标题: 交通银行股份有限公司青岛分行2026年-2027年分行国际快递服务采购项目-第01次重新采…
      [科技识别] 标题是否科技相关: 否
      [SKIP] 标题非科技相关，不进入详情爬取

  [22/40] 标题: 中国银行抚顺分行食堂食材采购项目招标公告
      [科技识别] 标题是否科技相关: 否
      [SKIP] 标题非科技相关，不进入详情爬取

  [23/40] 标题: 盛京银行2026年省财政系统签名验签设备维保服务采购项目招标公告
      [科技识别] 标题是否科技相关: 否
      [SKIP] 标题非科技相关，不进入详情爬取

  [24/40] 标题: 紫金农商银行非全日制用工及劳务派遣驾驶员外包采购项目
      [科技识别] 标题是否科技相关: 否
      [SKIP] 标题非科技相关，不进入详情爬取

  [25/40] 标题: 中国农业银行股份有限公司吉林省分行营业网点办公家具采购项目中标结果公示
      [科技识别] 标题是否科技相关: 否
      [SKIP] 标题非科技相关，不进入详情爬取

  [26/40] 标题: 中国农业银行股份有限公司河北省分行河北研修中心内装修工程（桥西区城角街656号泵房1层整层…
      [科技识别] 标题是否科技相关: 否
      [SKIP] 标题非科技相关，不进入详情爬取

  [27/40] 标题: 杭州银行北京分行2026年上地支行迁址装修工程采购项目-固资审批公开
      [科技识别] 标题是否科技相关: 否
      [SKIP] 标题非科技相关，不进入详情爬取

  [28/40] 标题: 中国银行股份有限公司北京安贞桥支行装修项目-固资审批公开
      [科技识别] 标题是否科技相关: 否
      [SKIP] 标题非科技相关，不进入详情爬取

  [29/40] 标题: 汉口银行襄阳分行2026年保安服务采购项目（二次）招标公告
      [科技识别] 标题是否科技相关: 否
      [SKIP] 标题非科技相关，不进入详情爬取

  [30/40] 标题: 泰州农村商业银行网点门楣招牌改造项目发光标识工程招标公告
      [科技识别] 标题是否科技相关: 否
      [SKIP] 标题非科技相关，不进入详情爬取

  [31/40] 标题: 天津农商银行“国芯”品牌打印设备及其配套耗材框架采购项目招标公告
      [科技识别] 标题是否科技相关: 否
      [SKIP] 标题非科技相关，不进入详情爬取

  [32/40] 标题: 中国银行随州分行营业部装修及加固项目招标公告
      [科技识别] 标题是否科技相关: 否
      [SKIP] 标题非科技相关，不进入详情爬取

  [33/40] 标题: 内蒙古农村商业银行股份有限公司呼伦贝尔海拉尔区支行关于呼伦贝尔经济开发区仁和街仁和小区1-…
      [科技识别] 标题是否科技相关: 否
      [SKIP] 标题非科技相关，不进入详情爬取

  [34/40] 标题: 大连银行终端准入平台采购项目中标公告
      [科技识别] 标题是否科技相关: 是
      [过滤-排除词] 未命中，通过
      [过滤-关键词] 包含「银行」，通过
      [OK] 通过全部筛选，进入详情爬取
    [PDF] 路由拦截成功，共 516559 字节
    [PDF] 扫描版/少字 PDF 共 2 页，转为图片 OCR...
    [OCR] 识别第 1/2 页 ...
    [OCR] 识别第 2/2 页 ...
    [OCR] 全部 2 页识别完成
    [PDF] 响应拦截解析完成，共 745 字
    [已保存] output\2026-03-31\银行\中标结果_大连银行终端准入平台采购项目中标公告.json

  [35/40] 标题: 营口银行盘锦分行保安服务项目中标结果公示
      [科技识别] 标题是否科技相关: 否
      [SKIP] 标题非科技相关，不进入详情爬取

  [36/40] 标题: 泰州农村商业银行网点门楣招牌改造项目基础建设工程招标公告
      [科技识别] 标题是否科技相关: 否
      [SKIP] 标题非科技相关，不进入详情爬取

  [37/40] 标题: 中国光大银行北京分行顺义支行装修改造工程采购项目招标公告
      [科技识别] 标题是否科技相关: 否
      [SKIP] 标题非科技相关，不进入详情爬取

  [38/40] 标题: 辽宁农商银行本溪地区清收条线属地化拍卖机构准入项目中标结果公示
      [科技识别] 标题是否科技相关: 否
      [SKIP] 标题非科技相关，不进入详情爬取

  [39/40] 标题: 中国银行股份有限公司秦皇岛分行安防监控中心专业值机服务外包项目成交结果公告
      [科技识别] 标题是否科技相关: 否
      [SKIP] 标题非科技相关，不进入详情爬取

  [40/40] 标题: 永嘉农商银行城区支行营业办公用房配电工程结果公示
      [科技识别] 标题是否科技相关: 否
      [SKIP] 标题非科技相关，不进入详情爬取

  [第 34 页]
  [DEBUG] 已检测到「条信息」，按整页详情链接解析
      [WARN] 未找到 .ssjg-leixing，info_type 将记为采招信息
  本页找到 18 条结果

  [1/18] 标题: 辽宁农村商业银行股份有限公司辽阳中心支行市本级机关食堂食材供应商集中采购项目公开招标公告
      [科技识别] 标题是否科技相关: 否
      [SKIP] 标题非科技相关，不进入详情爬取

  [2/18] 标题: 吉林银行2026-2028年度收单机具设备供应商入围选聘项目一标段中标结果公示
      [科技识别] 标题是否科技相关: 否
      [SKIP] 标题非科技相关，不进入详情爬取

  [3/18] 标题: 中国工商银行巴中分行档案库房（新华书店）改建项目招标公告
      [科技识别] 标题是否科技相关: 否
      [SKIP] 标题非科技相关，不进入详情爬取

  [4/18] 标题: 内蒙古农村商业银行股份有限公司呼伦贝尔海拉尔区支行关于呼伦贝尔经济开发区仁和街仁和小区1-…
      [科技识别] 标题是否科技相关: 否
      [SKIP] 标题非科技相关，不进入详情爬取

  [5/18] 标题: 长春金融高等专科学校定期存款银行遴选成交结果公告
      [科技识别] 标题是否科技相关: 否
      [SKIP] 标题非科技相关，不进入详情爬取

  [6/18] 标题: 兴业银行拉萨分行2026年司机外包项目供应商征集公告
      [科技识别] 标题是否科技相关: 否
      [SKIP] 标题非科技相关，不进入详情爬取

  [7/18] 标题: 兴业银行济南分行关于2026年临沂地区委托律所催收信用卡逾期项目供应商征集调研公告
      [科技识别] 标题是否科技相关: 否
      [SKIP] 标题非科技相关，不进入详情爬取

  [8/18] 标题: 兴业银行长沙分行及辖内各支行消防设施设备维保服务项目供应商寻源公告
      [科技识别] 标题是否科技相关: 否
      [SKIP] 标题非科技相关，不进入详情爬取

  [9/18] 标题: 兴业银行拉萨分行2026年厨师外包项目供应商征集公告
      [科技识别] 标题是否科技相关: 否
      [SKIP] 标题非科技相关，不进入详情爬取

  [10/18] 标题: 平安银行股份有限公司与大连国新资产管理有限责任公司债权转让暨债务催收联合公告
      [科技识别] 标题是否科技相关: 否
      [SKIP] 标题非科技相关，不进入详情爬取

  [11/18] 标题: 兴业银行关于办公互联网线路扩容项目供应商征集调研公告
      [科技识别] 标题是否科技相关: 否
      [SKIP] 标题非科技相关，不进入详情爬取

  [12/18] 标题: 兴业银行贵阳分行关于2026-2028年零售业务集中作业中心及零贷集中催收团队外包服务项目…
      [科技识别] 标题是否科技相关: 否
      [SKIP] 标题非科技相关，不进入详情爬取

  [13/18] 标题: 兴业银行济南分行关于2026年聊城地区委托律所催收信用卡逾期项目供应商征集调研公告
      [科技识别] 标题是否科技相关: 否
      [SKIP] 标题非科技相关，不进入详情爬取

  [14/18] 标题: 三门县人民法院关于浙江三门农村商业银行股份有限公司处持有的5831股股权及可分配红利权益（…
      [科技识别] 标题是否科技相关: 否
      [SKIP] 标题非科技相关，不进入详情爬取

  [15/18] 标题: 兴业银行关于核身数据服务采购项目供应商征集调研公告
      [科技识别] 标题是否科技相关: 否
      [SKIP] 标题非科技相关，不进入详情爬取

  [16/18] 标题: 乌兰浩特市人民法院关于拍卖乌兰浩特市和平办事处滨河小区兴安盟人民银行3号楼2单元601室住…
      [科技识别] 标题是否科技相关: 否
      [SKIP] 标题非科技相关，不进入详情爬取

  [17/18] 标题: 兴业银行嘉兴分行采购“怡化”品牌现金类自助机具钞箱项目供应商征集公告
      [科技识别] 标题是否科技相关: 否
      [SKIP] 标题非科技相关，不进入详情爬取

  [18/18] 标题: 兴业银行济南分行关于2026年东营地区委托律所催收信用卡逾期项目供应商征集调研公告
      [科技识别] 标题是否科技相关: 否
      [SKIP] 标题非科技相关，不进入详情爬取

  [第 35 页]
  [DEBUG] 已检测到「条信息」，按整页详情链接解析
      [WARN] 未找到 .ssjg-leixing，info_type 将记为采招信息
  本页找到 18 条结果
  本页链接均已在之前页处理过，视为重复页，停止翻页。
  [OK] 「银行」爬取结束，正在关闭标签页…

  「银行」完成：成功 101 篇，失败 0 篇
  [OK] 等待 2~6 秒后继续下一关键词…

====================================================
  [2/10] 关键词：「资产管理」

────────────────────────────────────────────────────
  关键词：「资产管理」  输出目录：output\2026-03-31\资产管理/
  [OK] 搜索结果页 -> https://search.bidcenter.com.cn/search?keywords=%e8%b5%84%e4%ba%a7%e7%ae%a1%e7%90%86&mod=0
  [OK] 已点击「标题搜索」
  [OK] 标题搜索结果页 -> https://search.bidcenter.com.cn/search?keywords=%E8%B5%84%E4%BA%A7%E7%AE%A1%E7%90%86&tag=1&mod=0
  [时间筛选] 2026-03-31 ~ 2026-03-31
  [OK] 时间筛选已应用 -> https://search.bidcenter.com.cn/search?keywords=%E8%B5%84%E4%BA%A7%E7%AE%A1%E7%90%86&tag=1&mod=0&time=5&stime=2026-03-31&endtime=2026-03-31

  [第 1 页]
  [DEBUG] 已检测到「条信息」，按整页详情链接解析
      [WARN] 未找到 .ssjg-leixing，info_type 将记为采招信息
  本页找到 40 条结果

  [1/40] 标题: （降价）雄骏国际1单元三项资产转让（持有方：贵州省机关事务管理局国有资产管理服务中心）(二…
      [科技识别] 标题是否科技相关: 否
      [SKIP] 标题非科技相关，不进入详情爬取

  [2/40] 标题: （降价）雄骏国际1单元三项资产转让（持有方：贵州省机关事务管理局国有资产管理服务中心）(二…
      [科技识别] 标题是否科技相关: 否
      [SKIP] 标题非科技相关，不进入详情爬取

  [3/40] 标题: 新华资产管理股份有限公司常年法律顾问服务及法律服务类常规供应商库项目（标包2：不良资产业务…
      [科技识别] 标题是否科技相关: 否
      [SKIP] 标题非科技相关，不进入详情爬取

  [4/40] 标题: 新华资产管理股份有限公司常年法律顾问服务及法律服务类常规供应商库项目（标包5：上市股权业务…
      [科技识别] 标题是否科技相关: 否
      [SKIP] 标题非科技相关，不进入详情爬取

  [5/40] 标题: 新华资产管理股份有限公司常年法律顾问服务及法律服务类常规供应商库项目（标包3：保险资管产品…
      [科技识别] 标题是否科技相关: 否
      [SKIP] 标题非科技相关，不进入详情爬取

  [6/40] 标题: 新华资产管理股份有限公司常年法律顾问服务及法律服务类常规供应商库项目（标包6：司法争议解决…
      [科技识别] 标题是否科技相关: 否
      [SKIP] 标题非科技相关，不进入详情爬取

  [7/40] 标题: 新华资产管理股份有限公司常年法律顾问服务及法律服务类常规供应商库项目（标包8：境外法律事务…
      [科技识别] 标题是否科技相关: 否
      [SKIP] 标题非科技相关，不进入详情爬取

  [8/40] 标题: 新华资产管理股份有限公司常年法律顾问服务及法律服务类常规供应商库项目（标包7：劳动事务）中…
      [科技识别] 标题是否科技相关: 否
      [SKIP] 标题非科技相关，不进入详情爬取

  [9/40] 标题: 新华资产管理股份有限公司常年法律顾问服务及法律服务类常规供应商库项目（标包1：非上市股权业…
      [科技识别] 标题是否科技相关: 否
      [SKIP] 标题非科技相关，不进入详情爬取

  [10/40] 标题: 新华资产管理股份有限公司常年法律顾问服务及法律服务类常规供应商库项目（标包4：公司合规）中…
      [科技识别] 标题是否科技相关: 否
      [SKIP] 标题非科技相关，不进入详情爬取

  [11/40] 标题: 新华资产管理股份有限公司常年法律顾问服务及法律服务类常规供应商库项目（标包1：非上市股权业…
      [科技识别] 标题是否科技相关: 否
      [SKIP] 标题非科技相关，不进入详情爬取

  [12/40] 标题: 新华资产管理股份有限公司常年法律顾问服务及法律服务类常规供应商库项目（标包3：保险资管产品…
      [科技识别] 标题是否科技相关: 否
      [SKIP] 标题非科技相关，不进入详情爬取

  [13/40] 标题: 新华资产管理股份有限公司常年法律顾问服务及法律服务类常规供应商库项目（标包8：境外法律事务…
      [科技识别] 标题是否科技相关: 否
      [SKIP] 标题非科技相关，不进入详情爬取

  [14/40] 标题: 新华资产管理股份有限公司常年法律顾问服务及法律服务类常规供应商库项目（标包4：公司合规）中…
      [科技识别] 标题是否科技相关: 否
      [SKIP] 标题非科技相关，不进入详情爬取

  [15/40] 标题: 新华资产管理股份有限公司常年法律顾问服务及法律服务类常规供应商库项目（标包6：司法争议解决…
      [科技识别] 标题是否科技相关: 否
      [SKIP] 标题非科技相关，不进入详情爬取

  [16/40] 标题: 新华资产管理股份有限公司常年法律顾问服务及法律服务类常规供应商库项目（标包2：不良资产业务…
      [科技识别] 标题是否科技相关: 否
      [SKIP] 标题非科技相关，不进入详情爬取

  [17/40] 标题: 新华资产管理股份有限公司常年法律顾问服务及法律服务类常规供应商库项目（标包5：上市股权业务…
      [科技识别] 标题是否科技相关: 否
      [SKIP] 标题非科技相关，不进入详情爬取

  [18/40] 标题: 新华资产管理股份有限公司常年法律顾问服务及法律服务类常规供应商库项目（标包7：劳动事务）中…
      [科技识别] 标题是否科技相关: 否
      [SKIP] 标题非科技相关，不进入详情爬取

  [19/40] 标题: 中国长城资产管理股份有限公司辽宁省分公司对抚顺宏信防腐材料有限公司债权处置公告
      [科技识别] 标题是否科技相关: 否
      [SKIP] 标题非科技相关，不进入详情爬取

  [20/40] 标题: 中国长城资产管理股份有限公司新疆维吾尔自治区分公司对持有的昌吉市中盛工贸有限公司等4户债权…
      [科技识别] 标题是否科技相关: 否
      [SKIP] 标题非科技相关，不进入详情爬取

  [21/40] 标题: 中国长城资产管理股份有限公司新疆维吾尔自治区分公司对持有的昌吉市中盛工贸有限公司等4户债权…
      [科技识别] 标题是否科技相关: 否
      [SKIP] 标题非科技相关，不进入详情爬取

  [22/40] 标题: 广州资产管理关于广州市钰匠金属制品有限公司1户债权资产的公告(第一次)
      [科技识别] 标题是否科技相关: 否
      [SKIP] 标题非科技相关，不进入详情爬取

  [23/40] 标题: 中国长城资产管理股份有限公司新疆维吾尔自治区分公司对持有的昌吉市中盛工贸有限公司等4户债权…
      [科技识别] 标题是否科技相关: 否
      [SKIP] 标题非科技相关，不进入详情爬取

  [24/40] 标题: 远安县栖凤资产管理有限公司丹阳路商业综合体项目备案
      [科技识别] 标题是否科技相关: 否
      [SKIP] 标题非科技相关，不进入详情爬取

  [25/40] 标题: 远安县栖凤资产管理有限公司丹阳路商业综合体项目备案
      [科技识别] 标题是否科技相关: 否
      [SKIP] 标题非科技相关，不进入详情爬取

  [26/40] 标题: 云南省资产管理有限公司关于昭通市昭阳区黄家厂沟煤矿有限公司债权公开竞价处置的公告
      [科技识别] 标题是否科技相关: 否
      [SKIP] 标题非科技相关，不进入详情爬取

  [27/40] 标题: 浙江省国际技术设备招标有限公司关于光大金瓯资产管理有限公司2026-2027年度工会会员节…
      [科技识别] 标题是否科技相关: 否
      [SKIP] 标题非科技相关，不进入详情爬取

  [28/40] 标题: 中国长城资产管理股份有限公司大连市分公司对营口锦冠重工有限公司债权处置公告
      [科技识别] 标题是否科技相关: 否
      [SKIP] 标题非科技相关，不进入详情爬取

  [29/40] 标题: 中国煤炭资产管理集团有限公司保密工程施工合格供应商入围采购项目询价通知
      [科技识别] 标题是否科技相关: 否
      [SKIP] 标题非科技相关，不进入详情爬取

  [30/40] 标题: 国网山东电力恒源资产管理分公司2026年第二次服务授权公开谈判采购首次公告
      [科技识别] 标题是否科技相关: 否
      [SKIP] 标题非科技相关，不进入详情爬取

  [31/40] 标题: 平昌县国有资产管理中心2026年度政府采购意向公告(第3批)-县属国有企业经营管理及资产负…
      [科技识别] 标题是否科技相关: 否
      [SKIP] 标题非科技相关，不进入详情爬取

  [32/40] 标题: 中国信达资产管理股份有限公司2026-2028年度税务咨询服务项目中标候选人公示
      [科技识别] 标题是否科技相关: 否
      [SKIP] 标题非科技相关，不进入详情爬取

  [33/40] 标题: 山西政府投资资产管理中心有限公司隰县分公司隰县大西天数字展厅筹开工作服务项目
      [科技识别] 标题是否科技相关: 否
      [SKIP] 标题非科技相关，不进入详情爬取

  [34/40] 标题: 平高电气资产管理分公司2026年污水处理在线监测系统运行维护项目公开谈判采购成交结果公告
      [科技识别] 标题是否科技相关: 否
      [SKIP] 标题非科技相关，不进入详情爬取

  [35/40] 标题: 国网山东电力恒源资产管理分公司2026年第一次服务授权框架协议公开谈判采购首次公告
      [科技识别] 标题是否科技相关: 否
      [SKIP] 标题非科技相关，不进入详情爬取

  [36/40] 标题: 中信保诚资产管理有限责任公司专家交流平台采购项目成交结果公示
      [科技识别] 标题是否科技相关: 是
      [过滤-排除词] 未命中，通过
      [过滤-关键词] 包含「资产管理」，通过
      [OK] 通过全部筛选，进入详情爬取
    [已保存] output\2026-03-31\资产管理\中标结果_中信保诚资产管理有限责任公司专家交流平台采购项目成交结果公示.json

  [37/40] 标题: 中国长城资产管理股份有限公司河南省分公司关于河南中嘉豪箱包有限公司等三户债权资产的营销公告
      [科技识别] 标题是否科技相关: 否
      [SKIP] 标题非科技相关，不进入详情爬取

  [38/40] 标题: 【处置公告】云南省资产管理有限公司关于昭通市昭阳区黄家厂沟煤矿有限公司债权公开处置公告
      [科技识别] 标题是否科技相关: 否
      [SKIP] 标题非科技相关，不进入详情爬取

  [39/40] 标题: 上海亿达丰资产管理有限公司关于南通天虹旅游用品有限公司户债权的公告(第一次)
      [科技识别] 标题是否科技相关: 否
      [SKIP] 标题非科技相关，不进入详情爬取

  [40/40] 标题: 中国东方资产管理股份有限公司山东省分公司关于山东海澜化学工业有限公司等19户债权项目的处置…
      [科技识别] 标题是否科技相关: 否
      [SKIP] 标题非科技相关，不进入详情爬取

  [第 2 页]
  [DEBUG] 已检测到「条信息」，按整页详情链接解析
      [WARN] 未找到 .ssjg-leixing，info_type 将记为采招信息
  本页找到 40 条结果

  [1/40] 标题: 【东西湖区】武汉市东西湖区人民政府慈惠街道办事处慈惠街资产管理服务项目竞争性磋商公告
      [科技识别] 标题是否科技相关: 否
      [SKIP] 标题非科技相关，不进入详情爬取

  [2/40] 标题: 天津滨海高新技术产业开发区资产管理办公室（天津滨海高新技术产业开发区基本建设管理办公室）政…
      [科技识别] 标题是否科技相关: 否
      [SKIP] 标题非科技相关，不进入详情爬取

  [3/40] 标题: 广州国有资产管理集团有限公司关于粤AGV317金旅牌2021年2.4L手动挡面包车的公告(…
      [科技识别] 标题是否科技相关: 否
      [SKIP] 标题非科技相关，不进入详情爬取

  [4/40] 标题: 广州国有资产管理集团有限公司关于粤AGV203金旅牌2021年2.4L手动挡面包车的公告(…
      [科技识别] 标题是否科技相关: 否
      [SKIP] 标题非科技相关，不进入详情爬取

  [5/40] 标题: 广州国有资产管理集团有限公司关于粤AGB830金旅牌2021年2.4L手动挡面包车的公告(…
      [科技识别] 标题是否科技相关: 否
      [SKIP] 标题非科技相关，不进入详情爬取

  [6/40] 标题: 广州国有资产管理集团有限公司关于粤AGP141金旅牌2021年2.4L手动挡面包车的公告(…
      [科技识别] 标题是否科技相关: 否
      [SKIP] 标题非科技相关，不进入详情爬取

  [7/40] 标题: 广州国有资产管理集团有限公司关于粤AFB303金旅牌2021年2.4L手动挡面包车的公告(…
      [科技识别] 标题是否科技相关: 否
      [SKIP] 标题非科技相关，不进入详情爬取

  [8/40] 标题: 广州国有资产管理集团有限公司关于粤AGT213金旅牌2021年2.4L手动挡面包车的公告(…
      [科技识别] 标题是否科技相关: 否
      [SKIP] 标题非科技相关，不进入详情爬取

  [9/40] 标题: 关于我院固定资产管理系统升级项目采购的公告
      [科技识别] 标题是否科技相关: 是
      [过滤-排除词] 未命中，通过
      [过滤-关键词] 包含「资产管理」，通过
      [OK] 通过全部筛选，进入详情爬取
    [已保存] output\2026-03-31\资产管理\招标公告_关于我院固定资产管理系统升级项目采购的公告.json

  [10/40] 标题: 资产管理系统信创云数据库集成服务项目-GC2026JC01415
      [科技识别] 标题是否科技相关: 是
      [过滤-排除词] 未命中，通过
      [过滤-关键词] 包含「资产管理」，通过
      [OK] 通过全部筛选，进入详情爬取
    [已保存] output\2026-03-31\资产管理\中标结果_资产管理系统信创云数据库集成服务项目-GC2026JC01415.json

  [11/40] 标题: 广州国有资产管理集团有限公司关于粤AHR549金旅牌2021年2.4L手动挡面包车的公告(…
      [科技识别] 标题是否科技相关: 否
      [SKIP] 标题非科技相关，不进入详情爬取

  [12/40] 标题: 中国信达资产管理股份有限公司吉林省分公司关于吉林省鑫科汽车部件制造有限公司等两户债权资产的…
      [科技识别] 标题是否科技相关: 否
      [SKIP] 标题非科技相关，不进入详情爬取

  [13/40] 标题: 广州国有资产管理集团有限公司关于粤AHT812金旅牌2021年2.4L手动挡面包车的公告(…
      [科技识别] 标题是否科技相关: 否
      [SKIP] 标题非科技相关，不进入详情爬取

  [14/40] 标题: 广西拍辅贷资产管理有限公司关于达州农村商业银行股份有限公司280000股股金的公告(第一次…
      [科技识别] 标题是否科技相关: 否
      [SKIP] 标题非科技相关，不进入详情爬取

  [15/40] 标题: 浙江华耀建设咨询有限公司关于光大金瓯资产管理有限公司档案管理外包服务采购项目的公开招标公告…
      [科技识别] 标题是否科技相关: 否
      [SKIP] 标题非科技相关，不进入详情爬取

  [16/40] 标题: 中国中信金融资产管理股份有限公司浙江省分公司竞买公告
      [科技识别] 标题是否科技相关: 否
      [SKIP] 标题非科技相关，不进入详情爬取

  [17/40] 标题: 湖北安华资产管理有限公司门面招租公告
      [科技识别] 标题是否科技相关: 否
      [SKIP] 标题非科技相关，不进入详情爬取

  [18/40] 标题: 郯城县国有资产管理服务中心选聘2025年财务决算审计中介机构项目成交结果公告
      [科技识别] 标题是否科技相关: 否
      [SKIP] 标题非科技相关，不进入详情爬取

  [19/40] 标题: 资产管理系统信创云数据库集成服务项目
      [科技识别] 标题是否科技相关: 是
      [过滤-排除词] 未命中，通过
      [过滤-关键词] 包含「资产管理」，通过
      [OK] 通过全部筛选，进入详情爬取
    [已保存] output\2026-03-31\资产管理\中标结果_资产管理系统信创云数据库集成服务项目.json

  [20/40] 标题: 国网山东电力恒源资产管理分公司2026年第二次服务授权公开谈判采购
      [科技识别] 标题是否科技相关: 否
      [SKIP] 标题非科技相关，不进入详情爬取

  [21/40] 标题: 国网山东电力恒源资产管理分公司2026年第一次服务授权框架协议公开谈判采购
      [科技识别] 标题是否科技相关: 否
      [SKIP] 标题非科技相关，不进入详情爬取

  [22/40] 标题: 上海亿达丰资产管理有限公司关于江苏锡安机电建设有限公司户债权的公告(第一次)
      [科技识别] 标题是否科技相关: 否
      [SKIP] 标题非科技相关，不进入详情爬取

  [23/40] 标题: 福建省国有资产管理有限公司补充医疗保险项目比选公告
      [科技识别] 标题是否科技相关: 否
      [SKIP] 标题非科技相关，不进入详情爬取

  [24/40] 标题: 河南资产管理有限公司2026年员工招聘公告
      [科技识别] 标题是否科技相关: 否
      [SKIP] 标题非科技相关，不进入详情爬取

  [25/40] 标题: 绵投集团资产管理信息系统优化升级项目中标结果公示
      [科技识别] 标题是否科技相关: 是
      [过滤-排除词] 未命中，通过
      [过滤-关键词] 包含「资产管理」，通过
      [OK] 通过全部筛选，进入详情爬取
    [已保存] output\2026-03-31\资产管理\中标结果_绵投集团资产管理信息系统优化升级项目中标结果公示.json

  [26/40] 标题: 曲阜市佳豪物业管理有限公司资产管理房屋租赁权（二次）拍卖项目网上竞价拍卖公告
      [科技识别] 标题是否科技相关: 否
      [SKIP] 标题非科技相关，不进入详情爬取

  [27/40] 标题: 中国长城资产管理股份有限公司甘肃省分公司对甘肃民丰物流有限公司等39户资产营销公告
      [科技识别] 标题是否科技相关: 否
      [SKIP] 标题非科技相关，不进入详情爬取

  [28/40] 标题: 芜湖市湾沚区惠农资产管理有限公司房屋公开竞租公告
      [科技识别] 标题是否科技相关: 否
      [SKIP] 标题非科技相关，不进入详情爬取

  [29/40] 标题: 天津滨海高新技术产业开发区资产管理办公室（天津滨海高新技术产业开发区基本建设管理办公室）政…
      [科技识别] 标题是否科技相关: 否
      [SKIP] 标题非科技相关，不进入详情爬取

  [30/40] 标题: 昆明国有资产管理有限公司选聘财务顾问服务单位采购项目评审结果公示
      [科技识别] 标题是否科技相关: 否
      [SKIP] 标题非科技相关，不进入详情爬取

  [31/40] 标题: 中国东方资产管理股份有限公司陕西省分公司关于西安新竹实业有限责任公司等9户债权的处置公告
      [科技识别] 标题是否科技相关: 否
      [SKIP] 标题非科技相关，不进入详情爬取

  [32/40] 标题: 菏泽市国有资产管理服务中心“三仓合一”维保运营服务项目成交公告
      [科技识别] 标题是否科技相关: 否
      [SKIP] 标题非科技相关，不进入详情爬取

  [33/40] 标题: 华能能交公司资产管理公司成本招采全过程市场数据咨询服务结果公告
      [科技识别] 标题是否科技相关: 否
      [SKIP] 标题非科技相关，不进入详情爬取

  [34/40] 标题: （2025）沪0115破205号上海不周山资产管理有限公司破产清算案职工债权情况的公示
      [科技识别] 标题是否科技相关: 否
      [SKIP] 标题非科技相关，不进入详情爬取

  [35/40] 标题: 山西旅游集团资产管理有限公司2026-2027年度法律顾问选聘
      [科技识别] 标题是否科技相关: 否
      [SKIP] 标题非科技相关，不进入详情爬取

  [36/40] 标题: 青海汇信资产管理有限责任公司（新材料、元品）质检中心、PVC厂化验制品35项物资采购文件采…
      [科技识别] 标题是否科技相关: 否
      [SKIP] 标题非科技相关，不进入详情爬取

  [37/40] 标题: 数据资产管理系统建设项目公开招标中标结果公告
      [科技识别] 标题是否科技相关: 是
      [过滤-排除词] 未命中，通过
      [过滤-关键词] 包含「资产管理」，通过
      [OK] 通过全部筛选，进入详情爬取
    [已保存] output\2026-03-31\资产管理\中标结果_数据资产管理系统建设项目公开招标中标结果公告.json

  [38/40] 标题: 江西省玺丰项目管理有限公司关于南昌县国有资产管理有限公司2026年度租金评估服务业务采购项…
      [科技识别] 标题是否科技相关: 否
      [SKIP] 标题非科技相关，不进入详情爬取

  [39/40] 标题: 新丰县公共资产管理中心法律服务定点采购定点议价成交公告-DDYJ-2026-1770433
      [科技识别] 标题是否科技相关: 否
      [SKIP] 标题非科技相关，不进入详情爬取

  [40/40] 标题: 中国长城资产管理股份有限公司大连市分公司对大连凯润企业集团有限公司等2户债权投资意向征集公…
      [科技识别] 标题是否科技相关: 否
      [SKIP] 标题非科技相关，不进入详情爬取

  [第 3 页]
  [DEBUG] 已检测到「条信息」，按整页详情链接解析
      [WARN] 未找到 .ssjg-leixing，info_type 将记为采招信息
  本页找到 40 条结果

  [1/40] 标题: 湖北青杉投资资产管理有限公司债权转让意向招商公告
      [科技识别] 标题是否科技相关: 否
      [SKIP] 标题非科技相关，不进入详情爬取

  [2/40] 标题: 国网英大碳资产管理（上海）有限公司2026年第一批服务公开竞争性谈判采购变更公告1
      [科技识别] 标题是否科技相关: 否
      [SKIP] 标题非科技相关，不进入详情爬取

  [3/40] 标题: 中国长城资产管理股份有限公司浙江省分公司对国本建设有限公司等2户债权资产处置公告
      [科技识别] 标题是否科技相关: 否
      [SKIP] 标题非科技相关，不进入详情爬取

  [4/40] 标题: 合肥北城国有资产管理有限责任公司关于束线带的网上超市采购项目成交公告
      [科技识别] 标题是否科技相关: 否
      [SKIP] 标题非科技相关，不进入详情爬取

  [5/40] 标题: 上海亿达丰资产管理有限公司关于江苏汇帛服饰有限公司户债权的公告(第一次)
      [科技识别] 标题是否科技相关: 否
      [SKIP] 标题非科技相关，不进入详情爬取

  [6/40] 标题: 上海亿达丰资产管理有限公司关于江苏上善居餐饮管理有限公司户债权的公告(第一次)
      [科技识别] 标题是否科技相关: 否
      [SKIP] 标题非科技相关，不进入详情爬取

  [7/40] 标题: 崇左市留邕机关资产管理服务中心还建综合楼3-5层办公用房装修工程中标结果公示-E45140…
      [科技识别] 标题是否科技相关: 否
      [SKIP] 标题非科技相关，不进入详情爬取

  [8/40] 标题: 关于【北京市水利基础设施资产管理标准化建设】中选结果的公告-北京市北京市水利基础设施资产管…
      [科技识别] 标题是否科技相关: 否
      [SKIP] 标题非科技相关，不进入详情爬取

  [9/40] 标题: 2026年安庆市公司信息中心智慧资产管理项目询比公告
      [科技识别] 标题是否科技相关: 否
      [SKIP] 标题非科技相关，不进入详情爬取

  [10/40] 标题: 远安县栖凤资产管理有限公司丹阳路商业综合体项目备案
      [科技识别] 标题是否科技相关: 否
      [SKIP] 标题非科技相关，不进入详情爬取

  [11/40] 标题: 中国东方资产管理股份有限公司深圳市分公司关于深圳市儒骏投资发展有限公司债权的处置公告
      [科技识别] 标题是否科技相关: 否
      [SKIP] 标题非科技相关，不进入详情爬取

  [12/40] 标题: 中国东方资产管理股份有限公司北京市分公司关于蓝铜矿业债权资产的处置公告
      [科技识别] 标题是否科技相关: 否
      [SKIP] 标题非科技相关，不进入详情爬取

  [13/40] 标题: 华润渝康资产管理有限公司个贷业务部办公场所租赁单源直接采购结果公告
      [科技识别] 标题是否科技相关: 否
      [SKIP] 标题非科技相关，不进入详情爬取

  [14/40] 标题: 甘肃省新业资产经营有限责任公司协同办公、资产管理系统建设及门户网站建设项目成交候选人公示
      [科技识别] 标题是否科技相关: 是
      [过滤-排除词] 命中「办公」→ 跳过

  [15/40] 标题: 苏州工业园区东景资产管理有限公司关于2026年度东景工业坊厂房外立面涂料修缮工程设计项目的…
      [科技识别] 标题是否科技相关: 否
      [SKIP] 标题非科技相关，不进入详情爬取

  [16/40] 标题: 中国中信金融资产管理股份有限公司甘肃省分公司资产处置公告
      [科技识别] 标题是否科技相关: 否
      [SKIP] 标题非科技相关，不进入详情爬取

  [17/40] 标题: 中国长城资产管理股份有限公司云南省分公司对云南亿美居家具有限公司债权资产进行公开竞价的补登…
      [科技识别] 标题是否科技相关: 否
      [SKIP] 标题非科技相关，不进入详情爬取

  [18/40] 标题: 2025年中国联通黑龙江省分公司资产管理平台软件扩容建设项目软件扩容服务公开招标（二次）公…
      [科技识别] 标题是否科技相关: 是
      [过滤-排除词] 未命中，通过
      [过滤-关键词] 包含「资产管理」，通过
      [OK] 通过全部筛选，进入详情爬取
    [已保存] output\2026-03-31\资产管理\招标公告_2025年中国联通黑龙江省分公司资产管理平台软件扩容建设项目软件扩容服务公开招标（二次）公告.json

  [19/40] 标题: 中国中信金融资产管理股份有限公司甘肃省分公司资产处置公告
      [科技识别] 标题是否科技相关: 否
      [SKIP] 标题非科技相关，不进入详情爬取

  [20/40] 标题: 2026年中电福富信息科技有限公司资产管理平台系统扩容主动防御能力升级改造项目成交候选人公…
      [科技识别] 标题是否科技相关: 是
      [过滤-排除词] 未命中，通过
      [过滤-关键词] 包含「资产管理」，通过
      [OK] 通过全部筛选，进入详情爬取
    [已保存] output\2026-03-31\资产管理\中标结果_2026年中电福富信息科技有限公司资产管理平台系统扩容主动防御能力升级改造项目成交候选人公示.json

  [21/40] 标题: 宜昌市富兴投资资产管理有限公司抵债资产租金评估服务成交公告
      [科技识别] 标题是否科技相关: 否
      [SKIP] 标题非科技相关，不进入详情爬取

  [22/40] 标题: 苏州吴中经开资产管理有限公司关于吴中机器人产业园智能电表采购的竞争性磋商公告
      [科技识别] 标题是否科技相关: 否
      [SKIP] 标题非科技相关，不进入详情爬取

  [23/40] 标题: 光大金融租赁股份有限公司-数据资产管理系统建设项目公开招标中标结果公告
      [科技识别] 标题是否科技相关: 是
      [过滤-排除词] 未命中，通过
      [过滤-关键词] 包含「资产管理」，通过
      [OK] 通过全部筛选，进入详情爬取
    [已保存] output\2026-03-31\资产管理\中标结果_光大金融租赁股份有限公司-数据资产管理系统建设项目公开招标中标结果公告.json

  [24/40] 标题: 南漳县国有土地资产管理服务中心国有土地划拨用地批前公示
      [科技识别] 标题是否科技相关: 否
      [SKIP] 标题非科技相关，不进入详情爬取

  [25/40] 标题: 2026年固定资产管理服务-编号：440111-2026-01404采购计划
      [科技识别] 标题是否科技相关: 否
      [SKIP] 标题非科技相关，不进入详情爬取

  [26/40] 标题: 崇左市留邕机关资产管理服务中心还建综合楼3-5层办公用房装修工程中标结果公示
      [科技识别] 标题是否科技相关: 否
      [SKIP] 标题非科技相关，不进入详情爬取

  [27/40] 标题: 银川滨发资产管理有限公司工程维修劳务中标公示
      [科技识别] 标题是否科技相关: 否
      [SKIP] 标题非科技相关，不进入详情爬取

  [28/40] 标题: 广西金控资产管理有限公司经济责任审计成交结果公告-中标公告
      [科技识别] 标题是否科技相关: 否
      [SKIP] 标题非科技相关，不进入详情爬取

  [29/40] 标题: 中国人寿资产管理有限公司防火墙管理系统采购项目中标结果公告
      [科技识别] 标题是否科技相关: 是
      [过滤-排除词] 未命中，通过
      [过滤-关键词] 包含「资产管理」，通过
      [OK] 通过全部筛选，进入详情爬取
    [已保存] output\2026-03-31\资产管理\中标结果_中国人寿资产管理有限公司防火墙管理系统采购项目中标结果公告.json

  [30/40] 标题: 景德镇国盛酒店资产管理有限公司2026年年度饮料、酒水增补类采购项目询价采购公告
      [科技识别] 标题是否科技相关: 否
      [SKIP] 标题非科技相关，不进入详情爬取

  [31/40] 标题: 中国中信金融资产管理股份有限公司江苏省分公司物业服务采购项目中标结果公告
      [科技识别] 标题是否科技相关: 否
      [SKIP] 标题非科技相关，不进入详情爬取

  [32/40] 标题: 2025年中国联通黑龙江省分公司资产管理平台软件扩容建设项目软件扩容服务公开招标失败公告
      [科技识别] 标题是否科技相关: 是
      [过滤-排除词] 未命中，通过
      [过滤-关键词] 包含「资产管理」，通过
      [OK] 通过全部筛选，进入详情爬取
    [已保存] output\2026-03-31\资产管理\招标公告_2025年中国联通黑龙江省分公司资产管理平台软件扩容建设项目软件扩容服务公开招标失败公告.json

  [33/40] 标题: 山东省金融资产管理股份有限公司对济南鼎优进出口贸易有限公司等3户债权资产处置公告
      [科技识别] 标题是否科技相关: 否
      [SKIP] 标题非科技相关，不进入详情爬取

  [34/40] 标题: 中国人寿资产管理有限公司防火墙管理系统采购项目中标结果公告
      [科技识别] 标题是否科技相关: 是
      [过滤-排除词] 未命中，通过
      [过滤-关键词] 包含「资产管理」，通过
      [OK] 通过全部筛选，进入详情爬取
    [已保存] output\2026-03-31\资产管理\中标结果_中国人寿资产管理有限公司防火墙管理系统采购项目中标结果公告_080834.json

  [35/40] 标题: 深圳资产管理有限公司2026年度法律合规信息数据库服务采购项目
      [科技识别] 标题是否科技相关: 是
      [过滤-排除词] 未命中，通过
      [过滤-关键词] 包含「资产管理」，通过
      [OK] 通过全部筛选，进入详情爬取
    [已保存] output\2026-03-31\资产管理\招标公告_深圳资产管理有限公司2026年度法律合规信息数据库服务采购项目.json

  [36/40] 标题: 北京建投嘉昱资产管理有限公司2026年度食堂食材配送采购项目结果公告
      [科技识别] 标题是否科技相关: 否
      [SKIP] 标题非科技相关，不进入详情爬取

  [37/40] 标题: 新华资产管理股份有限公司2026年度基础测试项目-结果公告
      [科技识别] 标题是否科技相关: 否
      [SKIP] 标题非科技相关，不进入详情爬取

  [38/40] 标题: 重庆富城资产管理有限公司
      [科技识别] 标题是否科技相关: 否
      [SKIP] 标题非科技相关，不进入详情爬取

  [39/40] 标题: 明源资产管理信息系统建设与应用专项审计协审服务询比公告
      [科技识别] 标题是否科技相关: 否
      [SKIP] 标题非科技相关，不进入详情爬取

  [40/40] 标题: 绵阳市投资控股（集团）有限公司资产管理信息系统优化升级项目中选结果通知
      [科技识别] 标题是否科技相关: 是
      [过滤-排除词] 未命中，通过
      [过滤-关键词] 包含「资产管理」，通过
      [OK] 通过全部筛选，进入详情爬取
    [已保存] output\2026-03-31\资产管理\中标结果_绵阳市投资控股（集团）有限公司资产管理信息系统优化升级项目中选结果通知.json

  [第 4 页]
  [DEBUG] 已检测到「条信息」，按整页详情链接解析
      [WARN] 未找到 .ssjg-leixing，info_type 将记为采招信息
  本页找到 40 条结果

  [1/40] 标题: 山东省金融资产管理股份有限公司对山东洁能集团有限公司等10户债权资产处置公告
      [科技识别] 标题是否科技相关: 否
      [SKIP] 标题非科技相关，不进入详情爬取

  [2/40] 标题: 山东省金融资产管理股份有限公司对青岛山海天酒店管理有限公司等16户债权资产处置公告
      [科技识别] 标题是否科技相关: 否
      [SKIP] 标题非科技相关，不进入详情爬取

  [3/40] 标题: 广西壮族自治区烈士陵园（广西革命纪念馆）关于资产管理服务项目的采购公告-2026-03-3…
      [科技识别] 标题是否科技相关: 否
      [SKIP] 标题非科技相关，不进入详情爬取

  [4/40] 标题: 中国东方资产管理股份有限公司深圳市分公司关于公开处置深圳市大志成科技有限公司1户债权项目补…
      [科技识别] 标题是否科技相关: 否
      [SKIP] 标题非科技相关，不进入详情爬取

  [5/40] 标题: 中国邮政储蓄银行股份有限公司甘肃省分行与甘肃资产管理有限公司关于债权转让暨债务催收的联合公
      [科技识别] 标题是否科技相关: 否
      [SKIP] 标题非科技相关，不进入详情爬取

  [6/40] 标题: 济南广播电视台资产管理部采购复印纸成交公告
      [科技识别] 标题是否科技相关: 否
      [SKIP] 标题非科技相关，不进入详情爬取

  [7/40] 标题: 中油资产管理有限公司：（2026年第30346号）大连西太平洋石油化工有限公司一批报废资产…
      [科技识别] 标题是否科技相关: 否
      [SKIP] 标题非科技相关，不进入详情爬取

  [8/40] 标题: 中国中信金融资产管理股份有限公司江苏省分公司物业服务采购项目中标结果公告
      [科技识别] 标题是否科技相关: 否
      [SKIP] 标题非科技相关，不进入详情爬取

  [9/40] 标题: 江西财经大学后勤与资产管理处水电缴费系统项目竞价成交公告
      [科技识别] 标题是否科技相关: 否
      [SKIP] 标题非科技相关，不进入详情爬取

  [10/40] 标题: 【上海印钞有限公司】购置一套RFID设备资产管理系统采购公告
      [科技识别] 标题是否科技相关: 否
      [SKIP] 标题非科技相关，不进入详情爬取

  [11/40] 标题: 南京工业大学国有资产管理处关于茶水柜的网上商城合同公告-29711010000276133…
      [科技识别] 标题是否科技相关: 否
      [SKIP] 标题非科技相关，不进入详情爬取

  [12/40] 标题: 南京工业大学国有资产管理处关于班台的网上商城合同公告-297110100002761354…
      [科技识别] 标题是否科技相关: 否
      [SKIP] 标题非科技相关，不进入详情爬取

  [13/40] 标题: 南京工业大学国有资产管理处关于茶几的网上商城合同公告-297110100002761360…
      [科技识别] 标题是否科技相关: 否
      [SKIP] 标题非科技相关，不进入详情爬取

  [14/40] 标题: 南京工业大学国有资产管理处关于办公椅的网上商城合同公告-29711010000276136…
      [科技识别] 标题是否科技相关: 否
      [SKIP] 标题非科技相关，不进入详情爬取

  [15/40] 标题: 南京工业大学国有资产管理处关于沙发的网上商城合同公告-297110100002761337…
      [科技识别] 标题是否科技相关: 否
      [SKIP] 标题非科技相关，不进入详情爬取

  [16/40] 标题: 南京工业大学国有资产管理处关于文件柜的网上商城合同公告-29711010000276136…
      [科技识别] 标题是否科技相关: 否
      [SKIP] 标题非科技相关，不进入详情爬取

  [17/40] 标题: 仓储管理系统对接环境公司资产管理系统项目询价-XY（XJ）GG20260330000006
      [科技识别] 标题是否科技相关: 否
      [SKIP] 标题非科技相关，不进入详情爬取

  [18/40] 标题: 河南资产管理有限公司关于焦作市浩丰金属制品有限公司等4户债权公开处置公告（编号：CZGG-…
      [科技识别] 标题是否科技相关: 否
      [SKIP] 标题非科技相关，不进入详情爬取

  [19/40] 标题: 河南资产管理有限公司关于沁阳市畅想实业有限公司等7户债权公开处置公告（编号：CZGG-20…
      [科技识别] 标题是否科技相关: 否
      [SKIP] 标题非科技相关，不进入详情爬取

  [20/40] 标题: 【租赁交易转让公告】哈尔滨市城投资产管理有限责任公司50处房产对外出租项目信息披露
      [科技识别] 标题是否科技相关: 否
      [SKIP] 标题非科技相关，不进入详情爬取

  [21/40] 标题: 合肥北城国有资产管理有限责任公司关于激光打印机的网上超市采购项目成交公告
      [科技识别] 标题是否科技相关: 是
      [过滤-排除词] 未命中，通过
      [过滤-关键词] 包含「资产管理」，通过
      [OK] 通过全部筛选，进入详情爬取
    [已保存] output\2026-03-31\资产管理\中标结果_合肥北城国有资产管理有限责任公司关于激光打印机的网上超市采购项目成交公告.json

  [22/40] 标题: 中国东方资产管理股份有限公司深圳市分公司关于深圳俊星通讯科技有限公司债权招商公告
      [科技识别] 标题是否科技相关: 否
      [SKIP] 标题非科技相关，不进入详情爬取

  [23/40] 标题: 中国东方资产管理股份有限公司深圳市分公司关于鼎龙文化股份有限公司债权项目招商公告
      [科技识别] 标题是否科技相关: 否
      [SKIP] 标题非科技相关，不进入详情爬取

  [24/40] 标题: 中国东方资产管理股份有限公司深圳市分公司关于深圳市禾兴隆实业有限公司债权项目招商公告
      [科技识别] 标题是否科技相关: 否
      [SKIP] 标题非科技相关，不进入详情爬取

  [25/40] 标题: 中国东方资产管理股份有限公司深圳市分公司关于福克思电器有限公司债权项目招商公告
      [科技识别] 标题是否科技相关: 否
      [SKIP] 标题非科技相关，不进入详情爬取

  [26/40] 标题: 中国东方资产管理股份有限公司深圳市分公司关于深圳市金鸿铭塑胶制品有限公司债权招商公告
      [科技识别] 标题是否科技相关: 否
      [SKIP] 标题非科技相关，不进入详情爬取

  [27/40] 标题: 中国长城资产管理股份有限公司重庆市分公司对重庆凯悦房地产开发有限公司等79户债权资产的营销…
      [科技识别] 标题是否科技相关: 否
      [SKIP] 标题非科技相关，不进入详情爬取

  [28/40] 标题: 中国长城资产管理股份有限公司江苏省分公司关于江苏澳伦特印刷器材有限公司等14户债权资产补充…
      [科技识别] 标题是否科技相关: 否
      [SKIP] 标题非科技相关，不进入详情爬取

  [29/40] 标题: 中国长城资产管理股份有限公司重庆市分公司对重庆大川集团防盗门有限公司等59户债权资产的营销…
      [科技识别] 标题是否科技相关: 否
      [SKIP] 标题非科技相关，不进入详情爬取

  [30/40] 标题: 【哈尔滨产权交易所】哈尔滨市城投资产管理有限责任公司50处房产对外出租
      [科技识别] 标题是否科技相关: 否
      [SKIP] 标题非科技相关，不进入详情爬取

  [31/40] 标题: 哈尔滨市城投资产管理有限责任公司50处房产对外出租-挂牌披露
      [科技识别] 标题是否科技相关: 否
      [SKIP] 标题非科技相关，不进入详情爬取

  [32/40] 标题: 广州工控资产管理有限公司广州市天河区黄埔大道中员村四横路4号大院1-9出租(二次挂牌)-A…
      [科技识别] 标题是否科技相关: 否
      [SKIP] 标题非科技相关，不进入详情爬取

  [33/40] 标题: 平安银行股份有限公司与中国中信金融资产管理股份有限公司上海市分公司债权转让通知暨债务催收联…
      [科技识别] 标题是否科技相关: 否
      [SKIP] 标题非科技相关，不进入详情爬取

  [34/40] 标题: 中国中信金融资产管理股份有限公司山东省分公司资产处置暨公开竞价公告
      [科技识别] 标题是否科技相关: 否
      [SKIP] 标题非科技相关，不进入详情爬取

  [35/40] 标题: 中国中信金融资产管理股份有限公司浙江省分公司资产处置公告
      [科技识别] 标题是否科技相关: 否
      [SKIP] 标题非科技相关，不进入详情爬取

  [36/40] 标题: 中国中信金融资产管理股份有限公司山东省分公司资产处置暨公开竞价公告
      [科技识别] 标题是否科技相关: 否
      [SKIP] 标题非科技相关，不进入详情爬取

  [37/40] 标题: 中国中信金融资产管理股份有限公司贵州省分公司资产处置公告
      [科技识别] 标题是否科技相关: 否
      [SKIP] 标题非科技相关，不进入详情爬取

  [38/40] 标题: 中国中信金融资产管理股份有限公司贵州省分公司资产处置公告
      [科技识别] 标题是否科技相关: 否
      [SKIP] 标题非科技相关，不进入详情爬取

  [39/40] 标题: 中国中信金融资产管理股份有限公司山东省分公司资产处置暨公开竞价公告
      [科技识别] 标题是否科技相关: 否
      [SKIP] 标题非科技相关，不进入详情爬取

  [40/40] 标题: 中国中信金融资产管理股份有限公司浙江省分公司资产处置公告
      [科技识别] 标题是否科技相关: 否
      [SKIP] 标题非科技相关，不进入详情爬取

  [第 5 页]
  [DEBUG] 已检测到「条信息」，按整页详情链接解析
      [WARN] 未找到 .ssjg-leixing，info_type 将记为采招信息
  本页找到 6 条结果

  [1/6] 标题: 中国中信金融资产管理股份有限公司山东省分公司资产处置暨公开竞价公告
      [科技识别] 标题是否科技相关: 否
      [SKIP] 标题非科技相关，不进入详情爬取

  [2/6] 标题: 平安银行股份有限公司与中国中信金融资产管理股份有限公司上海市分公司债权转让通知暨债务催收联…
      [科技识别] 标题是否科技相关: 否
      [SKIP] 标题非科技相关，不进入详情爬取

  [3/6] 标题: 某公司资产管理系统信息化项目中标结果公示
      [科技识别] 标题是否科技相关: 是
      [过滤-排除词] 未命中，通过
      [过滤-关键词] 包含「资产管理」，通过
      [OK] 通过全部筛选，进入详情爬取
    [PDF] 路由拦截成功，共 70516 字节
    [PDF] 响应拦截解析完成，共 531 字
    [已保存] output\2026-03-31\资产管理\中标结果_某公司资产管理系统信息化项目中标结果公示.json

  [4/6] 标题: 上思县城投资产管理有限责任公司国家储备林（一期）其它配套项目-基础设施建设工程成交结果公告
      [科技识别] 标题是否科技相关: 否
      [SKIP] 标题非科技相关，不进入详情爬取

  [5/6] 标题: 南漳县国有土地资产管理服务中心国有土地划拨用地批前公示-发布时间：2026-03-31|行…
      [科技识别] 标题是否科技相关: 否
      [SKIP] 标题非科技相关，不进入详情爬取

  [6/6] 标题: 平安银行股份有限公司与大连国新资产管理有限责任公司债权转让暨债务催收联合公告
      [科技识别] 标题是否科技相关: 否
      [SKIP] 标题非科技相关，不进入详情爬取

  [第 6 页]
  [DEBUG] 已检测到「条信息」，按整页详情链接解析
      [WARN] 未找到 .ssjg-leixing，info_type 将记为采招信息
  本页找到 6 条结果
  本页链接均已在之前页处理过，视为重复页，停止翻页。
  [OK] 「资产管理」爬取结束，正在关闭标签页…

  「资产管理」完成：成功 16 篇，失败 0 篇
  [OK] 等待 2~6 秒后继续下一关键词…

====================================================
  [3/10] 关键词：「信托」

────────────────────────────────────────────────────
  关键词：「信托」  输出目录：output\2026-03-31\信托/
  [OK] 搜索结果页 -> https://search.bidcenter.com.cn/search?keywords=%e4%bf%a1%e6%89%98&mod=0
  [OK] 已点击「标题搜索」
  [OK] 标题搜索结果页 -> https://search.bidcenter.com.cn/search?keywords=%E4%BF%A1%E6%89%98&tag=1&mod=0
  [时间筛选] 2026-03-31 ~ 2026-03-31
  [OK] 时间筛选已应用 -> https://search.bidcenter.com.cn/search?keywords=%E4%BF%A1%E6%89%98&tag=1&mod=0&time=5&stime=2026-03-31&endtime=2026-03-31

  [第 1 页]
  [DEBUG] 已检测到「条信息」，按整页详情链接解析
      [WARN] 未找到 .ssjg-leixing，info_type 将记为采招信息
  本页找到 8 条结果

  [1/8] 标题: 华润深国投信托有限公司华润信托2026年-2031年广州职场办公场地租赁项目公告
      [科技识别] 标题是否科技相关: 否
      [SKIP] 标题非科技相关，不进入详情爬取

  [2/8] 标题: 建元信托股份有限公司（代表锐赢71号信托计划）转让深圳市中泰来投资控股股份有限公司债权及附…
      [科技识别] 标题是否科技相关: 否
      [SKIP] 标题非科技相关，不进入详情爬取

  [3/8] 标题: 长城新盛信托有限责任公司对持有的北京市朝阳区弘燕山水文园18号楼11至12层1单元-110…
      [科技识别] 标题是否科技相关: 否
      [SKIP] 标题非科技相关，不进入详情爬取

  [4/8] 标题: 华润深国投信托有限公司华润信托2026年-2029年广州职场办公场地租赁项目变更公告
      [科技识别] 标题是否科技相关: 否
      [SKIP] 标题非科技相关，不进入详情爬取

  [5/8] 标题: 华润深国投信托有限公司华润信托2026年-2029年广州职场办公场地租赁项目变更公告
      [科技识别] 标题是否科技相关: 否
      [SKIP] 标题非科技相关，不进入详情爬取

  [6/8] 标题: 华鑫国际信托有限公司2026年常年法律顾问服务谈判采购公告_采购信息
      [科技识别] 标题是否科技相关: 否
      [SKIP] 标题非科技相关，不进入详情爬取

  [7/8] 标题: 【直接采购】外贸信托2026年TA系统代销展业升级及部分优化需求采购/0747-2660S…
      [科技识别] 标题是否科技相关: 否
      [SKIP] 标题非科技相关，不进入详情爬取

  [8/8] 标题: 华鑫国际信托有限公司杭州办公区装修改造项目成交结果公告
      [科技识别] 标题是否科技相关: 否
      [SKIP] 标题非科技相关，不进入详情爬取

  [第 2 页]
  [DEBUG] 已检测到「条信息」，按整页详情链接解析
      [WARN] 未找到 .ssjg-leixing，info_type 将记为采招信息
  本页找到 8 条结果
  本页链接均已在之前页处理过，视为重复页，停止翻页。
  [OK] 「信托」爬取结束，正在关闭标签页…

  「信托」完成：成功 0 篇，失败 0 篇
  [OK] 等待 2~6 秒后继续下一关键词…

====================================================
  [4/10] 关键词：「消费金融」

────────────────────────────────────────────────────
  关键词：「消费金融」  输出目录：output\2026-03-31\消费金融/
  [OK] 搜索结果页 -> https://search.bidcenter.com.cn/search?keywords=%e6%b6%88%e8%b4%b9%e9%87%91%e8%9e%8d&mod=0
  [OK] 已点击「标题搜索」
  [OK] 标题搜索结果页 -> https://search.bidcenter.com.cn/search?keywords=%E6%B6%88%E8%B4%B9%E9%87%91%E8%9E%8D&tag=1&mod=0
  [时间筛选] 2026-03-31 ~ 2026-03-31
  [OK] 时间筛选已应用 -> https://search.bidcenter.com.cn/search?keywords=%E6%B6%88%E8%B4%B9%E9%87%91%E8%9E%8D&tag=1&mod=0&time=5&stime=2026-03-31&endtime=2026-03-31

  [第 1 页]
  [DEBUG] 已检测到「条信息」，按整页详情链接解析
      [WARN] 未找到 .ssjg-leixing，info_type 将记为采招信息
  本页找到 9 条结果

  [1/9] 标题: 中银消费金融有限公司信创软件原厂技术支持服务项目（包件一：华为云平台）流标公告
      [科技识别] 标题是否科技相关: 是
      [过滤-排除词] 未命中，通过
      [过滤-关键词] 包含「消费金融」，通过
      [OK] 通过全部筛选，进入详情爬取
    [PDF] 路由拦截成功，共 120318 字节
    [PDF] 响应拦截解析完成，共 634 字
    [已保存] output\2026-03-31\消费金融\招标公告_中银消费金融有限公司信创软件原厂技术支持服务项目（包件一：华为云平台）流标公告.json

  [2/9] 标题: 中邮消费金融有限公司2026年移动应用个人信息合规检测服务项目招标公告
      [科技识别] 标题是否科技相关: 否
      [SKIP] 标题非科技相关，不进入详情爬取

  [3/9] 标题: 中邮消费金融有限公司2026年数据库国产化建设与扩容项目（服务器）中标候选人公示
      [科技识别] 标题是否科技相关: 是
      [过滤-排除词] 未命中，通过
      [过滤-关键词] 包含「消费金融」，通过
      [OK] 通过全部筛选，进入详情爬取
    [已保存] output\2026-03-31\消费金融\中标结果_中邮消费金融有限公司2026年数据库国产化建设与扩容项目（服务器）中标候选人公示.json

  [4/9] 标题: 中邮消费金融有限公司2026移动应用个人信息合规检测服务项目招标公告
      [科技识别] 标题是否科技相关: 否
      [SKIP] 标题非科技相关，不进入详情爬取

  [5/9] 标题: 陕西长银消费金融有限公司AI大模型应用场景拓展与业务融合建设项目更正公告
      [科技识别] 标题是否科技相关: 是
      [过滤-排除词] 未命中，通过
      [过滤-关键词] 包含「消费金融」，通过
      [OK] 通过全部筛选，进入详情爬取
    [PDF] 路由拦截成功，共 674424 字节
    [PDF] 扫描版/少字 PDF 共 2 页，转为图片 OCR...
    [OCR] 识别第 1/2 页 ...
    [OCR] 识别第 2/2 页 ...
    [OCR] 全部 2 页识别完成
    [PDF] 响应拦截解析完成，共 559 字
    [已保存] output\2026-03-31\消费金融\招标公告_陕西长银消费金融有限公司AI大模型应用场景拓展与业务融合建设项目更正公告.json

  [6/9] 标题: 招联消费金融股份有限公司运营商工作手机外呼卡采购项目招标公告-深圳
      [科技识别] 标题是否科技相关: 否
      [SKIP] 标题非科技相关，不进入详情爬取

  [7/9] 标题: 招联消费金融股份有限公司运营商工作手机外呼卡采购项目招标公告
      [科技识别] 标题是否科技相关: 否
      [SKIP] 标题非科技相关，不进入详情爬取

  [8/9] 标题: 蒙商消费金融北京主机房服务器设备采购项目招标公告
      [科技识别] 标题是否科技相关: 是
      [过滤-排除词] 未命中，通过
      [过滤-关键词] 包含「消费金融」，通过
      [OK] 通过全部筛选，进入详情爬取
    [PDF] 路由拦截成功，共 1159021 字节
    [PDF] 响应拦截解析完成，共 2118 字
    [已保存] output\2026-03-31\消费金融\招标公告_蒙商消费金融北京主机房服务器设备采购项目招标公告.json

  [9/9] 标题: 盛银消费金融有限公司采购数据治理管控平台项目流标公告
      [科技识别] 标题是否科技相关: 是
      [过滤-排除词] 未命中，通过
      [过滤-关键词] 包含「消费金融」，通过
      [OK] 通过全部筛选，进入详情爬取
    [PDF] 路由拦截成功，共 403190 字节
    [PDF] 扫描版/少字 PDF 共 1 页，转为图片 OCR...
    [OCR] 识别第 1/1 页 ...
    [OCR] 全部 1 页识别完成
    [PDF] 响应拦截解析完成，共 402 字
    [已保存] output\2026-03-31\消费金融\招标公告_盛银消费金融有限公司采购数据治理管控平台项目流标公告.json

  [第 2 页]
  [DEBUG] 已检测到「条信息」，按整页详情链接解析
      [WARN] 未找到 .ssjg-leixing，info_type 将记为采招信息
  本页找到 9 条结果
  本页链接均已在之前页处理过，视为重复页，停止翻页。
  [OK] 「消费金融」爬取结束，正在关闭标签页…

  「消费金融」完成：成功 5 篇，失败 0 篇
  [OK] 等待 2~6 秒后继续下一关键词…

====================================================
  [5/10] 关键词：「汽车金融」

────────────────────────────────────────────────────
  关键词：「汽车金融」  输出目录：output\2026-03-31\汽车金融/
  [OK] 搜索结果页 -> https://search.bidcenter.com.cn/search?keywords=%e6%b1%bd%e8%bd%a6%e9%87%91%e8%9e%8d&mod=0
  [OK] 已点击「标题搜索」
  [OK] 标题搜索结果页 -> https://search.bidcenter.com.cn/search?keywords=%E6%B1%BD%E8%BD%A6%E9%87%91%E8%9E%8D&tag=1&mod=0
  [时间筛选] 2026-03-31 ~ 2026-03-31
  [OK] 时间筛选已应用 -> https://search.bidcenter.com.cn/search?keywords=%E6%B1%BD%E8%BD%A6%E9%87%91%E8%9E%8D&tag=1&mod=0&time=5&stime=2026-03-31&endtime=2026-03-31

  [第 1 页]
  [DEBUG] 已检测到「条信息」，按整页详情链接解析
      [WARN] 未找到 .ssjg-leixing，info_type 将记为采招信息
  本页找到 4 条结果

  [1/4] 标题: 汽车金融公司、租赁公司及智行租赁公司抵解押外包项目成交结果公告-中标公告
      [科技识别] 标题是否科技相关: 否
      [SKIP] 标题非科技相关，不进入详情爬取

  [2/4] 标题: 【长安汽车金融有限公司2026年度培训课题集中项目】结果公告
      [科技识别] 标题是否科技相关: 否
      [SKIP] 标题非科技相关，不进入详情爬取

  [3/4] 标题: 【长安汽车金融有限公司公安身份认证信息查询服务项目（二次）】结果公告
      [科技识别] 标题是否科技相关: 否
      [SKIP] 标题非科技相关，不进入详情爬取

  [4/4] 标题: 【长安汽车金融有限公司婚姻核验服务项目】结果公告
      [科技识别] 标题是否科技相关: 否
      [SKIP] 标题非科技相关，不进入详情爬取

  [第 2 页]
  [DEBUG] 已检测到「条信息」，按整页详情链接解析
      [WARN] 未找到 .ssjg-leixing，info_type 将记为采招信息
  本页找到 4 条结果
  本页链接均已在之前页处理过，视为重复页，停止翻页。
  [OK] 「汽车金融」爬取结束，正在关闭标签页…

  「汽车金融」完成：成功 0 篇，失败 0 篇
  [OK] 等待 2~6 秒后继续下一关键词…

====================================================
  [6/10] 关键词：「农村信用」

────────────────────────────────────────────────────
  关键词：「农村信用」  输出目录：output\2026-03-31\农村信用/
  [OK] 搜索结果页 -> https://search.bidcenter.com.cn/search?keywords=%e5%86%9c%e6%9d%91%e4%bf%a1%e7%94%a8&mod=0
  [OK] 已点击「标题搜索」
  [OK] 标题搜索结果页 -> https://search.bidcenter.com.cn/search?keywords=%E5%86%9C%E6%9D%91%E4%BF%A1%E7%94%A8&tag=1&mod=0
  [时间筛选] 2026-03-31 ~ 2026-03-31
  [OK] 时间筛选已应用 -> https://search.bidcenter.com.cn/search?keywords=%E5%86%9C%E6%9D%91%E4%BF%A1%E7%94%A8&tag=1&mod=0&time=5&stime=2026-03-31&endtime=2026-03-31

  [第 1 页]
  [DEBUG] 已检测到「条信息」，按整页详情链接解析
      [WARN] 未找到 .ssjg-leixing，info_type 将记为采招信息
  本页找到 40 条结果

  [1/40] 标题: 耿马傣族佤族自治县农村信用合作联社机关及孟定信用社职工食堂供应商采购项目成交公示
      [科技识别] 标题是否科技相关: 否
      [SKIP] 标题非科技相关，不进入详情爬取

  [2/40] 标题: 防城港市区农村信用合作联社新办公场所室内装修项目YZLFC2026-G2-004-FCQT…
      [科技识别] 标题是否科技相关: 否
      [SKIP] 标题非科技相关，不进入详情爬取

  [3/40] 标题: 玉林市区农村信用合作联社关于关于公开拍卖谭*彬不良债权的公告(第二次)
      [科技识别] 标题是否科技相关: 否
      [SKIP] 标题非科技相关，不进入详情爬取

  [4/40] 标题: 容县农村信用合作联社食堂食材供应及配送采购招标/采购异常
      [科技识别] 标题是否科技相关: 否
      [SKIP] 标题非科技相关，不进入详情爬取

  [5/40] 标题: 和政县农村信用合作联社关于广河县祁家集镇广瑞大厦1单元商铺1-2层、负一层房产的公告(末次…
      [科技识别] 标题是否科技相关: 否
      [SKIP] 标题非科技相关，不进入详情爬取

  [6/40] 标题: 广东省农村信用社联合社营销管理平台推广优化2025年度项目（第二次）招标公告
      [科技识别] 标题是否科技相关: 是
      [过滤-排除词] 未命中，通过
      [过滤-关键词] 包含「农村信用」，通过
      [OK] 通过全部筛选，进入详情爬取
    [已保存] output\2026-03-31\农村信用\招标公告_广东省农村信用社联合社营销管理平台推广优化2025年度项目（第二次）招标公告.json

  [7/40] 标题: 福建省农村信用社联合社分布式架构（云平台）项目（重新招标）中标候选人公示
      [科技识别] 标题是否科技相关: 是
      [过滤-排除词] 未命中，通过
      [过滤-关键词] 包含「农村信用」，通过
      [OK] 通过全部筛选，进入详情爬取
    [PDF] 路由拦截成功，共 88677 字节
    [PDF] 响应拦截解析完成，共 1190 字
    [已保存] output\2026-03-31\农村信用\中标结果_福建省农村信用社联合社分布式架构（云平台）项目（重新招标）中标候选人公示.json

  [8/40] 标题: 和政县农村信用合作联社关于广河县城河北新区安置区1号楼第7-8、15标的商铺的公告(末次)
      [科技识别] 标题是否科技相关: 否
      [SKIP] 标题非科技相关，不进入详情爬取

  [9/40] 标题: 【隆尧县农村信用合作联社劳务外包服务项目二次】中标结果公示
      [科技识别] 标题是否科技相关: 否
      [SKIP] 标题非科技相关，不进入详情爬取

  [10/40] 标题: 黑龙江省农村信用社联合社大模型算力租赁项目
      [科技识别] 标题是否科技相关: 是
      [过滤-排除词] 未命中，通过
      [过滤-关键词] 包含「农村信用」，通过
      [OK] 通过全部筛选，进入详情爬取
    [已保存] output\2026-03-31\农村信用\招标公告_黑龙江省农村信用社联合社大模型算力租赁项目.json

  [11/40] 标题: 杭州文化产权交易所关于福建三明明溪县农村信用合作联社个人股金15万股公开竞价的公告(第一次…
      [科技识别] 标题是否科技相关: 否
      [SKIP] 标题非科技相关，不进入详情爬取

  [12/40] 标题: 雄县农村信用合作联社雄东雄昝路信用社装修工程招标公告
      [科技识别] 标题是否科技相关: 否
      [SKIP] 标题非科技相关，不进入详情爬取

  [13/40] 标题: 安徽省农村信用社联合社吉大正元签名验签设备中标结果公告
      [科技识别] 标题是否科技相关: 否
      [SKIP] 标题非科技相关，不进入详情爬取

  [14/40] 标题: 安宁市农村信用合作联社2026年积分兑换宣传品采购项目（一标段）中标结果公告【更正】
      [科技识别] 标题是否科技相关: 否
      [SKIP] 标题非科技相关，不进入详情爬取

  [15/40] 标题: 宜良县农村信用合作联社2026年赋强公证服务采购项目入围结果公示
      [科技识别] 标题是否科技相关: 否
      [SKIP] 标题非科技相关，不进入详情爬取

  [16/40] 标题: 【云南省农村信用社科技结算中心2026-2027年保安服务项目】招标公告
      [科技识别] 标题是否科技相关: 否
      [SKIP] 标题非科技相关，不进入详情爬取

  [17/40] 标题: 【黑龙江联合产权交易所】标的6：海林市农村信用合作联社营业部二所营业用房转让
      [科技识别] 标题是否科技相关: 否
      [SKIP] 标题非科技相关，不进入详情爬取

  [18/40] 标题: 【黑龙江联合产权交易所】标的4：海林市农村信用合作联社营业部五所营业用房转让
      [科技识别] 标题是否科技相关: 否
      [SKIP] 标题非科技相关，不进入详情爬取

  [19/40] 标题: 【黑龙江联合产权交易所】标的15：海林市农村信用合作联社柴河繁荣分社和谐小区120号门市转…
      [科技识别] 标题是否科技相关: 否
      [SKIP] 标题非科技相关，不进入详情爬取

  [20/40] 标题: 【黑龙江联合产权交易所】标的9：海林市农村信用合作联社旧街社营业用房转让
      [科技识别] 标题是否科技相关: 否
      [SKIP] 标题非科技相关，不进入详情爬取

  [21/40] 标题: 【黑龙江联合产权交易所】标的10：海林市农村信用合作联社三道房屋转让
      [科技识别] 标题是否科技相关: 否
      [SKIP] 标题非科技相关，不进入详情爬取

  [22/40] 标题: 【黑龙江联合产权交易所】标的1：海林市农村信用合作联社营业部一所营业用房转让
      [科技识别] 标题是否科技相关: 否
      [SKIP] 标题非科技相关，不进入详情爬取

  [23/40] 标题: 【黑龙江联合产权交易所】标的11：海林市农村信用合作联社柴河友谊所转让
      [科技识别] 标题是否科技相关: 否
      [SKIP] 标题非科技相关，不进入详情爬取

  [24/40] 标题: 【黑龙江联合产权交易所】标的14：海林市农村信用合作联社柴河繁荣分社和谐小区119号门市转…
      [科技识别] 标题是否科技相关: 否
      [SKIP] 标题非科技相关，不进入详情爬取

  [25/40] 标题: 【黑龙江联合产权交易所】标的13：海林市农村信用合作联社长汀社利民储蓄所转让
      [科技识别] 标题是否科技相关: 否
      [SKIP] 标题非科技相关，不进入详情爬取

  [26/40] 标题: 【黑龙江联合产权交易所】标的3：海林市农村信用合作联社营业部道南所营业用房转让
      [科技识别] 标题是否科技相关: 否
      [SKIP] 标题非科技相关，不进入详情爬取

  [27/40] 标题: 【黑龙江联合产权交易所】标的8：海林市农村信用合作联社新安社办公楼营业用房转让
      [科技识别] 标题是否科技相关: 否
      [SKIP] 标题非科技相关，不进入详情爬取

  [28/40] 标题: 【黑龙江联合产权交易所】标的12：海林市农村信用合作联社农场分社转让
      [科技识别] 标题是否科技相关: 否
      [SKIP] 标题非科技相关，不进入详情爬取

  [29/40] 标题: 【黑龙江联合产权交易所】标的5：海林市农村信用合作联社营业部新合所营业用房转让
      [科技识别] 标题是否科技相关: 否
      [SKIP] 标题非科技相关，不进入详情爬取

  [30/40] 标题: 【黑龙江联合产权交易所】标的7：海林市农村信用合作联社山市社第一储蓄所转让
      [科技识别] 标题是否科技相关: 否
      [SKIP] 标题非科技相关，不进入详情爬取

  [31/40] 标题: 【黑龙江联合产权交易所】标的2：海林市农村信用合作联社营业部道南所营业用房转让
      [科技识别] 标题是否科技相关: 否
      [SKIP] 标题非科技相关，不进入详情爬取

  [32/40] 标题: 安徽省农村信用社联合社企业工商数据服务招标
      [科技识别] 标题是否科技相关: 否
      [SKIP] 标题非科技相关，不进入详情爬取

  [33/40] 标题: 海林市农村信用合作联社15处房产分别转让交易公告
      [科技识别] 标题是否科技相关: 否
      [SKIP] 标题非科技相关，不进入详情爬取

  [34/40] 标题: 富民县农村信用合作联社2026年社会押运、监控中心及金库远程值守服务采购项目（二次）流标公…
      [科技识别] 标题是否科技相关: 否
      [SKIP] 标题非科技相关，不进入详情爬取

  [35/40] 标题: 玉林市区农村信用合作联社关于陈*锋不良贷款债权的公告(第二次)
      [科技识别] 标题是否科技相关: 否
      [SKIP] 标题非科技相关，不进入详情爬取

  [36/40] 标题: 云南省农村信用社2026-2027年度技术人力资源外包项目（包9：运维类）（二次）入围候选…
      [科技识别] 标题是否科技相关: 是
      [过滤-排除词] 未命中，通过
      [过滤-关键词] 包含「农村信用」，通过
      [OK] 通过全部筛选，进入详情爬取
    [已保存] output\2026-03-31\农村信用\中标结果_云南省农村信用社2026-2027年度技术人力资源外包项目（包9：运维类）（二次）入围候选人公示.json

  [37/40] 标题: 罗源县农村信用合作联社新办公大楼装修工程（监理）中标结果公示
      [科技识别] 标题是否科技相关: 否
      [SKIP] 标题非科技相关，不进入详情爬取

  [38/40] 标题: 定兴县农村信用联社股份有限公司夏季工装采购项目招标公告
      [科技识别] 标题是否科技相关: 否
      [SKIP] 标题非科技相关，不进入详情爬取

  [39/40] 标题: 阜平县农村信用合作联社工装采购项目
      [科技识别] 标题是否科技相关: 否
      [SKIP] 标题非科技相关，不进入详情爬取

  [40/40] 标题: 华池县农村信用合作联社关于华池县山庄乡街道机器设备的公告(第一次)
      [科技识别] 标题是否科技相关: 否
      [SKIP] 标题非科技相关，不进入详情爬取

  [第 2 页]
  [DEBUG] 已检测到「条信息」，按整页详情链接解析
      [WARN] 未找到 .ssjg-leixing，info_type 将记为采招信息
  本页找到 5 条结果

  [1/5] 标题: 玉林市区农村信用合作联社关于马**不良贷款资产的公告(第二次)
      [科技识别] 标题是否科技相关: 否
      [SKIP] 标题非科技相关，不进入详情爬取

  [2/5] 标题: 镇原县农村信用合作联社关于西峰区西峰巷148-153号土地的公告(第三次)
      [科技识别] 标题是否科技相关: 否
      [SKIP] 标题非科技相关，不进入详情爬取

  [3/5] 标题: 玉林市区农村信用合作联社关于谢**不良贷款债权的公告(第二次)
      [科技识别] 标题是否科技相关: 否
      [SKIP] 标题非科技相关，不进入详情爬取

  [4/5] 标题: 玉林市区农村信用合作联社关于陈*海不良贷款债权的公告(第二次)
      [科技识别] 标题是否科技相关: 否
      [SKIP] 标题非科技相关，不进入详情爬取

  [5/5] 标题: 吉林省农村信用社联合社全国中小微企业资金流信用信息共享平台外包服务框架性协议单一来源采购公…
      [科技识别] 标题是否科技相关: 是
      [过滤-排除词] 未命中，通过
      [过滤-关键词] 包含「农村信用」，通过
      [OK] 通过全部筛选，进入详情爬取
    [PDF] 路由拦截成功，共 92911 字节
    [PDF] 响应拦截解析完成，共 1511 字
    [已保存] output\2026-03-31\农村信用\招标公告_吉林省农村信用社联合社全国中小微企业资金流信用信息共享平台外包服务框架性协议单一来源采购公告.json

  [第 3 页]
  [DEBUG] 已检测到「条信息」，按整页详情链接解析
      [WARN] 未找到 .ssjg-leixing，info_type 将记为采招信息
  本页找到 5 条结果
  本页链接均已在之前页处理过，视为重复页，停止翻页。
  [OK] 「农村信用」爬取结束，正在关闭标签页…

  「农村信用」完成：成功 5 篇，失败 0 篇
  [OK] 等待 2~6 秒后继续下一关键词…

====================================================
  [7/10] 关键词：「金融租赁」

────────────────────────────────────────────────────
  关键词：「金融租赁」  输出目录：output\2026-03-31\金融租赁/
  [OK] 搜索结果页 -> https://search.bidcenter.com.cn/search?keywords=%e9%87%91%e8%9e%8d%e7%a7%9f%e8%b5%81&mod=0
  [OK] 已点击「标题搜索」
  [OK] 标题搜索结果页 -> https://search.bidcenter.com.cn/search?keywords=%E9%87%91%E8%9E%8D%E7%A7%9F%E8%B5%81&tag=1&mod=0
  [时间筛选] 2026-03-31 ~ 2026-03-31
  [OK] 时间筛选已应用 -> https://search.bidcenter.com.cn/search?keywords=%E9%87%91%E8%9E%8D%E7%A7%9F%E8%B5%81&tag=1&mod=0&time=5&stime=2026-03-31&endtime=2026-03-31

  [第 1 页]
  [DEBUG] 已检测到「条信息」，按整页详情链接解析
      [WARN] 未找到 .ssjg-leixing，info_type 将记为采招信息
  本页找到 25 条结果

  [1/25] 标题: 永赢金融租赁有限公司关于1台6轴联动数控加工中心机床、1台封边机、1台木工雕刻机的公告(第…
      [科技识别] 标题是否科技相关: 否
      [SKIP] 标题非科技相关，不进入详情爬取

  [2/25] 标题: 中银金融租赁有限公司2026-2029年资产评估服务项目招标结果公告
      [科技识别] 标题是否科技相关: 否
      [SKIP] 标题非科技相关，不进入详情爬取

  [3/25] 标题: 宏泰新航金融租赁有限公司2026年金融债券牵头主承销商选聘采购项目更正公告
      [科技识别] 标题是否科技相关: 否
      [SKIP] 标题非科技相关，不进入详情爬取

  [4/25] 标题: 皖江金融租赁股份有限公司2026年度VIN码估值及车型库数据服务项目询比采购采购公告
      [科技识别] 标题是否科技相关: 否
      [SKIP] 标题非科技相关，不进入详情爬取

  [5/25] 标题: 中银金融租赁有限公司“监管数据标准化规范系统（EAST-2025版）”项目采购结果公告-2…
      [科技识别] 标题是否科技相关: 是
      [过滤-排除词] 未命中，通过
      [过滤-关键词] 包含「金融租赁」，通过
      [OK] 通过全部筛选，进入详情爬取
    [已保存] output\2026-03-31\金融租赁\中标结果_中银金融租赁有限公司“监管数据标准化规范系统（EAST-2025版）”项目采购结果公告-2026-03-31.json

  [6/25] 标题: 中银金融租赁有限公司“2026-2029年资产评估服务”项目招标结果公告-2026-03-…
      [科技识别] 标题是否科技相关: 否
      [SKIP] 标题非科技相关，不进入详情爬取

  [7/25] 标题: 邦银金融租赁股份有限公司与洛银金融租赁股份有限公司清产核资服务项目招标公告
      [科技识别] 标题是否科技相关: 否
      [SKIP] 标题非科技相关，不进入详情爬取

  [8/25] 标题: 邦银金融租赁股份有限公司与洛银金融租赁股份有限公司资产评估机构联合采购项目招标公告
      [科技识别] 标题是否科技相关: 否
      [SKIP] 标题非科技相关，不进入详情爬取

  [9/25] 标题: 民生金融租赁股份有限公司关于对一台X射线检测设备、两台高速锡膏检查机及两台插件机公开挂牌竞…
      [科技识别] 标题是否科技相关: 否
      [SKIP] 标题非科技相关，不进入详情爬取

  [10/25] 标题: 某金融机构关于徐州隆丰商业发展有限公司、柳州广柳置业有限公司融资租赁项目债权资产的营销公告
      [科技识别] 标题是否科技相关: 否
      [SKIP] 标题非科技相关，不进入详情爬取

  [11/25] 标题: 某金融机构关于四川巨洋假日饭店管理有限公司融资租赁项目债权的处置公告
      [科技识别] 标题是否科技相关: 否
      [SKIP] 标题非科技相关，不进入详情爬取

  [12/25] 标题: （破）四川上达电子有限公司管理人关于拍卖重庆鈊渝金融租赁股份有限公司融资租赁的机器设备的破…
      [科技识别] 标题是否科技相关: 否
      [SKIP] 标题非科技相关，不进入详情爬取

  [13/25] 标题: （破）四川上达电子有限公司管理人关于拍卖浙江浙银金融租赁股份有限公司融资租赁的机器设备的破…
      [科技识别] 标题是否科技相关: 否
      [SKIP] 标题非科技相关，不进入详情爬取

  [14/25] 标题: 中国五冶集团有限公司龙湖金融岛地下停车场工程施工总承包项目零星机械租赁中标候选人公示
      [科技识别] 标题是否科技相关: 否
      [SKIP] 标题非科技相关，不进入详情爬取

  [15/25] 标题: 汽车金融公司、租赁公司及智行租赁公司抵解押外包项目成交结果公告-中标公告
      [科技识别] 标题是否科技相关: 否
      [SKIP] 标题非科技相关，不进入详情爬取

  [16/25] 标题: 光大金融租赁股份有限公司-数据资产管理系统建设项目公开招标中标结果公告
      [科技识别] 标题是否科技相关: 是
      [过滤-排除词] 未命中，通过
      [过滤-关键词] 包含「金融租赁」，通过
      [OK] 通过全部筛选，进入详情爬取
    [已保存] output\2026-03-31\金融租赁\中标结果_光大金融租赁股份有限公司-数据资产管理系统建设项目公开招标中标结果公告.json

  [17/25] 标题: 国银金融租赁股份有限公司税务系统建设项目中标结果公告
      [科技识别] 标题是否科技相关: 是
      [过滤-排除词] 未命中，通过
      [过滤-关键词] 包含「金融租赁」，通过
      [OK] 通过全部筛选，进入详情爬取
    [已保存] output\2026-03-31\金融租赁\中标结果_国银金融租赁股份有限公司税务系统建设项目中标结果公告.json

  [18/25] 标题: 太平石化金融租赁有限责任公司猎头服务供应商征集公告
      [科技识别] 标题是否科技相关: 否
      [SKIP] 标题非科技相关，不进入详情爬取

  [19/25] 标题: 太平石化金融租赁有限责任公司人力资源专项法律服务
      [科技识别] 标题是否科技相关: 否
      [SKIP] 标题非科技相关，不进入详情爬取

  [20/25] 标题: 永赢金融租赁有限公司批量预警系统迭代升级项目供应商召集公告（项目实施类）
      [科技识别] 标题是否科技相关: 否
      [SKIP] 标题非科技相关，不进入详情爬取

  [21/25] 标题: 华夏金融租赁有限公司员工春秋游项目供应商征集公告?
      [科技识别] 标题是否科技相关: 否
      [SKIP] 标题非科技相关，不进入详情爬取

  [22/25] 标题: 越秀租赁绿色金融综合服务采购项目采购结果公告
      [科技识别] 标题是否科技相关: 否
      [SKIP] 标题非科技相关，不进入详情爬取

  [23/25] 标题: (X26-019)义乌市金融商务区东环地下空间租赁权
      [科技识别] 标题是否科技相关: 否
      [SKIP] 标题非科技相关，不进入详情爬取

  [24/25] 标题: (X26-020)义乌市金融商务区西环地下空间租赁权
      [科技识别] 标题是否科技相关: 否
      [SKIP] 标题非科技相关，不进入详情爬取

  [25/25] 标题: 邦银金融租赁股份有限公司与洛银金融租赁股份有限公司法律服务联合采购项目招标公告
      [科技识别] 标题是否科技相关: 否
      [SKIP] 标题非科技相关，不进入详情爬取

  [第 2 页]
  [DEBUG] 已检测到「条信息」，按整页详情链接解析
      [WARN] 未找到 .ssjg-leixing，info_type 将记为采招信息
  本页找到 25 条结果
  本页链接均已在之前页处理过，视为重复页，停止翻页。
  [OK] 「金融租赁」爬取结束，正在关闭标签页…

  「金融租赁」完成：成功 3 篇，失败 0 篇
  [OK] 等待 2~6 秒后继续下一关键词…

====================================================
  [8/10] 关键词：「金融控股」

────────────────────────────────────────────────────
  关键词：「金融控股」  输出目录：output\2026-03-31\金融控股/
  [OK] 搜索结果页 -> https://search.bidcenter.com.cn/search?keywords=%e9%87%91%e8%9e%8d%e6%8e%a7%e8%82%a1&mod=0
  [OK] 已点击「标题搜索」
  [OK] 标题搜索结果页 -> https://search.bidcenter.com.cn/search?keywords=%E9%87%91%E8%9E%8D%E6%8E%A7%E8%82%A1&tag=1&mod=0
  [时间筛选] 2026-03-31 ~ 2026-03-31
  [OK] 时间筛选已应用 -> https://search.bidcenter.com.cn/search?keywords=%E9%87%91%E8%9E%8D%E6%8E%A7%E8%82%A1&tag=1&mod=0&time=5&stime=2026-03-31&endtime=2026-03-31

  [第 1 页]
  [DEBUG] 已检测到「条信息」，按整页详情链接解析
      [WARN] 未找到 .ssjg-leixing，info_type 将记为采招信息
  本页找到 8 条结果

  [1/8] 标题: 合肥兴泰金融控股（集团）有限公司2026年招聘服务项目采购比选结果公示
      [科技识别] 标题是否科技相关: 否
      [SKIP] 标题非科技相关，不进入详情爬取

  [2/8] 标题: 中钞长城金融设备控股有限公司-广东中钞安达押运保安服务有限公司2026-2028年保安服装…
      [科技识别] 标题是否科技相关: 否
      [SKIP] 标题非科技相关，不进入详情爬取

  [3/8] 标题: 前海金融控股大厦18至20楼家具采购项目答疑补遗文件
      [科技识别] 标题是否科技相关: 否
      [SKIP] 标题非科技相关，不进入详情爬取

  [4/8] 标题: 成都交子金融控股集团有限公司选聘2026年“交子优才”—面试官系列培训服务项目评标结果公示
      [科技识别] 标题是否科技相关: 否
      [SKIP] 标题非科技相关，不进入详情爬取

  [5/8] 标题: 佛山市金融投资控股有限公司2026年度集团信息化系统运维服务项目中标结果公告
      [科技识别] 标题是否科技相关: 是
      [过滤-排除词] 未命中，通过
      [过滤-关键词] 标题不包含「金融控股」→ 跳过

  [6/8] 标题: 原广西投资集团金融控股有限公司经济责任审计标段二成交结果公告-中标公告
      [科技识别] 标题是否科技相关: 否
      [SKIP] 标题非科技相关，不进入详情爬取

  [7/8] 标题: 原广西投资集团金融控股有限公司经济责任审计标段一成交结果公告-中标公告
      [科技识别] 标题是否科技相关: 否
      [SKIP] 标题非科技相关，不进入详情爬取

  [8/8] 标题: 【正在公示】合肥市建设投资控股（集团）有限公司中期票据承销金融机构招标项目项目中标结果公告
      [科技识别] 标题是否科技相关: 否
      [SKIP] 标题非科技相关，不进入详情爬取

  [第 2 页]
  [DEBUG] 已检测到「条信息」，按整页详情链接解析
      [WARN] 未找到 .ssjg-leixing，info_type 将记为采招信息
  本页找到 8 条结果
  本页链接均已在之前页处理过，视为重复页，停止翻页。
  [OK] 「金融控股」爬取结束，正在关闭标签页…

  「金融控股」完成：成功 0 篇，失败 0 篇
  [OK] 等待 2~6 秒后继续下一关键词…

====================================================
  [9/10] 关键词：「财务公司」

────────────────────────────────────────────────────
  关键词：「财务公司」  输出目录：output\2026-03-31\财务公司/
  [OK] 搜索结果页 -> https://search.bidcenter.com.cn/search?keywords=%e8%b4%a2%e5%8a%a1%e5%85%ac%e5%8f%b8&mod=0
  [OK] 已点击「标题搜索」
  [OK] 标题搜索结果页 -> https://search.bidcenter.com.cn/search?keywords=%E8%B4%A2%E5%8A%A1%E5%85%AC%E5%8F%B8&tag=1&mod=0
  [时间筛选] 2026-03-31 ~ 2026-03-31
  [OK] 时间筛选已应用 -> https://search.bidcenter.com.cn/search?keywords=%E8%B4%A2%E5%8A%A1%E5%85%AC%E5%8F%B8&tag=1&mod=0&time=5&stime=2026-03-31&endtime=2026-03-31

  [第 1 页]
  [DEBUG] 已检测到「条信息」，按整页详情链接解析
      [WARN] 未找到 .ssjg-leixing，info_type 将记为采招信息
  本页找到 40 条结果

  [1/40] 标题: 安徽交控集团财务有限公司“十五五”战略规划咨询服务项目成交结果公示
      [科技识别] 标题是否科技相关: 否
      [SKIP] 标题非科技相关，不进入详情爬取

  [2/40] 标题: 南光（集团）有限公司财务数智化转型规划项目招标公告
      [科技识别] 标题是否科技相关: 否
      [SKIP] 标题非科技相关，不进入详情爬取

  [3/40] 标题: 中国移动通信集团广东有限公司2026年至2028年财务信息质量与分产品核算的精益管理公开询…
      [科技识别] 标题是否科技相关: 否
      [SKIP] 标题非科技相关，不进入详情爬取

  [4/40] 标题: 中煤能源新疆煤电化有限公司2026年度某项目财务尽职调查及财务顾问服务项目询价通知
      [科技识别] 标题是否科技相关: 否
      [SKIP] 标题非科技相关，不进入详情爬取

  [5/40] 标题: 采购会计师事务所出具成都光华兴教实业有限公司（含子公司）2025年度财务单体及合并审计报告…
      [科技识别] 标题是否科技相关: 否
      [SKIP] 标题非科技相关，不进入详情爬取

  [6/40] 标题: 中国邮政航空有限责任公司财务档案数字化项目（第二次）成交候选人公示
      [科技识别] 标题是否科技相关: 否
      [SKIP] 标题非科技相关，不进入详情爬取

  [7/40] 标题: 滨州国投投资管理集团有限公司第三方财务顾问服务机构入库框架协议采购征集公告
      [科技识别] 标题是否科技相关: 否
      [SKIP] 标题非科技相关，不进入详情爬取

  [8/40] 标题: 采购会计师事务所出具成都医学城城市建设发展有限公司（含子公司）2025年度财务单体及合并审…
      [科技识别] 标题是否科技相关: 否
      [SKIP] 标题非科技相关，不进入详情爬取

  [9/40] 标题: 宁波市甬元私募基金管理有限公司财务中介合格供应商入围项目（2026年-2028年）流标公告
      [科技识别] 标题是否科技相关: 否
      [SKIP] 标题非科技相关，不进入详情爬取

  [10/40] 标题: 西部矿业集团财务有限公司机房设备维保采购项目公告采购公告
      [科技识别] 标题是否科技相关: 是
      [过滤-排除词] 未命中，通过
      [过滤-关键词] 标题不包含「财务公司」→ 跳过

  [11/40] 标题: 遵义市旅游产业发展（集团）有限公司2025年财务报表审计服务
      [科技识别] 标题是否科技相关: 否
      [SKIP] 标题非科技相关，不进入详情爬取

  [12/40] 标题: 贵州金丽水务投资有限公司采购第三方会计师事务所对2025年年报进行财务审计项目（二次）中标…
      [科技识别] 标题是否科技相关: 否
      [SKIP] 标题非科技相关，不进入详情爬取

  [13/40] 标题: 山东移动2026年临沂分公司平邑城乡产业发展集团财务管理系统采购项目_询比公告
      [科技识别] 标题是否科技相关: 否
      [SKIP] 标题非科技相关，不进入详情爬取

  [14/40] 标题: 中国电信集团财务有限公司2025年拆除改造监理项目公开询比转直接采购公示
      [科技识别] 标题是否科技相关: 否
      [SKIP] 标题非科技相关，不进入详情爬取

  [15/40] 标题: 山东引领产业投资有限公司2025年度财务审计报告及2026年第一季度、第二季度、第三季度财…
      [科技识别] 标题是否科技相关: 否
      [SKIP] 标题非科技相关，不进入详情爬取

  [16/40] 标题: 寿光市城投控股集团有限公司2025年度财务审计报告及2026年第一季度、第二季度、第三季度…
      [科技识别] 标题是否科技相关: 否
      [SKIP] 标题非科技相关，不进入详情爬取

  [17/40] 标题: 天士力医药集团股份有限公司天士力医药集团股份有限公司财务共享中心建设咨询项目公告
      [科技识别] 标题是否科技相关: 否
      [SKIP] 标题非科技相关，不进入详情爬取

  [18/40] 标题: 遵义市旅游产业发展（集团）有限公司2025年财务报表审计服务
      [科技识别] 标题是否科技相关: 否
      [SKIP] 标题非科技相关，不进入详情爬取

  [19/40] 标题: 义乌市陆港投资开发有限公司财务凭证设备与凭证用纸采购
      [科技识别] 标题是否科技相关: 否
      [SKIP] 标题非科技相关，不进入详情爬取

  [20/40] 标题: 四川能投城乡建设发展有限公司所投资司2025年度财务报表审计项目（第二次）
      [科技识别] 标题是否科技相关: 否
      [SKIP] 标题非科技相关，不进入详情爬取

  [21/40] 标题: 上海特种润滑油分公司财务外包服务(二次)
      [科技识别] 标题是否科技相关: 否
      [SKIP] 标题非科技相关，不进入详情爬取

  [22/40] 标题: 2025年度海南陵水黎安国际教育创新试验区科教发展集团有限公司及子公司财务报表审计服务比选…
      [科技识别] 标题是否科技相关: 否
      [SKIP] 标题非科技相关，不进入详情爬取

  [23/40] 标题: 珙县国有资本投资运营集团有限公司及其下属子公司2026年财务咨询服务项目竞争性磋商公告
      [科技识别] 标题是否科技相关: 否
      [SKIP] 标题非科技相关，不进入详情爬取

  [24/40] 标题: 中油财务有限责任公司西安分公司办公场所租赁服务（重招）
      [科技识别] 标题是否科技相关: 否
      [SKIP] 标题非科技相关，不进入详情爬取

  [25/40] 标题: 南通苏锡通控股集团有限公司用友NCC财务软件维护服务采购项目合同公示
      [科技识别] 标题是否科技相关: 是
      [过滤-排除词] 未命中，通过
      [过滤-关键词] 标题不包含「财务公司」→ 跳过

  [26/40] 标题: 包钢集团财务有限责任公司采购统一互联网出口设备竞价采购公告
      [科技识别] 标题是否科技相关: 否
      [SKIP] 标题非科技相关，不进入详情爬取

  [27/40] 标题: 贵州雍泰建设（集团）有限公司2025年度财务报表审计会计师事务所采购项目中标（成交）结果公…
      [科技识别] 标题是否科技相关: 否
      [SKIP] 标题非科技相关，不进入详情爬取

  [28/40] 标题: 内蒙古交通集团有限公司呼伦贝尔分公司招标代理、财务审计服务机构入围中标（成交）候选人公示
      [科技识别] 标题是否科技相关: 否
      [SKIP] 标题非科技相关，不进入详情爬取

  [29/40] 标题: 武汉临空港国有资本控股集团有限公司及其子公司武汉临空港投资集团有限公司年报审计和季度合并财…
      [科技识别] 标题是否科技相关: 否
      [SKIP] 标题非科技相关，不进入详情爬取

  [30/40] 标题: 2025年度山西省烟草公司朔州市公司财务决算审计服务采购项目-单一来源采前公示
      [科技识别] 标题是否科技相关: 否
      [SKIP] 标题非科技相关，不进入详情爬取

  [31/40] 标题: 大岭山实业发展有限公司2024、2025年度财务报表审计-采购公告
      [科技识别] 标题是否科技相关: 否
      [SKIP] 标题非科技相关，不进入详情爬取

  [32/40] 标题: 海阳市海发水务集团有限公司及其权属公司财务报表审计服务项目[更正公告]-20260176
      [科技识别] 标题是否科技相关: 否
      [SKIP] 标题非科技相关，不进入详情爬取

  [33/40] 标题: 2023年内蒙古大兴安岭农垦（集团）有限责任公司科技文化活动中心改扩建工程建设项目聘请财务…
      [科技识别] 标题是否科技相关: 否
      [SKIP] 标题非科技相关，不进入详情爬取

  [34/40] 标题: 中广核新能源内蒙古公司财务竣工决算审计集采项目采购项目询比采购成交结果公示
      [科技识别] 标题是否科技相关: 否
      [SKIP] 标题非科技相关，不进入详情爬取

  [35/40] 标题: 湖南省永州监狱2025年财务收支审计和罪犯生活费专项审计、湖南万安达集团永达实业有限责任公…
      [科技识别] 标题是否科技相关: 否
      [SKIP] 标题非科技相关，不进入详情爬取

  [36/40] 标题: 河南循环科技产业集团有限公司2026年新增并购的公司原财务系统数据迁移服务项目询比文件采购…
      [科技识别] 标题是否科技相关: 否
      [SKIP] 标题非科技相关，不进入详情爬取

  [37/40] 标题: 关于为【豪江公司2025年度财务报表审计服务采购】公开选取【会计师事务所服务】机构的公告
      [科技识别] 标题是否科技相关: 否
      [SKIP] 标题非科技相关，不进入详情爬取

  [38/40] 标题: 关于为【永高新集团公司2025年度财务报表审计服务采购】公开选取【会计师事务所服务】机构的…
      [科技识别] 标题是否科技相关: 否
      [SKIP] 标题非科技相关，不进入详情爬取

  [39/40] 标题: 关于为【兴永公司2025年度财务报表审计服务采购】公开选取【会计师事务所服务】机构的公告
      [科技识别] 标题是否科技相关: 否
      [SKIP] 标题非科技相关，不进入详情爬取

  [40/40] 标题: 关于中国航空集团财务有限责任公司公司电话程控交换机续保服务采购项目谈判公告
      [科技识别] 标题是否科技相关: 是
      [过滤-排除词] 未命中，通过
      [过滤-关键词] 标题不包含「财务公司」→ 跳过

  [第 2 页]
  [DEBUG] 已检测到「条信息」，按整页详情链接解析
      [WARN] 未找到 .ssjg-leixing，info_type 将记为采招信息
  本页找到 40 条结果

  [1/40] 标题: 关于中国航空集团财务有限责任公司人行专线汇聚平台系统资源服务采购项目拟单一来源公示
      [科技识别] 标题是否科技相关: 是
      [过滤-排除词] 未命中，通过
      [过滤-关键词] 标题不包含「财务公司」→ 跳过

  [2/40] 标题: 衡阳县城市和农村建设投资有限公司及其18个子公司2025年度财务报表审计项目比选中标候选人…
      [科技识别] 标题是否科技相关: 否
      [SKIP] 标题非科技相关，不进入详情爬取

  [3/40] 标题: 中铁国材绝缘材料有限公司财务尽职调查-会计师事务所服务
      [科技识别] 标题是否科技相关: 否
      [SKIP] 标题非科技相关，不进入详情爬取

  [4/40] 标题: 【成交结果公告】2026年3月31日龙岩市吉城建设发展有限公司公开选取竣工财务决算审计服务…
      [科技识别] 标题是否科技相关: 否
      [SKIP] 标题非科技相关，不进入详情爬取

  [5/40] 标题: 云南省昆明长水国际机场T2航站楼北侧交通枢纽酒店财务测算支持和管理公司品牌筛选技术支持项目…
      [科技识别] 标题是否科技相关: 否
      [SKIP] 标题非科技相关，不进入详情爬取

  [6/40] 标题: 中国移动江西公司2026年综合财务系统维护服务采购项目_询比公告
      [科技识别] 标题是否科技相关: 否
      [SKIP] 标题非科技相关，不进入详情爬取

  [7/40] 标题: 上海宝杨茂业建设发展有限公司专项财务服务采购公告
      [科技识别] 标题是否科技相关: 否
      [SKIP] 标题非科技相关，不进入详情爬取

  [8/40] 标题: 昆明国有资产管理有限公司选聘财务顾问服务单位采购项目评审结果公示
      [科技识别] 标题是否科技相关: 否
      [SKIP] 标题非科技相关，不进入详情爬取

  [9/40] 标题: 沧州大运河发展（集团）有限责任公司集团及各子公司财务收支审计项目询比采购公告
      [科技识别] 标题是否科技相关: 否
      [SKIP] 标题非科技相关，不进入详情爬取

  [10/40] 标题: 关于【关于缙云峰尚（重庆）智能家居有限公司2025年度财务审计服务】中选结果的公告
      [科技识别] 标题是否科技相关: 否
      [SKIP] 标题非科技相关，不进入详情爬取

  [11/40] 标题: 龙川县广源水务运营有限公司—聘请会计师事务所审计2025年度财务报表采购需求书-采购公告
      [科技识别] 标题是否科技相关: 否
      [SKIP] 标题非科技相关，不进入详情爬取

  [12/40] 标题: 【成交结果公告】2026年3月31日龙岩市吉城建设发展有限公司公开选取竣工财务决算审计服务…
      [科技识别] 标题是否科技相关: 否
      [SKIP] 标题非科技相关，不进入详情爬取

  [13/40] 标题: 陕西省西咸新区空港新城开发建设集团有限公司2025年度财务报告审计项目中标结果公示-202…
      [科技识别] 标题是否科技相关: 否
      [SKIP] 标题非科技相关，不进入详情爬取

  [14/40] 标题: 二十二冶鼎力公司（集团公司财务共享中心）2026信息化建设服务浪潮OCR服务询价书0028…
      [科技识别] 标题是否科技相关: 是
      [过滤-排除词] 未命中，通过
      [过滤-关键词] 标题不包含「财务公司」→ 跳过

  [15/40] 标题: 北京北辰实业集团有限责任公司选聘2026-2027年度财务报表审计会计师事务所招标公告
      [科技识别] 标题是否科技相关: 否
      [SKIP] 标题非科技相关，不进入详情爬取

  [16/40] 标题: 余姚市融媒体中心和传媒集团及所属各公司财务审计结果公示
      [科技识别] 标题是否科技相关: 否
      [SKIP] 标题非科技相关，不进入详情爬取

  [17/40] 标题: 陕西省西咸新区空港新城开发建设集团有限公司2025年度财务报告审计项目中标结果公示
      [科技识别] 标题是否科技相关: 否
      [SKIP] 标题非科技相关，不进入详情爬取

  [18/40] 标题: 广州广交数科信息产业有限公司财务核算系统及实施服务采购项目采购公告
      [科技识别] 标题是否科技相关: 否
      [SKIP] 标题非科技相关，不进入详情爬取

  [19/40] 标题: 广西同泽工程项目管理股份有限公司关于广西工业职业技术学院2025年度财务收支情况及2022…
      [科技识别] 标题是否科技相关: 否
      [SKIP] 标题非科技相关，不进入详情爬取

  [20/40] 标题: [已流标]宁波市甬元私募基金管理有限公司财务中介合格供应商入围项目（2026年-2028年…
      [科技识别] 标题是否科技相关: 否
      [SKIP] 标题非科技相关，不进入详情爬取

  [21/40] 标题: 泾阳智和绿动新能源发电有限公司国家电投集团泾阳日新10万千瓦光伏发电项目竣工财务决算报告编…
      [科技识别] 标题是否科技相关: 否
      [SKIP] 标题非科技相关，不进入详情爬取

  [22/40] 标题: 安徽创谷股权投资基金管理有限公司2026年度股权项目财务尽调服务会所选聘项目询比采购公告
      [科技识别] 标题是否科技相关: 否
      [SKIP] 标题非科技相关，不进入详情爬取

  [23/40] 标题: 安徽创谷股权投资基金管理有限公司2026年度基金管理机构财务尽调服务会所询比采购公告
      [科技识别] 标题是否科技相关: 否
      [SKIP] 标题非科技相关，不进入详情爬取

  [24/40] 标题: 2026年度湖州锦实股权投资有限公司财务咨询服务定点入库预发包项目发包
      [科技识别] 标题是否科技相关: 否
      [SKIP] 标题非科技相关，不进入详情爬取

  [25/40] 标题: 财务公司管理中枢平台（一期）建设项目直接采购结果公告
      [科技识别] 标题是否科技相关: 是
      [过滤-排除词] 未命中，通过
      [过滤-关键词] 包含「财务公司」，通过
      [OK] 通过全部筛选，进入详情爬取
    [已保存] output\2026-03-31\财务公司\中标结果_财务公司管理中枢平台（一期）建设项目直接采购结果公告.json

  [26/40] 标题: 财务公司发票管理系统信创升级改造项目直接采购结果公告
      [科技识别] 标题是否科技相关: 否
      [SKIP] 标题非科技相关，不进入详情爬取

  [27/40] 标题: 贵州能源集团财务有限公司-2026.03.31-UPS蓄电池更新改造-询比采购询比采购公告
      [科技识别] 标题是否科技相关: 是
      [过滤-排除词] 未命中，通过
      [过滤-关键词] 标题不包含「财务公司」→ 跳过

  [28/40] 标题: 广东烟草汕尾市有限公司2025年度财务决算审计项目采购实行单一来源采购方式的公示
      [科技识别] 标题是否科技相关: 否
      [SKIP] 标题非科技相关，不进入详情爬取

  [29/40] 标题: 鹰潭市一乔招标代理有限公司关于贵溪市发展投资集团有限公司以财务报告目的所涉及的投资性房地产…
      [科技识别] 标题是否科技相关: 否
      [SKIP] 标题非科技相关，不进入详情爬取

  [30/40] 标题: 关于【庐山市财信融资担保有限公司财务审计服务】中选结果的公告
      [科技识别] 标题是否科技相关: 否
      [SKIP] 标题非科技相关，不进入详情爬取

  [31/40] 标题: 江苏省市场监督管理局（机关）江苏特检科技有限公司财务收支审计成交公告
      [科技识别] 标题是否科技相关: 否
      [SKIP] 标题非科技相关，不进入详情爬取

  [32/40] 标题: 吉安市新瑞商贸有限公司2025年度财务审计-会计师事务所服务
      [科技识别] 标题是否科技相关: 否
      [SKIP] 标题非科技相关，不进入详情爬取

  [33/40] 标题: 四川省通信产业服务有限公司2026年财务共享中心基础核算业务外包采购项目中选人公示-148…
      [科技识别] 标题是否科技相关: 否
      [SKIP] 标题非科技相关，不进入详情爬取

  [34/40] 标题: 关于为【豪兴公司2025年度财务报表审计服务采购】公开选取【会计师事务所服务】机构的公告
      [科技识别] 标题是否科技相关: 否
      [SKIP] 标题非科技相关，不进入详情爬取

  [35/40] 标题: 邯郸蓝德公司2025年财务报表审计服务
      [科技识别] 标题是否科技相关: 否
      [SKIP] 标题非科技相关，不进入详情爬取

  [36/40] 标题: 关于为【重庆润文商贸有限责任公司财务咨询】公开选取【会计师事务所服务】机构的公告
      [科技识别] 标题是否科技相关: 否
      [SKIP] 标题非科技相关，不进入详情爬取

  [37/40] 标题: 关于为【豪兴公司2025年度财务报表审计服务采购】公开选取【会计师事务所服务】机构的公告
      [科技识别] 标题是否科技相关: 否
      [SKIP] 标题非科技相关，不进入详情爬取

  [38/40] 标题: 中油财务有限责任公司核心系统服务器维保项目
      [科技识别] 标题是否科技相关: 是
      [过滤-排除词] 未命中，通过
      [过滤-关键词] 标题不包含「财务公司」→ 跳过

  [39/40] 标题: 关于为【重庆润文商贸有限责任公司财务咨询】公开选取【会计师事务所服务】机构的公告
      [科技识别] 标题是否科技相关: 否
      [SKIP] 标题非科技相关，不进入详情爬取

  [40/40] 标题: 华电科工股份有限公司曹妃甸重工-财务部2025、2026两年度咨询服务询比采购公告_采购信…
      [科技识别] 标题是否科技相关: 否
      [SKIP] 标题非科技相关，不进入详情爬取

  [第 3 页]
  [DEBUG] 已检测到「条信息」，按整页详情链接解析
      [WARN] 未找到 .ssjg-leixing，info_type 将记为采招信息
  本页找到 40 条结果

  [1/40] 标题: 中国铁塔股份有限公司吉林省分公司2026年财务智能稽核服务采购项目-比选公告（二次）
      [科技识别] 标题是否科技相关: 否
      [SKIP] 标题非科技相关，不进入详情爬取

  [2/40] 标题: 国投财务有限公司财务风险筛查模型建设项目(三次)事前公示
      [科技识别] 标题是否科技相关: 否
      [SKIP] 标题非科技相关，不进入详情爬取

  [3/40] 标题: 关于【万年县农文旅发展有限公司2025年度财务审计】中选结果的公告
      [科技识别] 标题是否科技相关: 否
      [SKIP] 标题非科技相关，不进入详情爬取

  [4/40] 标题: 华电科工股份有限公司曹妃甸重工-财务部高新技术企业认定咨询服务询比采购公告_采购信息
      [科技识别] 标题是否科技相关: 否
      [SKIP] 标题非科技相关，不进入详情爬取

  [5/40] 标题: 中节能财务有限公司管理建议书项目采购结果公示
      [科技识别] 标题是否科技相关: 否
      [SKIP] 标题非科技相关，不进入详情爬取

  [6/40] 标题: 息烽县文化旅游发展有限公司2024--2025年度财务报表审计会计师事务所采购服务中标候选…
      [科技识别] 标题是否科技相关: 否
      [SKIP] 标题非科技相关，不进入详情爬取

  [7/40] 标题: 淮北市浍铚公共服务发展有限公司股权收购财务审计服务项目成交候选人公示
      [科技识别] 标题是否科技相关: 否
      [SKIP] 标题非科技相关，不进入详情爬取

  [8/40] 标题: 上海久事（集团）有限公司财务审计中介机构库项目-入围结果公告
      [科技识别] 标题是否科技相关: 否
      [SKIP] 标题非科技相关，不进入详情爬取

  [9/40] 标题: 宁波市鄞州区中小企业融资担保有限公司办公用房搬迁装修项目（财务决算）
      [科技识别] 标题是否科技相关: 否
      [SKIP] 标题非科技相关，不进入详情爬取

  [10/40] 标题: 中国华电科工集团有限公司财务共享北京分中心网络安全设备升级改造项目询比采购询比采购公告_采…
      [科技识别] 标题是否科技相关: 是
      [过滤-排除词] 未命中，通过
      [过滤-关键词] 标题不包含「财务公司」→ 跳过

  [11/40] 标题: 中国华电科工集团有限公司财务共享北京分中心网银自动填单机器人项目询比采购询比采购公告_采购…
      [科技识别] 标题是否科技相关: 否
      [SKIP] 标题非科技相关，不进入详情爬取

  [12/40] 标题: 中国华电科工集团有限公司财务共享北京分中心资金支付3.0机器人项目询比采购询比采购公告_采…
      [科技识别] 标题是否科技相关: 否
      [SKIP] 标题非科技相关，不进入详情爬取

  [13/40] 标题: 泰安市泰山文化旅游集团有限公司2025年财务报表审计及对应资产清单审计项目竞争性磋商公告
      [科技识别] 标题是否科技相关: 否
      [SKIP] 标题非科技相关，不进入详情爬取

  [14/40] 标题: 华电集团北京燃料物流有限公司新疆分公司新疆分公司办公运维及财务咨询服务项目询比采购公告_采…
      [科技识别] 标题是否科技相关: 是
      [过滤-排除词] 命中「办公」→ 跳过

  [15/40] 标题: 2026-2029年度三峡电能有限公司财务辅助技术服务项目公告
      [科技识别] 标题是否科技相关: 否
      [SKIP] 标题非科技相关，不进入详情爬取

  [16/40] 标题: 高投集团与四川能投发展组建合资公司有关财务尽职调查服务采购询比采购公告
      [科技识别] 标题是否科技相关: 否
      [SKIP] 标题非科技相关，不进入详情爬取

  [17/40] 标题: 25100110财务公司2026数字金融平台增补运维服务询价通知
      [科技识别] 标题是否科技相关: 是
      [过滤-排除词] 未命中，通过
      [过滤-关键词] 包含「财务公司」，通过
      [OK] 通过全部筛选，进入详情爬取
    [已保存] output\2026-03-31\财务公司\招标公告_25100110财务公司2026数字金融平台增补运维服务询价通知.json

  [18/40] 标题: 生物细胞医疗公司股权投资项目财务尽职调查服务采购项目直采采购公告
      [科技识别] 标题是否科技相关: 否
      [SKIP] 标题非科技相关，不进入详情爬取

  [19/40] 标题: 余姚市众泰机动车辆检测有限公司财务顾问服务比选结果公告
      [科技识别] 标题是否科技相关: 否
      [SKIP] 标题非科技相关，不进入详情爬取

  [20/40] 标题: 【安徽省纺织服装研究所“合肥路桥工程公司”应收款项目资产损失财务核销专项审计】成交候选人公…
      [科技识别] 标题是否科技相关: 否
      [SKIP] 标题非科技相关，不进入详情爬取

  [21/40] 标题: 博州西水水利建设有限责任公司及下属5家子公司开展财务尽职调查服务中标结果公示
      [科技识别] 标题是否科技相关: 否
      [SKIP] 标题非科技相关，不进入详情爬取

  [22/40] 标题: 河南交通投资集团有限公司航空港分公司财务管理审计服务项目定向询比公告
      [科技识别] 标题是否科技相关: 否
      [SKIP] 标题非科技相关，不进入详情爬取

  [23/40] 标题: 2025年度湖州南浔新开建设集团有限公司财务审计服务项目
      [科技识别] 标题是否科技相关: 否
      [SKIP] 标题非科技相关，不进入详情爬取

  [24/40] 标题: 德州市荣基产业投资集团有限公司2025年财务审计及资产评估服务项目成交结果公告
      [科技识别] 标题是否科技相关: 否
      [SKIP] 标题非科技相关，不进入详情爬取

  [25/40] 标题: 国家电投集团湖北电力有限公司综合智慧能源分公司2026年项目财务竣工决算编制服务（采购单编…
      [科技识别] 标题是否科技相关: 否
      [SKIP] 标题非科技相关，不进入详情爬取

  [26/40] 标题: 2026年青岛啤酒上海松江有限公司2025年财务报告审计类竞价采购开标日程
      [科技识别] 标题是否科技相关: 否
      [SKIP] 标题非科技相关，不进入详情爬取

  [27/40] 标题: 徐州新彭城市建设发展集团有限公司以财务报告为目的涉及的投资性房地产公允价值评估项目中标结果…
      [科技识别] 标题是否科技相关: 否
      [SKIP] 标题非科技相关，不进入详情爬取

  [28/40] 标题: 新疆华电小草湖风力发电有限责任公司财务共享新疆分中心2026年财务共享综合能力提升培训项目…
      [科技识别] 标题是否科技相关: 否
      [SKIP] 标题非科技相关，不进入详情爬取

  [29/40] 标题: 陕西新能源公司山西区域2个项目股权转让专项财务审计服务及云南新能源公司2个项目清退小股东权…
      [科技识别] 标题是否科技相关: 否
      [SKIP] 标题非科技相关，不进入详情爬取

  [30/40] 标题: 2026年3月31日龙岩市吉城建设发展有限公司公开选取竣工财务决算审计服务机构
      [科技识别] 标题是否科技相关: 否
      [SKIP] 标题非科技相关，不进入详情爬取

  [31/40] 标题: 新疆华电哈密热电有限责任公司财务办公用品（会计凭证装订盒、硒鼓等）成交结果公告
      [科技识别] 标题是否科技相关: 否
      [SKIP] 标题非科技相关，不进入详情爬取

  [32/40] 标题: 中国电建水电九局中国水利水电第九工程局有限公司财务合规管理体系建设项目服务采购项目中国水利…
      [科技识别] 标题是否科技相关: 否
      [SKIP] 标题非科技相关，不进入详情爬取

  [33/40] 标题: 遂溪县遂发新能源有限公司2025年财务报表审计-采购公告
      [科技识别] 标题是否科技相关: 否
      [SKIP] 标题非科技相关，不进入详情爬取

  [34/40] 标题: 国新集团财务有限责任公司核心业务系统自主可控改造项目采购结果公示
      [科技识别] 标题是否科技相关: 是
      [过滤-排除词] 未命中，通过
      [过滤-关键词] 标题不包含「财务公司」→ 跳过

  [35/40] 标题: 山西兰花科技创业股份有限公司财务部选聘会计师事务所中标结果公示
      [科技识别] 标题是否科技相关: 否
      [SKIP] 标题非科技相关，不进入详情爬取

  [36/40] 标题: 关于为【重庆东鸿城市运营管理有限责任公司等4个子公司2024-2026年度合并财务报表专项…
      [科技识别] 标题是否科技相关: 否
      [SKIP] 标题非科技相关，不进入详情爬取

  [37/40] 标题: 关于【江西安胜商业保理有限公司2025年度财务报表审计业务】中选结果的公告
      [科技识别] 标题是否科技相关: 否
      [SKIP] 标题非科技相关，不进入详情爬取

  [38/40] 标题: 中车石家庄车辆有限公司服务审计评估-财务审计竞标式谈判2026030005采购公告-中车石…
      [科技识别] 标题是否科技相关: 否
      [SKIP] 标题非科技相关，不进入详情爬取

  [39/40] 标题: 关于【生物公司离任财务审计服务】中选结果的公告
      [科技识别] 标题是否科技相关: 否
      [SKIP] 标题非科技相关，不进入详情爬取

  [40/40] 标题: 2025年度园区国有公司财务年报审计服务采购项目-321282202601821475
      [科技识别] 标题是否科技相关: 否
      [SKIP] 标题非科技相关，不进入详情爬取

  [第 4 页]
  [DEBUG] 已检测到「条信息」，按整页详情链接解析
      [WARN] 未找到 .ssjg-leixing，info_type 将记为采招信息
  本页找到 6 条结果

  [1/6] 标题: 甘肃五环砼业公司2026年3月财务审计服务采购(CGRW_FW_1284):中标公示
      [科技识别] 标题是否科技相关: 否
      [SKIP] 标题非科技相关，不进入详情爬取

  [2/6] 标题: 上海奉贤工程建设管理有限公司关于上海市奉贤区政府投资建设项目竣工财务决算评审服务的框架协议…
      [科技识别] 标题是否科技相关: 否
      [SKIP] 标题非科技相关，不进入详情爬取

  [3/6] 标题: “禹羌集团公司及下属公司2025年度财务审计服务”成交公告
      [科技识别] 标题是否科技相关: 否
      [SKIP] 标题非科技相关，不进入详情爬取

  [4/6] 标题: 四川能投城乡建设发展有限公司所投资司2025年度财务报表审计项目（第二次）-交易公告
      [科技识别] 标题是否科技相关: 否
      [SKIP] 标题非科技相关，不进入详情爬取

  [5/6] 标题: 聘用2026年度公司财务会计报告和理财业务外部审计机构项目单一来源公示
      [科技识别] 标题是否科技相关: 否
      [SKIP] 标题非科技相关，不进入详情爬取

  [6/6] 标题: 中国铁道科学研究院集团有限公司国铁新能源发展（北京）有限公司能源业务财务数据核算咨询技术服…
      [科技识别] 标题是否科技相关: 否
      [SKIP] 标题非科技相关，不进入详情爬取

  [第 5 页]
  [DEBUG] 已检测到「条信息」，按整页详情链接解析
      [WARN] 未找到 .ssjg-leixing，info_type 将记为采招信息
  本页找到 6 条结果
  本页链接均已在之前页处理过，视为重复页，停止翻页。
  [OK] 「财务公司」爬取结束，正在关闭标签页…

  「财务公司」完成：成功 2 篇，失败 0 篇
  [OK] 等待 2~6 秒后继续下一关键词…

====================================================
  [10/10] 关键词：「理财」

────────────────────────────────────────────────────
  关键词：「理财」  输出目录：output\2026-03-31\理财/
  [OK] 搜索结果页 -> https://search.bidcenter.com.cn/search?keywords=%e7%90%86%e8%b4%a2&mod=0
  [OK] 已点击「标题搜索」
  [OK] 标题搜索结果页 -> https://search.bidcenter.com.cn/search?keywords=%E7%90%86%E8%B4%A2&tag=1&mod=0
  [时间筛选] 2026-03-31 ~ 2026-03-31
  [OK] 时间筛选已应用 -> https://search.bidcenter.com.cn/search?keywords=%E7%90%86%E8%B4%A2&tag=1&mod=0&time=5&stime=2026-03-31&endtime=2026-03-31

  [第 1 页]
  [DEBUG] 已检测到「条信息」，按整页详情链接解析
      [WARN] 未找到 .ssjg-leixing，info_type 将记为采招信息
  本页找到 13 条结果

  [1/13] 标题: 湖北银行2025年度理财业务外部审计服务采购项目竞争性磋商公告
      [科技识别] 标题是否科技相关: 否
      [SKIP] 标题非科技相关，不进入详情爬取

  [2/13] 标题: 光大理财有限责任公司统一TA系统信创技术改造项目（二次招标）招标公告
      [科技识别] 标题是否科技相关: 否
      [SKIP] 标题非科技相关，不进入详情爬取

  [3/13] 标题: 中邮理财各类模型验证及资本并表计量第三方确认咨询服务采购项目（包3估值模型验证）（第二次）…
      [科技识别] 标题是否科技相关: 否
      [SKIP] 标题非科技相关，不进入详情爬取

  [4/13] 标题: 内蒙古交通集团有限公司呼伦贝尔分公司招标代理、财务审计服务机构入围中标（成交）候选人公示
      [科技识别] 标题是否科技相关: 否
      [SKIP] 标题非科技相关，不进入详情爬取

  [5/13] 标题: （2026）豫13破11号（2026）豫13破11号内乡县仁和理财咨询有限公司选任管理人公…
      [科技识别] 标题是否科技相关: 否
      [SKIP] 标题非科技相关，不进入详情爬取

  [6/13] 标题: 徽银理财有限责任公司餐厅运营（托管）服务采购项目招标公告
      [科技识别] 标题是否科技相关: 否
      [SKIP] 标题非科技相关，不进入详情爬取

  [7/13] 标题: 徽银理财有限责任公司餐厅运营（托管）服务采购项目招标公告
      [科技识别] 标题是否科技相关: 否
      [SKIP] 标题非科技相关，不进入详情爬取

  [8/13] 标题: 长期挂账待处理财产损溢专项清理项目-采购公告
      [科技识别] 标题是否科技相关: 否
      [SKIP] 标题非科技相关，不进入详情爬取

  [9/13] 标题: 理财产品管理类应用系统开发服务选型入围项目（二次招标）中标结果公告
      [科技识别] 标题是否科技相关: 是
      [过滤-排除词] 未命中，通过
      [过滤-关键词] 包含「理财」，通过
      [OK] 通过全部筛选，进入详情爬取
    [已保存] output\2026-03-31\理财\中标结果_理财产品管理类应用系统开发服务选型入围项目（二次招标）中标结果公告.json

  [10/13] 标题: 广州农村商业银行理财产品优选评价数据服务项目供应商征集公告
      [科技识别] 标题是否科技相关: 否
      [SKIP] 标题非科技相关，不进入详情爬取

  [11/13] 标题: 中原银行股份有限公司综合理财代销基金改造升级与数据迁移项目-结果公告
      [科技识别] 标题是否科技相关: 否
      [SKIP] 标题非科技相关，不进入详情爬取

  [12/13] 标题: 关于【吉安市阳光学校单位会计核算管理财务代理记账业务服务】中选结果的公告
      [科技识别] 标题是否科技相关: 否
      [SKIP] 标题非科技相关，不进入详情爬取

  [13/13] 标题: 聘用2026年度公司财务会计报告和理财业务外部审计机构项目单一来源公示
      [科技识别] 标题是否科技相关: 否
      [SKIP] 标题非科技相关，不进入详情爬取

  [第 2 页]
  [DEBUG] 已检测到「条信息」，按整页详情链接解析
      [WARN] 未找到 .ssjg-leixing，info_type 将记为采招信息
  本页找到 13 条结果
  本页链接均已在之前页处理过，视为重复页，停止翻页。
  [OK] 「理财」爬取结束，正在关闭标签页…

  「理财」完成：成功 1 篇，失败 0 篇

  [OK] 全部关键词已处理完毕。

====================================================
  [完成] 全部关键词爬取结束！
  关键词数：10 个
  成功保存：133 篇
  失败跳过：0 篇
  输出根目录：E:\caizhaowang_full\caizhaowang\output\2026-03-31/  （output/2026-03-31/）
====================================================


  关键词目录: 农村信用（5 个 JSON）
  [1] 入库: 云南省农村信用社2026-2027年度技术人力资源外包项目（包9：运维类）（二次）入围候选人公示... | sub_type=中标结果 | product_related=软件相关
  [2] 入库: 福建省农村信用社联合社分布式架构（云平台）项目（重新招标）中标候选人公示... | sub_type=中标结果 | product_related=软件相关
  [3] 入库: 吉林省农村信用社联合社全国中小微企业资金流信用信息共享平台外包服务框架性协议单一来源采购公告... | sub_type=招标公告 | product_related=软件相关
  [4] 入库: 广东省农村信用社联合社营销管理平台推广优化2025年度项目（第二次）招标公告... | sub_type=招标公告 | product_related=软件相关
  [5] 入库: 黑龙江省农村信用社联合社大模型算力租赁项目... | sub_type=招标公告 | product_related=硬件相关

  关键词目录: 消费金融（5 个 JSON）
  [1] 入库: 中邮消费金融有限公司2026年数据库国产化建设与扩容项目（服务器）中标候选人公示... | sub_type=中标结果 | product_related=硬件相关
  [2] 入库: 中银消费金融有限公司信创软件原厂技术支持服务项目（包件一：华为云平台）流标公告... | sub_type=招标公告 | product_related=软件相关
  [3] 入库: 盛银消费金融有限公司采购数据治理管控平台项目流标公告... | sub_type=招标公告 | product_related=软件相关
  [4] 入库: 蒙商消费金融北京主机房服务器设备采购项目招标公告... | sub_type=招标公告 | product_related=硬件相关
  [5] 入库: 陕西长银消费金融有限公司AI大模型应用场景拓展与业务融合建设项目更正公告... | sub_type=招标公告 | product_related=软件相关

  关键词目录: 理财（1 个 JSON）
  [1] 入库: 理财产品管理类应用系统开发服务选型入围项目（二次招标）中标结果公告... | sub_type=中标结果 | product_related=软件相关

  关键词目录: 财务公司（2 个 JSON）
  [1] 入库: 财务公司管理中枢平台（一期）建设项目直接采购结果公告... | sub_type=中标结果 | product_related=软件相关
  [2] 入库: 25100110财务公司2026数字金融平台增补运维服务询价通知... | sub_type=招标公告 | product_related=软件相关

  关键词目录: 资产管理（16 个 JSON）
  [1] 跳过(非金融采购主体): AI判定采购主体非金融机构 | 2026年中电福富信息科技有限公司资产管理平台系统扩容主动防御能力升级改造项目成交候选人公示
  [2] 入库: 中信保诚资产管理有限责任公司专家交流平台采购项目成交结果公示... | sub_type=中标结果 | product_related=软件相关
  [3] 入库: 中国人寿资产管理有限公司防火墙管理系统采购项目中标结果公告... | sub_type=中标结果 | product_related=软件相关
  [5] 入库: 光大金融租赁股份有限公司-数据资产管理系统建设项目公开招标中标结果公告... | sub_type=中标结果 | product_related=软件相关
  [6] 跳过(非金融采购主体): AI判定采购主体非金融机构 | 合肥北城国有资产管理有限责任公司关于激光打印机的网上超市采购项目成交公告
  [7] 跳过(非金融采购主体): AI判定采购主体非金融机构 | 数据资产管理系统建设项目公开招标中标结果公告
  [8] 跳过(非金融采购主体): AI判定采购主体非金融机构 | 某公司资产管理系统信息化项目中标结果公示
  [9] 跳过(非金融采购主体): AI判定采购主体非金融机构 | 绵投集团资产管理信息系统优化升级项目中标结果公示
  [10] 跳过(非金融采购主体): AI判定采购主体非金融机构 | 绵阳市投资控股（集团）有限公司资产管理信息系统优化升级项目中选结果通知
  [11] 跳过(非金融采购主体): AI判定采购主体非金融机构 | 资产管理系统信创云数据库集成服务项目-GC2026JC01415
  [12] 跳过(非金融采购主体): AI判定采购主体非金融机构 | 资产管理系统信创云数据库集成服务项目
  [13] 跳过(非金融采购主体): AI判定采购主体非金融机构 | 2025年中国联通黑龙江省分公司资产管理平台软件扩容建设项目软件扩容服务公开招标失败公告
  [14] 跳过(非金融采购主体): AI判定采购主体非金融机构 | 2025年中国联通黑龙江省分公司资产管理平台软件扩容建设项目软件扩容服务公开招标（二次）公告
  [15] 跳过(非金融采购主体): AI判定采购主体非金融机构 | 关于我院固定资产管理系统升级项目采购的公告
  [16] 入库: 深圳资产管理有限公司2026年度法律合规信息数据库服务采购项目... | sub_type=招标公告 | product_related=软件相关

  关键词目录: 金融租赁（3 个 JSON）
  [1] 入库: 中银金融租赁有限公司“监管数据标准化规范系统（EAST-2025版）”项目采购结果公告-2026-0... | sub_type=中标结果 | product_related=软件相关
  [3] 入库: 国银金融租赁股份有限公司税务系统建设项目中标结果公告... | sub_type=中标结果 | product_related=软件相关

  关键词目录: 银行（101 个 JSON）
  [1] 入库: 2026年苏州银行五龙桥数据中心搬迁实施集成服务采购项目中标结果公示... | sub_type=中标结果 | product_related=软件相关
  [2] 入库: 中国光大银行公共软件许可（含图像设计、文档编辑等）采购项目公开招标中标结果公告... | sub_type=中标结果 | product_related=软件相关
  [3] 入库: 中国建设银行江苏省分行关于合同一体化打印机设备及维保耗材采购项目供应商征集公告... | sub_type=中标结果 | product_related=硬件相关
  [4] 入库: 中国建设银行浙江省分行网络安全服务采购项目(第三次)中标公告... | sub_type=中标结果 | product_related=软件相关
  [5] 入库: 中国民生银行股份有限公司青藤安全软件许可采购项目评审结果公示... | sub_type=中标结果 | product_related=软件相关
  [6] 入库: 中国邮政储蓄银行新承接系统应用二线运维服务采购项目（包1-深圳长亮）成交结果公告... | sub_type=中标结果 | product_related=软件相关
  [7] 入库: 中国银行大连市分行大连医科大学一卡通系统建设项目结果公告... | sub_type=中标结果 | product_related=软件相关
  [9] 入库: 内蒙古银行普惠金融产品线上化及数字化系统建设项目服务项目（二次）中标结果公告... | sub_type=中标结果 | product_related=软件相关
  [10] 入库: 北京银行西安分行绩效考核系统存储服务器设备采购项目成交结果公告... | sub_type=中标结果 | product_related=硬件相关
  [11] 入库: 华夏银行云会议（腾讯会议企业版）软件许可采购项目采购结果公告... | sub_type=中标结果 | product_related=软件相关
  [12] 入库: 华夏银行云会议（腾讯会议企业版）软件许可采购项目采购结果公告... | sub_type=中标结果 | product_related=软件相关
  [13] 入库: 厦门银行“翔安支行智慧安保人员管理平台”项目成交结果公示... | sub_type=中标结果 | product_related=软件相关
  [14] 入库: 哈尔滨银行集中共享打印机维护服务项目招标结果公告... | sub_type=中标结果 | product_related=硬件相关
  [15] 入库: 大连银行终端准入平台采购项目中标公告... | sub_type=中标结果 | product_related=软件相关
  [16] 入库: 天津银行2026年-2027年武清数据中心运维及基础设施维护保养服务中标结果公示... | sub_type=中标结果 | product_related=硬件相关
===== 周三 2026/04/01  9:37:54.94 开始 run_pipeline --t-minus-1 =====
====================================================
  招投标采集链路：爬取 → 入库 → 推送今日摘要
  配置来源： E:\caizhaowang_full\caizhaowang\config.ini
  读取的日期：start_date='T-1 (2026-03-31)'  end_date='T-1 (2026-03-31)'
  关键词： ['银行', '资产管理', '信托', '消费金融', '汽车金融', '农村信用', '金融租赁', '金融控股', '财务公司', '理财']
  时间范围： 2026-03-31 ~ 2026-03-31
====================================================

====================================================
  采招网信息爬取工具（标题搜索）
  关键词：['银行', '资产管理', '信托', '消费金融', '汽车金融', '农村信用', '金融租赁', '金融控股', '财务公司', '理财']
  时间范围：2026-03-31 ~ 2026-03-31
  每词最多 100 页  |  输出格式：json  |  根目录：output/
====================================================

====================================================
  步骤1：登录
  [OK] 登录成功 -> https://www.bidcenter.com.cn/

====================================================
  [1/10] 关键词：「银行」

────────────────────────────────────────────────────
  关键词：「银行」  输出目录：output\2026-03-31\银行/
  [OK] 搜索结果页 -> https://search.bidcenter.com.cn/search?keywords=%e9%93%b6%e8%a1%8c&mod=0
  [WARN] 未找到「标题搜索」按钮，使用默认全文搜索
  [时间筛选] 2026-03-31 ~ 2026-03-31

  [ERROR] Page.goto: Target page, context or browser has been closed
Traceback (most recent call last):
  File "E:\caizhaowang_full\caizhaowang\run_pipeline.py", line 215, in <module>
    main()
  File "E:\caizhaowang_full\caizhaowang\run_pipeline.py", line 91, in main
    result = asyncio.run(scraper.scrape(keywords, max_pages, start_date, end_date))
             ^^^^^^^^^^^^^^^^^^^^^^^^^^^^^^^^^^^^^^^^^^^^^^^^^^^^^^^^^^^^^^^^^^^^^^
  File "C:\Users\Administrator\AppData\Local\Programs\Python\Python312\Lib\asyncio\runners.py", line 195, in run
    return runner.run(main)
           ^^^^^^^^^^^^^^^^
  File "C:\Users\Administrator\AppData\Local\Programs\Python\Python312\Lib\asyncio\runners.py", line 118, in run
    return self._loop.run_until_complete(task)
           ^^^^^^^^^^^^^^^^^^^^^^^^^^^^^^^^^^^
  File "C:\Users\Administrator\AppData\Local\Programs\Python\Python312\Lib\asyncio\base_events.py", line 691, in run_until_complete
    return future.result()
           ^^^^^^^^^^^^^^^
  File "E:\caizhaowang_full\caizhaowang\scraper.py", line 1825, in scrape
    saved, failed = await scrape_keyword(kw, context, kw_dir, max_pages,
                    ^^^^^^^^^^^^^^^^^^^^^^^^^^^^^^^^^^^^^^^^^^^^^^^^^^^^
  File "E:\caizhaowang_full\caizhaowang\scraper.py", line 1673, in scrape_keyword
    await apply_date_filter(search_page, start_date, end_date)
  File "E:\caizhaowang_full\caizhaowang\scraper.py", line 626, in apply_date_filter
    await page.goto(new_url, wait_until="networkidle", timeout=20000)
  File "C:\Users\Administrator\AppData\Local\Programs\Python\Python312\Lib\site-packages\playwright\async_api\_generated.py", line 9045, in goto
    await self._impl_obj.goto(
  File "C:\Users\Administrator\AppData\Local\Programs\Python\Python312\Lib\site-packages\playwright\_impl\_page.py", line 552, in goto
    return await self._main_frame.goto(**locals_to_params(locals()))
           ^^^^^^^^^^^^^^^^^^^^^^^^^^^^^^^^^^^^^^^^^^^^^^^^^^^^^^^^^
  File "C:\Users\Administrator\AppData\Local\Programs\Python\Python312\Lib\site-packages\playwright\_impl\_frame.py", line 153, in goto
    await self._channel.send(
  File "C:\Users\Administrator\AppData\Local\Programs\Python\Python312\Lib\site-packages\playwright\_impl\_connection.py", line 69, in send
    return await self._connection.wrap_api_call(
           ^^^^^^^^^^^^^^^^^^^^^^^^^^^^^^^^^^^^^
  File "C:\Users\Administrator\AppData\Local\Programs\Python\Python312\Lib\site-packages\playwright\_impl\_connection.py", line 559, in wrap_api_call
    raise rewrite_error(error, f"{parsed_st['apiName']}: {error}") from None
playwright._impl._errors.TargetClosedError: Page.goto: Target page, context or browser has been closed
===== 周三 2026/04/01  9:38:14.32 结束 exit=1 =====

===== 周四 2026/04/02  6:27:42.41 开始 run_pipeline --t-minus-1 =====
====================================================
  招投标采集链路：爬取 → 入库 → 推送今日摘要
  配置来源： E:\caizhaowang_full\caizhaowang\config.ini
  读取的日期：start_date='T-1 (2026-04-01)'  end_date='T-1 (2026-04-01)'
  关键词： ['银行', '资产管理', '信托', '消费金融', '汽车金融', '农村信用', '金融租赁', '金融控股', '财务公司', '理财']
  时间范围： 2026-04-01 ~ 2026-04-01
====================================================

====================================================
  采招网信息爬取工具（标题搜索）
  关键词：['银行', '资产管理', '信托', '消费金融', '汽车金融', '农村信用', '金融租赁', '金融控股', '财务公司', '理财']
  时间范围：2026-04-01 ~ 2026-04-01
  每词最多 100 页  |  输出格式：json  |  根目录：output/
====================================================

====================================================
  步骤1：登录
  [OK] 登录成功 -> https://www.bidcenter.com.cn/

====================================================
  [1/10] 关键词：「银行」

────────────────────────────────────────────────────
  关键词：「银行」  输出目录：output\2026-04-01\银行/
  [OK] 搜索结果页 -> https://search.bidcenter.com.cn/search?keywords=%e9%93%b6%e8%a1%8c&mod=0
  [OK] 已点击「标题搜索」
  [OK] 标题搜索结果页 -> https://search.bidcenter.com.cn/search?keywords=%E9%93%B6%E8%A1%8C&tag=1&mod=0
  [时间筛选] 2026-04-01 ~ 2026-04-01
  [OK] 时间筛选已应用 -> https://search.bidcenter.com.cn/search?keywords=%E9%93%B6%E8%A1%8C&tag=1&mod=0&time=5&stime=2026-04-01&endtime=2026-04-01

  [第 1 页]
  [DEBUG] 已检测到「条信息」，按整页详情链接解析
      [WARN] 未找到 .ssjg-leixing，info_type 将记为采招信息
  本页找到 40 条结果

  [1/40] 标题: 中标结果发布|关于中国工商银行温州分行福利物资采购定点供应项目的中标结果公示
      [科技识别] 标题是否科技相关: 否
      [SKIP] 标题非科技相关，不进入详情爬取

  [2/40] 标题: 内蒙古农村商业银行股份有限公司呼伦贝尔海拉尔区支行关于海拉尔区建设办牙克石路时利物流综合2…
      [科技识别] 标题是否科技相关: 否
      [SKIP] 标题非科技相关，不进入详情爬取

  [3/40] 标题: 中国银行股份有限公司云南省分行金库守库服务项目采购公告
      [科技识别] 标题是否科技相关: 否
      [SKIP] 标题非科技相关，不进入详情爬取

  [4/40] 标题: 海港人寿商丘中心支公司与中国邮政储蓄银行商丘睢县支行实战赋能培训班候选人公示
      [科技识别] 标题是否科技相关: 否
      [SKIP] 标题非科技相关，不进入详情爬取

  [5/40] 标题: 内蒙古农村商业银行股份有限公司呼伦贝尔海拉尔区支行关于海拉尔区建设办牙克石路时利物流综合置…
      [科技识别] 标题是否科技相关: 否
      [SKIP] 标题非科技相关，不进入详情爬取

  [6/40] 标题: 内蒙古农村商业银行股份有限公司呼伦贝尔海拉尔区支行关于海拉尔区建设办牙克石路时利物流综合2…
      [科技识别] 标题是否科技相关: 否
      [SKIP] 标题非科技相关，不进入详情爬取

  [7/40] 标题: 成都银行金牛支行本部办公区及部分网点2026年度工作餐订购配送服务采购项目流标公告
      [科技识别] 标题是否科技相关: 否
      [SKIP] 标题非科技相关，不进入详情爬取

  [8/40] 标题: 中国银行黑龙江省分行集中采购项目成交结果公示
      [科技识别] 标题是否科技相关: 否
      [SKIP] 标题非科技相关，不进入详情爬取

  [9/40] 标题: 2026年马鞍山农商银行采购御寒服中标候选人公示
      [科技识别] 标题是否科技相关: 否
      [SKIP] 标题非科技相关，不进入详情爬取

  [10/40] 标题: 中信银行乌鲁木齐分行本部大楼小物业管理服务项目招标公告
      [科技识别] 标题是否科技相关: 否
      [SKIP] 标题非科技相关，不进入详情爬取

  [11/40] 标题: 内蒙古农村商业银行股份有限公司呼伦贝尔海拉尔区支行关于呼伦贝尔经济开发区仁和街仁和小区2-…
      [科技识别] 标题是否科技相关: 否
      [SKIP] 标题非科技相关，不进入详情爬取

  [12/40] 标题: 中国民生银行股份有限公司价值云图网点画像和客户价值管理系统建设等项目成交结果公示
      [科技识别] 标题是否科技相关: 是
      [过滤-排除词] 未命中，通过
      [过滤-关键词] 包含「银行」，通过
      [OK] 通过全部筛选，进入详情爬取
    [已保存] output\2026-04-01\银行\中标结果_中国民生银行股份有限公司价值云图网点画像和客户价值管理系统建设等项目成交结果公示_062944.json

  [13/40] 标题: 江苏江南农村商业银行股份有限公司直播平台流量服务及功能模块升级项目中标结果公告
      [科技识别] 标题是否科技相关: 是
      [过滤-排除词] 未命中，通过
      [过滤-关键词] 包含「银行」，通过
      [OK] 通过全部筛选，进入详情爬取
    [已保存] output\2026-04-01\银行\中标结果_江苏江南农村商业银行股份有限公司直播平台流量服务及功能模块升级项目中标结果公告_063014.json

  [14/40] 标题: 2026年中国联通潍坊市分公司青州农村商业银行WIFI覆盖项目采购公告
      [科技识别] 标题是否科技相关: 否
      [SKIP] 标题非科技相关，不进入详情爬取

  [15/40] 标题: 公物投资-公开招标-GT2026-QY046-厦门银行2026年数据中心存储更替项目-中标…
      [科技识别] 标题是否科技相关: 是
      [过滤-排除词] 未命中，通过
      [过滤-关键词] 包含「银行」，通过
      [OK] 通过全部筛选，进入详情爬取
    [PDF] 路由拦截成功，共 110146 字节
    [PDF] 响应拦截解析完成，共 854 字
    [已保存] output\2026-04-01\银行\中标结果_公物投资-公开招标-GT2026-QY046-厦门银行2026年数据中心存储更替项目-中标结果公示_063046.json

  [16/40] 标题: 云南省福利彩票发行中心银行服务项目入围候选单位公示
      [科技识别] 标题是否科技相关: 否
      [SKIP] 标题非科技相关，不进入详情爬取

  [17/40] 标题: 湖北银行2026年职工趣味运动会活动供应商采购项目更正公告
      [科技识别] 标题是否科技相关: 否
      [SKIP] 标题非科技相关，不进入详情爬取

  [18/40] 标题: 长沙银行股份有限公司2026-2027年网点办公家具采购项目中标候选人公示
      [科技识别] 标题是否科技相关: 否
      [SKIP] 标题非科技相关，不进入详情爬取

  [19/40] 标题: 新疆农村商业银行股份有限公司社保数据采购项目单一来源采购公告
      [科技识别] 标题是否科技相关: 否
      [SKIP] 标题非科技相关，不进入详情爬取

  [20/40] 标题: 山东昌乐农村商业银行股份有限公司关于昌乐县经济开发区方山路3030号18号楼18-01商铺…
      [科技识别] 标题是否科技相关: 否
      [SKIP] 标题非科技相关，不进入详情爬取

  [21/40] 标题: 杭州文化产权交易所关于（银行股权）珠海农村商业银行自然人股10万股，带股权证的公告(第一次…
      [科技识别] 标题是否科技相关: 否
      [SKIP] 标题非科技相关，不进入详情爬取

  [22/40] 标题: 招商银行总部大厦项目酒店室内精装方案设计顾问中标结果公示
      [科技识别] 标题是否科技相关: 否
      [SKIP] 标题非科技相关，不进入详情爬取

  [23/40] 标题: 招商银行总部大厦项目酒店餐厅顾问中标结果公示
      [科技识别] 标题是否科技相关: 否
      [SKIP] 标题非科技相关，不进入详情爬取

  [24/40] 标题: 中国建设银行股份有限公司珠海市分行商铺拍卖专场
      [科技识别] 标题是否科技相关: 否
      [SKIP] 标题非科技相关，不进入详情爬取

  [25/40] 标题: 交通银行东建新村33号、34号修缮工程招标公告
      [科技识别] 标题是否科技相关: 否
      [SKIP] 标题非科技相关，不进入详情爬取

  [26/40] 标题: 恒丰银行2026年普惠金融部工商全库外部数据采购项目竞争性磋商公告（三次）
      [科技识别] 标题是否科技相关: 否
      [SKIP] 标题非科技相关，不进入详情爬取

  [27/40] 标题: 交通银行股份有限公司东莞分行武装押运、现金款箱寄库及上门收款外包服务项目公开征集供应商公告
      [科技识别] 标题是否科技相关: 否
      [SKIP] 标题非科技相关，不进入详情爬取

  [28/40] 标题: 【长春分行】关于发布中国民生银行长春分行工程监理单位入围项目采购公告的通知
      [科技识别] 标题是否科技相关: 否
      [SKIP] 标题非科技相关，不进入详情爬取

  [29/40] 标题: 中国建设银行河南省分行郑州铁路支行郑州淮河路支行营业用房续租采购项目单一来源采前公示
      [科技识别] 标题是否科技相关: 否
      [SKIP] 标题非科技相关，不进入详情爬取

  [30/40] 标题: 中国建设银行河南省分行郑州直属支行郑州渠东路支行营业用房续租采购项目单一来源采前公示
      [科技识别] 标题是否科技相关: 否
      [SKIP] 标题非科技相关，不进入详情爬取

  [31/40] 标题: 中国建设银行河南省分行郑州铁路支行郑州文兴路支行营业用房续租采购项目单一来源采前公示
      [科技识别] 标题是否科技相关: 否
      [SKIP] 标题非科技相关，不进入详情爬取

  [32/40] 标题: 中国建设银行河南省分行新乡分行获嘉西工支行营业用房新租采购项目单一来源采前公示
      [科技识别] 标题是否科技相关: 否
      [SKIP] 标题非科技相关，不进入详情爬取

  [33/40] 标题: 云南省福利彩票发行中心银行服务项目入围候选单位公示
      [科技识别] 标题是否科技相关: 否
      [SKIP] 标题非科技相关，不进入详情爬取

  [34/40] 标题: 渤海银行回放测试环境接入交换机采购项目成交公示
      [科技识别] 标题是否科技相关: 是
      [过滤-排除词] 未命中，通过
      [过滤-关键词] 包含「银行」，通过
      [OK] 通过全部筛选，进入详情爬取
    [已保存] output\2026-04-01\银行\中标结果_渤海银行回放测试环境接入交换机采购项目成交公示_063118.json

  [35/40] 标题: 昆明分行“广发银行股份有限公司曲靖分行2026-2027年网点保安守护及远程监控中心值守服…
      [科技识别] 标题是否科技相关: 否
      [SKIP] 标题非科技相关，不进入详情爬取

  [36/40] 标题: 宁波银行股份有限公司绍兴分行2026-2028年度物业服务采购项目招标公告
      [科技识别] 标题是否科技相关: 否
      [SKIP] 标题非科技相关，不进入详情爬取

  [37/40] 标题: 莒县人民法院关于王某所持有的山东五莲农村商业银行股份有限公司207.2万股股金（第二次拍卖…
      [科技识别] 标题是否科技相关: 否
      [SKIP] 标题非科技相关，不进入详情爬取

  [38/40] 标题: 兴业银行杭州分行关于湖州南浔区淡水产供应链平台系统
      [科技识别] 标题是否科技相关: 是
      [过滤-排除词] 未命中，通过
      [过滤-关键词] 包含「银行」，通过
      [OK] 通过全部筛选，进入详情爬取
    [已保存] output\2026-04-01\银行\招标公告_兴业银行杭州分行关于湖州南浔区淡水产供应链平台系统_063155.json

  [39/40] 标题: 内蒙古农村商业银行股份有限公司新一代核心和信贷改造测试终端及测试器具（电脑终端）项目【网上…
      [科技识别] 标题是否科技相关: 否
      [SKIP] 标题非科技相关，不进入详情爬取

  [40/40] 标题: 内蒙古农商银行科技攻坚组办公家具采购项目【网上竞价】
      [科技识别] 标题是否科技相关: 否
      [SKIP] 标题非科技相关，不进入详情爬取

  [第 2 页]
  [DEBUG] 已检测到「条信息」，按整页详情链接解析
      [WARN] 未找到 .ssjg-leixing，info_type 将记为采招信息
  本页找到 40 条结果

  [1/40] 标题: 内蒙古农村商业银行股份有限公司新一代核心系统群配套测试服务项目
      [科技识别] 标题是否科技相关: 是
      [过滤-排除词] 未命中，通过
      [过滤-关键词] 包含「银行」，通过
      [OK] 通过全部筛选，进入详情爬取
    [已保存] output\2026-04-01\银行\招标公告_内蒙古农村商业银行股份有限公司新一代核心系统群配套测试服务项目_063324.json

  [2/40] 标题: 中国工商银行韶关分行驻点保安服务项目公开招标公告-广东省,韶关市
      [科技识别] 标题是否科技相关: 否
      [SKIP] 标题非科技相关，不进入详情爬取

  [3/40] 标题: 中国邮政储蓄银行巴中市分行2026-2028年度营业网点保安值守服务项目（第二次）招标公告
      [科技识别] 标题是否科技相关: 否
      [SKIP] 标题非科技相关，不进入详情爬取

  [4/40] 标题: 关于兴业银行深圳分行2026年零星维修项目采购结果的公告
      [科技识别] 标题是否科技相关: 否
      [SKIP] 标题非科技相关，不进入详情爬取

  [5/40] 标题: 中国建设银行河南省分行郑州铁路支行康复前街分理处营业用房续租采购项目单一来源采前公示
      [科技识别] 标题是否科技相关: 否
      [SKIP] 标题非科技相关，不进入详情爬取

  [6/40] 标题: 河南农商银行台前支行2026年度职工补充医疗保险采购项目二次流标公告
      [科技识别] 标题是否科技相关: 否
      [SKIP] 标题非科技相关，不进入详情爬取

  [7/40] 标题: 中国银行“汉阳支行2026-2027年度绿植租摆服务”采购项目成交结果公告
      [科技识别] 标题是否科技相关: 否
      [SKIP] 标题非科技相关，不进入详情爬取

  [8/40] 标题: 辽沈银行新一代科技系统建设PMO服务项目公开招标公告
      [科技识别] 标题是否科技相关: 是
      [过滤-排除词] 未命中，通过
      [过滤-关键词] 包含「银行」，通过
      [OK] 通过全部筛选，进入详情爬取
    [PDF] 路由拦截成功，共 726167 字节
    [PDF] 扫描版/少字 PDF 共 4 页，转为图片 OCR...
    [OCR] 初始化 RapidOCR...
    [OCR] 初始化完成
    [OCR] 识别第 1/4 页 ...
    [OCR] 识别第 2/4 页 ...
    [OCR] 识别第 3/4 页 ...
    [OCR] 识别第 4/4 页 ...
    [OCR] 全部 4 页识别完成
    [PDF] 响应拦截解析完成，共 2636 字
    [已保存] output\2026-04-01\银行\招标公告_辽沈银行新一代科技系统建设PMO服务项目公开招标公告_063419.json

  [9/40] 标题: 中国银行浙江省分行“省行本部各大楼污水管道疏通与清理项目”采购邀请公告
      [科技识别] 标题是否科技相关: 否
      [SKIP] 标题非科技相关，不进入详情爬取

  [10/40] 标题: 浙江稠州商业银行股份有限公司关于张*龙债权的公告(第二次)
      [科技识别] 标题是否科技相关: 否
      [SKIP] 标题非科技相关，不进入详情爬取

  [11/40] 标题: 招商银行采购结果公告-SY01-20260326001
      [科技识别] 标题是否科技相关: 否
      [SKIP] 标题非科技相关，不进入详情爬取

  [12/40] 标题: 关于招商银行武汉分行食堂餐饮服务外包采购项目的采购结果公告-WH01-2026031700…
      [科技识别] 标题是否科技相关: 否
      [SKIP] 标题非科技相关，不进入详情爬取

  [13/40] 标题: 阜阳颍东农村商业银行股份有限公司持有的阜阳家香装饰有限公司债权转让-成交公告
      [科技识别] 标题是否科技相关: 否
      [SKIP] 标题非科技相关，不进入详情爬取

  [14/40] 标题: 青海省农商银行(农信社系统)审计系统升级改造项目的询比公告
      [科技识别] 标题是否科技相关: 否
      [SKIP] 标题非科技相关，不进入详情爬取

  [15/40] 标题: 2026年中国联通潍坊市分公司寿光张农商村镇银行监控设备购置项目采购公告
      [科技识别] 标题是否科技相关: 否
      [SKIP] 标题非科技相关，不进入详情爬取

  [16/40] 标题: (市交易中心)江苏银行金融科技中心建设项目设计澄清修改公告
      [科技识别] 标题是否科技相关: 否
      [SKIP] 标题非科技相关，不进入详情爬取

  [17/40] 标题: 华夏银行滨州分行保安服务项目信息公示
      [科技识别] 标题是否科技相关: 否
      [SKIP] 标题非科技相关，不进入详情爬取

  [18/40] 标题: 华夏银行厦门火炬科技支行安防工程施工项目采购结果公告
      [科技识别] 标题是否科技相关: 否
      [SKIP] 标题非科技相关，不进入详情爬取

  [19/40] 标题: 华夏银行厦门火炬科技支行空调系统工程项目采购结果公告
      [科技识别] 标题是否科技相关: 否
      [SKIP] 标题非科技相关，不进入详情爬取

  [20/40] 标题: 华夏银行临沂兰山支行空调设备采购及安装工程项目信息公示
      [科技识别] 标题是否科技相关: 否
      [SKIP] 标题非科技相关，不进入详情爬取

  [21/40] 标题: 中国银行银川地区（含灵武、宁东、永宁、贺兰支行）110报警服务项目采购邀请公告
      [科技识别] 标题是否科技相关: 否
      [SKIP] 标题非科技相关，不进入详情爬取

  [22/40] 标题: 交易银行部业务单据寄送费用支出结果公告
      [科技识别] 标题是否科技相关: 否
      [SKIP] 标题非科技相关，不进入详情爬取

  [23/40] 标题: 中国银行股份有限公司深圳市分行香港大学深圳医院银医项目合作第三批次项目（项目编号：0724…
      [科技识别] 标题是否科技相关: 否
      [SKIP] 标题非科技相关，不进入详情爬取

  [24/40] 标题: 2026厦门市房票系统银行账户接入系统运营服务结果公告
      [科技识别] 标题是否科技相关: 否
      [SKIP] 标题非科技相关，不进入详情爬取

  [25/40] 标题: 中国银行宁夏区分行装修工程供应商选型入围项目招标公告
      [科技识别] 标题是否科技相关: 否
      [SKIP] 标题非科技相关，不进入详情爬取

  [26/40] 标题: 中国农业银行股份有限公司安徽省分行装修（改造）工程造价单位入围项目中标候选人公示
      [科技识别] 标题是否科技相关: 否
      [SKIP] 标题非科技相关，不进入详情爬取

  [27/40] 标题: 中国农业银行股份有限公司安徽省分行装修（改造）工程设计单位入围项目中标候选人公示
      [科技识别] 标题是否科技相关: 否
      [SKIP] 标题非科技相关，不进入详情爬取

  [28/40] 标题: 云南红塔银行生产云和产业云软件维保服务项目-单一来源采前公示
      [科技识别] 标题是否科技相关: 是
      [过滤-排除词] 未命中，通过
      [过滤-关键词] 包含「银行」，通过
      [OK] 通过全部筛选，进入详情爬取
    [已保存] output\2026-04-01\银行\招标公告_云南红塔银行生产云和产业云软件维保服务项目-单一来源采前公示_063449.json

  [29/40] 标题: 中国光大银行广州分行辖内网点柜面业务传票传递服务项目成交结果公告
      [科技识别] 标题是否科技相关: 否
      [SKIP] 标题非科技相关，不进入详情爬取

  [30/40] 标题: 中国工商银行柳州分行物业管理服务集中采购项目招标公告
      [科技识别] 标题是否科技相关: 否
      [SKIP] 标题非科技相关，不进入详情爬取

  [31/40] 标题: 江西合胜合招标咨询有限公司关于江西银行新核心系统基础硬件采购项目（标段2：存储设备）（项目…
      [科技识别] 标题是否科技相关: 是
      [过滤-排除词] 未命中，通过
      [过滤-关键词] 包含「银行」，通过
      [OK] 通过全部筛选，进入详情爬取
    [PDF] 路由拦截成功，共 74086 字节
    [PDF] 响应拦截解析完成，共 989 字
    [已保存] output\2026-04-01\银行\中标结果_江西合胜合招标咨询有限公司关于江西银行新核心系统基础硬件采购项目（标段2：存储设备）（项目编号：HSH2026ZG024-02）公开招标中标公告_063518.json

  [32/40] 标题: 杭州银行北京分行2026年科创金融事业总部北京中关村支行原址监控报警工程采购项目流标公告
      [科技识别] 标题是否科技相关: 否
      [SKIP] 标题非科技相关，不进入详情爬取

  [33/40] 标题: 关于中国工商银行浙江舟山分行城南支行装修项目结果公示
      [科技识别] 标题是否科技相关: 否
      [SKIP] 标题非科技相关，不进入详情爬取

  [34/40] 标题: 富滇银行楚雄元谋支行2026年二、三、四季度零售客户分层维护活动物资采购项目成交候选人公示
      [科技识别] 标题是否科技相关: 否
      [SKIP] 标题非科技相关，不进入详情爬取

  [35/40] 标题: 中国工商银行广西区分行2026年营业机构标识项目（GXKLG202630093）招标公告
      [科技识别] 标题是否科技相关: 否
      [SKIP] 标题非科技相关，不进入详情爬取

  [36/40] 标题: 江西合胜合招标咨询有限公司关于江西银行新核心系统基础硬件采购项目（标段1：服务器设备）（项…
      [科技识别] 标题是否科技相关: 是
      [过滤-排除词] 未命中，通过
      [过滤-关键词] 包含「银行」，通过
      [OK] 通过全部筛选，进入详情爬取
    [PDF] 路由拦截成功，共 74419 字节
    [PDF] 响应拦截解析完成，共 996 字
    [已保存] output\2026-04-01\银行\中标结果_江西合胜合招标咨询有限公司关于江西银行新核心系统基础硬件采购项目（标段1：服务器设备）（项目编号：HSH2026ZG024-01）公开招标中标公告_063548.json

  [37/40] 标题: 广西北部湾银行防城港分行保洁服务入围【重】项目（FCG20260101【重】）询价采购公告
      [科技识别] 标题是否科技相关: 否
      [SKIP] 标题非科技相关，不进入详情爬取

  [38/40] 标题: 华夏银行上海分行员工食堂外包以及食堂食材采购项目供应商征集公告
      [科技识别] 标题是否科技相关: 否
      [SKIP] 标题非科技相关，不进入详情爬取

  [39/40] 标题: 华夏银行西安分行2026年个人财私客户活动策划项目供应商征集公告
      [科技识别] 标题是否科技相关: 否
      [SKIP] 标题非科技相关，不进入详情爬取

  [40/40] 标题: 中国工商银行股份有限公司江西省分行省社保国产数据库运维服务项目流标公告（招标代理项目编号：…
      [科技识别] 标题是否科技相关: 是
      [过滤-排除词] 未命中，通过
      [过滤-关键词] 包含「银行」，通过
      [OK] 通过全部筛选，进入详情爬取
    [已保存] output\2026-04-01\银行\招标公告_中国工商银行股份有限公司江西省分行省社保国产数据库运维服务项目流标公告（招标代理项目编号：GYLZB202601136）_063625.json

  [第 3 页]
  [DEBUG] 已检测到「条信息」，按整页详情链接解析
      [WARN] 未找到 .ssjg-leixing，info_type 将记为采招信息
  本页找到 40 条结果

  [1/40] 标题: 青岛农商银行代理保险产能攻坚服务项目成交公告-中标结果公告
      [科技识别] 标题是否科技相关: 否
      [SKIP] 标题非科技相关，不进入详情爬取

  [2/40] 标题: 中国银行安徽省分行营业部局部改造金融互动屏采购项目成交候选人公示
      [科技识别] 标题是否科技相关: 否
      [SKIP] 标题非科技相关，不进入详情爬取

  [3/40] 标题: 兴业银行西安分行关于零售AUM提升专项活动项目供应商征集调研公告
      [科技识别] 标题是否科技相关: 否
      [SKIP] 标题非科技相关，不进入详情爬取

  [4/40] 标题: 兴业银行（集团）福州营运中心二次装修项目（设计）（评定分离）
      [科技识别] 标题是否科技相关: 否
      [SKIP] 标题非科技相关，不进入详情爬取

  [5/40] 标题: 兴业银行西安分行关于开展贵宾客户主题系列活动项目供应商征集调研公告
      [科技识别] 标题是否科技相关: 否
      [SKIP] 标题非科技相关，不进入详情爬取

  [6/40] 标题: 海南农商银行非零售内部评级体系建设咨询项目磋商公告
      [科技识别] 标题是否科技相关: 否
      [SKIP] 标题非科技相关，不进入详情爬取

  [7/40] 标题: 中国人民银行广东省分行省内网络专线租赁服务项目(二次)采购包2、采购包4（QCZ2026-…
      [科技识别] 标题是否科技相关: 否
      [SKIP] 标题非科技相关，不进入详情爬取

  [8/40] 标题: 中国人民银行广东省分行省内网络专线租赁服务项目(二次)采购包1、采购包3（QCZ2026-…
      [科技识别] 标题是否科技相关: 否
      [SKIP] 标题非科技相关，不进入详情爬取

  [9/40] 标题: 郴州市永兴县马田镇和平路原农业银行永兴马田支行房地产
      [科技识别] 标题是否科技相关: 否
      [SKIP] 标题非科技相关，不进入详情爬取

  [10/40] 标题: 富滇银行楚雄禄丰支行2026年二、三、四季度零售客户分层维护活动物资采购项目成交候选人公示
      [科技识别] 标题是否科技相关: 否
      [SKIP] 标题非科技相关，不进入详情爬取

  [11/40] 标题: 中国农业发展银行长沙市分行保安服务采购项目中标结果公告
      [科技识别] 标题是否科技相关: 否
      [SKIP] 标题非科技相关，不进入详情爬取

  [12/40] 标题: 中国银行股份有限公司北京市分行朝阳支行工会2026年员工出游活动项目候选人公告
      [科技识别] 标题是否科技相关: 否
      [SKIP] 标题非科技相关，不进入详情爬取

  [13/40] 标题: 中国邮政储蓄银行达州市分行达州火车站候车厅广告宣传服务项目成交结果公告
      [科技识别] 标题是否科技相关: 否
      [SKIP] 标题非科技相关，不进入详情爬取

  [14/40] 标题: 武汉农村商业银行青山和平支行装修工程项目成交结果公告
      [科技识别] 标题是否科技相关: 否
      [SKIP] 标题非科技相关，不进入详情爬取

  [15/40] 标题: 南京浦口经济开发有限公司2026年度第一期银行间协会债券承销商招标（中标候选人公示）
      [科技识别] 标题是否科技相关: 否
      [SKIP] 标题非科技相关，不进入详情爬取

  [16/40] 标题: 全国集中银行账户管理系统接入前置机维保服务项目单一来源采购公示
      [科技识别] 标题是否科技相关: 否
      [SKIP] 标题非科技相关，不进入详情爬取

  [17/40] 标题: 四川省绵阳普明中学后勤服务中心银行账户开设采购结果公告
      [科技识别] 标题是否科技相关: 否
      [SKIP] 标题非科技相关，不进入详情爬取

  [18/40] 标题: 株洲市商品房预售资金监管银行项目（第三轮）公开招标公告
      [科技识别] 标题是否科技相关: 否
      [SKIP] 标题非科技相关，不进入详情爬取

  [19/40] 标题: 保定银行柜面系统配合电子验印系统升级改造项目单一来源采购公示
      [科技识别] 标题是否科技相关: 是
      [过滤-排除词] 未命中，通过
      [过滤-关键词] 包含「银行」，通过
      [OK] 通过全部筛选，进入详情爬取
    [已保存] output\2026-04-01\银行\招标公告_保定银行柜面系统配合电子验印系统升级改造项目单一来源采购公示_063755.json

  [20/40] 标题: 中国邮政储蓄银行威海市分行及环翠、荣成支行食堂服务采购项目招标公告
      [科技识别] 标题是否科技相关: 否
      [SKIP] 标题非科技相关，不进入详情爬取

  [21/40] 标题: 富滇银行楚雄开发区支行2026年4-12月客户分层维护活动物资采购项目成交候选人公示
      [科技识别] 标题是否科技相关: 否
      [SKIP] 标题非科技相关，不进入详情爬取

  [22/40] 标题: 兴业银行汕头分行关于广东金源光能股份有限公司金融借款合同纠纷案件委托代理服务采购项目采购方…
      [科技识别] 标题是否科技相关: 否
      [SKIP] 标题非科技相关，不进入详情爬取

  [23/40] 标题: 2026年某银行资源池本地化部署建设项目标包一中标候选人公示
      [科技识别] 标题是否科技相关: 否
      [SKIP] 标题非科技相关，不进入详情爬取

  [24/40] 标题: 2026年某银行资源池本地化部署建设项目标包五中标候选人公示
      [科技识别] 标题是否科技相关: 否
      [SKIP] 标题非科技相关，不进入详情爬取

  [25/40] 标题: 中国进出口银行福建省分行2026年驾驶服务外包项目成交结果公告
      [科技识别] 标题是否科技相关: 否
      [SKIP] 标题非科技相关，不进入详情爬取

  [26/40] 标题: 中国银行龙岩分行2026-2029年全辖营业场所保安服务项目（二次）废标公告
      [科技识别] 标题是否科技相关: 否
      [SKIP] 标题非科技相关，不进入详情爬取

  [27/40] 标题: 辽沈银行内部资金转移定价系统配合新信贷项目群配套改造单一来源采前公示
      [科技识别] 标题是否科技相关: 否
      [SKIP] 标题非科技相关，不进入详情爬取

  [28/40] 标题: 渤海银行异地灾备中心奇安信天眼流量探针采购项目单一来源采购公告
      [科技识别] 标题是否科技相关: 否
      [SKIP] 标题非科技相关，不进入详情爬取

  [29/40] 标题: 辽宁农村商业银行股份有限公司大石桥支行2026-2027年全辖零星维修
      [科技识别] 标题是否科技相关: 否
      [SKIP] 标题非科技相关，不进入详情爬取

  [30/40] 标题: 天津银行运营类设备招标采购（第四次）中标结果公示
      [科技识别] 标题是否科技相关: 否
      [SKIP] 标题非科技相关，不进入详情爬取

  [31/40] 标题: 2026年某银行资源池本地化部署建设项目标包四中标候选人公示
      [科技识别] 标题是否科技相关: 否
      [SKIP] 标题非科技相关，不进入详情爬取

  [32/40] 标题: 中国光大银行南宁分行2026年度营业网点款箱寄库押运服务项目流标公告（07-15-04A-…
      [科技识别] 标题是否科技相关: 否
      [SKIP] 标题非科技相关，不进入详情爬取

  [33/40] 标题: 潍坊银行寿光洛城支行装修改造工程成交结果公告
      [科技识别] 标题是否科技相关: 否
      [SKIP] 标题非科技相关，不进入详情爬取

  [34/40] 标题: 中国工商银行股份有限公司福建省分行全辖基建装修施工单位项目
      [科技识别] 标题是否科技相关: 否
      [SKIP] 标题非科技相关，不进入详情爬取

  [35/40] 标题: 乌发改批字〔2026〕14号关于对国家金融监督管理总局乌兰察布监管分局2025年银行业消费…
      [科技识别] 标题是否科技相关: 否
      [SKIP] 标题非科技相关，不进入详情爬取

  [36/40] 标题: 中国邮政储蓄银行股份有限公司宜宾分行票据业务项目
      [科技识别] 标题是否科技相关: 否
      [SKIP] 标题非科技相关，不进入详情爬取

  [37/40] 标题: 辽宁农村商业银行股份有限公司辽阳中心支行营业部保安服务项目招标公告
      [科技识别] 标题是否科技相关: 否
      [SKIP] 标题非科技相关，不进入详情爬取

  [38/40] 标题: 河南农商银行濮阳县支行2026年度职工补充医疗保险采购项目二次竞争性磋商公告
      [科技识别] 标题是否科技相关: 否
      [SKIP] 标题非科技相关，不进入详情爬取

  [39/40] 标题: 关于江苏昆山农村商业银行股份有限公司公务用车采购项目供应商征集公告（第三次）
      [科技识别] 标题是否科技相关: 否
      [SKIP] 标题非科技相关，不进入详情爬取

  [40/40] 标题: 兰州银行01关于兰州新区中川镇经十路无号瑞岭翠苑18、19、20号楼共12套商铺转让的公告
      [科技识别] 标题是否科技相关: 否
      [SKIP] 标题非科技相关，不进入详情爬取

  [第 4 页]
  [DEBUG] 已检测到「条信息」，按整页详情链接解析
      [WARN] 未找到 .ssjg-leixing，info_type 将记为采招信息
  本页找到 40 条结果

  [1/40] 标题: 内蒙古农村商业银行股份有限公司呼伦贝尔海拉尔区支行关于呼伦贝尔经济开发区仁和街仁和小区2-…
      [科技识别] 标题是否科技相关: 否
      [SKIP] 标题非科技相关，不进入详情爬取

  [2/40] 标题: 内蒙古农村商业银行股份有限公司呼伦贝尔海拉尔区支行关于呼伦贝尔经济开发区仁和街仁和小区2-…
      [科技识别] 标题是否科技相关: 否
      [SKIP] 标题非科技相关，不进入详情爬取

  [3/40] 标题: 中国农业银行股份有限公司茂名分行现金清分整点外包服务项目变更公告
      [科技识别] 标题是否科技相关: 否
      [SKIP] 标题非科技相关，不进入详情爬取

  [4/40] 标题: 山东桓台农村商业银行股份有限公司管理人员及客户经理培训项目谈判采购公告
      [科技识别] 标题是否科技相关: 否
      [SKIP] 标题非科技相关，不进入详情爬取

  [5/40] 标题: 山东莒南农村商业银行股份有限公司2026年补充医疗保险服务采购项目中标结果公示
      [科技识别] 标题是否科技相关: 否
      [SKIP] 标题非科技相关，不进入详情爬取

  [6/40] 标题: 山东临沂河东农村商业银行股份有限公司招标代理机构续签服务合同项目采购结果公示
      [科技识别] 标题是否科技相关: 否
      [SKIP] 标题非科技相关，不进入详情爬取

  [7/40] 标题: 山东垦利农村商业银行股份有限公司运行维护集中采购项目招标公告
      [科技识别] 标题是否科技相关: 否
      [SKIP] 标题非科技相关，不进入详情爬取

  [8/40] 标题: 山东平邑农村商业银行股份有限公司2026年办公耗材采购项目询比采购公告
      [科技识别] 标题是否科技相关: 否
      [SKIP] 标题非科技相关，不进入详情爬取

  [9/40] 标题: 山东莒南农村商业银行股份有限公司2026年委托清收受托机构采购项目（第一批次）B包公开招标…
      [科技识别] 标题是否科技相关: 否
      [SKIP] 标题非科技相关，不进入详情爬取

  [10/40] 标题: 大理市农村商业银行2026年客户营销维护宣传品供应商采购竞争性磋商公告
      [科技识别] 标题是否科技相关: 否
      [SKIP] 标题非科技相关，不进入详情爬取

  [11/40] 标题: L53A00626001176广发银行股份有限公司曲靖分行2026-2027年网点保安守护…
      [科技识别] 标题是否科技相关: 否
      [SKIP] 标题非科技相关，不进入详情爬取

  [12/40] 标题: 垣曲农商银行零星维修改造项目框架协议采购成交结果公告
      [科技识别] 标题是否科技相关: 否
      [SKIP] 标题非科技相关，不进入详情爬取

  [13/40] 标题: 山西平遥农村商业银行股份有限公司总行食堂管理服务项目(001标段)竞争性磋商公告
      [科技识别] 标题是否科技相关: 否
      [SKIP] 标题非科技相关，不进入详情爬取

  [14/40] 标题: 中国银行股份有限公司莆田分行全辖车辆维修项目（二次）采购邀请公告
      [科技识别] 标题是否科技相关: 否
      [SKIP] 标题非科技相关，不进入详情爬取

  [15/40] 标题: 青岛农商银行代理保险产能攻坚服务项目成交公告
      [科技识别] 标题是否科技相关: 否
      [SKIP] 标题非科技相关，不进入详情爬取

  [16/40] 标题: 浙江省成套招标代理有限公司关于杭州市融资担保集团有限公司2026年杭州市“专精特新贷”经办…
      [科技识别] 标题是否科技相关: 否
      [SKIP] 标题非科技相关，不进入详情爬取

  [17/40] 标题: 招商银行信用卡2026-027招行信用卡南昌分中心迁址新租装修工程采购结果公示-XY01-…
      [科技识别] 标题是否科技相关: 否
      [SKIP] 标题非科技相关，不进入详情爬取

  [18/40] 标题: 中原银行股份有限公司郑州中州大道支行关于河南双玺实业集团有限公司案件聘请律师代理项目（二次…
      [科技识别] 标题是否科技相关: 否
      [SKIP] 标题非科技相关，不进入详情爬取

  [19/40] 标题: 招商银行采购结果公告-ZZ01-20260323002
      [科技识别] 标题是否科技相关: 否
      [SKIP] 标题非科技相关，不进入详情爬取

  [20/40] 标题: 中标公示|中国农业银行上海市分行办公用品及保洁耗材项目
      [科技识别] 标题是否科技相关: 否
      [SKIP] 标题非科技相关，不进入详情爬取

  [21/40] 标题: 资阳民生村镇银行运营平板电脑采购项目更正公告01号
      [科技识别] 标题是否科技相关: 是
      [过滤-排除词] 未命中，通过
      [过滤-关键词] 包含「银行」，通过
      [OK] 通过全部筛选，进入详情爬取
    [已保存] output\2026-04-01\银行\招标公告_资阳民生村镇银行运营平板电脑采购项目更正公告01号_063925.json

  [22/40] 标题: 郴州市永兴县马田镇和平路原农业银行永兴马田支行房地产
      [科技识别] 标题是否科技相关: 否
      [SKIP] 标题非科技相关，不进入详情爬取

  [23/40] 标题: 江西银行新核心系统基础硬件采购项目（标段1：服务器设备）（项目编号：HSH2026ZG02…
      [科技识别] 标题是否科技相关: 是
      [过滤-排除词] 未命中，通过
      [过滤-关键词] 包含「银行」，通过
      [OK] 通过全部筛选，进入详情爬取
    [已保存] output\2026-04-01\银行\中标结果_江西银行新核心系统基础硬件采购项目（标段1：服务器设备）（项目编号：HSH2026ZG024-01）公开招标中标公告_063957.json

  [24/40] 标题: 江西银行新核心系统基础硬件采购项目（标段2：存储设备）（项目编号：HSH2026ZG024…
      [科技识别] 标题是否科技相关: 是
      [过滤-排除词] 未命中，通过
      [过滤-关键词] 包含「银行」，通过
      [OK] 通过全部筛选，进入详情爬取
    [已保存] output\2026-04-01\银行\中标结果_江西银行新核心系统基础硬件采购项目（标段2：存储设备）（项目编号：HSH2026ZG024-02）公开招标中标公告_064027.json

  [25/40] 标题: 乌鲁木齐银行收单设备供应商入围项目（二次）招标公告
      [科技识别] 标题是否科技相关: 否
      [SKIP] 标题非科技相关，不进入详情爬取

  [26/40] 标题: 中国银行股份有限公司西宁市城中支行与青海省中医院开展智慧食堂行业码业务合作项目采购邀请公告
      [科技识别] 标题是否科技相关: 否
      [SKIP] 标题非科技相关，不进入详情爬取

  [27/40] 标题: 宁夏银行银企对账系统信创改造项目
      [科技识别] 标题是否科技相关: 否
      [SKIP] 标题非科技相关，不进入详情爬取

  [28/40] 标题: 宁夏银行AI大模型服务器资源扩容项目
      [科技识别] 标题是否科技相关: 是
      [过滤-排除词] 未命中，通过
      [过滤-关键词] 包含「银行」，通过
      [OK] 通过全部筛选，进入详情爬取
    [已保存] output\2026-04-01\银行\中标结果_宁夏银行AI大模型服务器资源扩容项目_064057.json

  [29/40] 标题: 南通市建筑工程质量检测中心2026年4月(第1批)政府采购意向公告-资金定期存款存放银行遴…
      [科技识别] 标题是否科技相关: 否
      [SKIP] 标题非科技相关，不进入详情爬取

  [30/40] 标题: 哈尔滨银行重庆分行本部电梯维修供应商采购项目中标候选人公示
      [科技识别] 标题是否科技相关: 否
      [SKIP] 标题非科技相关，不进入详情爬取

  [31/40] 标题: 黄河农村商业银行选聘信息安全服务入围人项目入围结果公告
      [科技识别] 标题是否科技相关: 否
      [SKIP] 标题非科技相关，不进入详情爬取

  [32/40] 标题: 天津银行IT平台管理系统新增上线评审线上化管理等功能项目中标结果公示
      [科技识别] 标题是否科技相关: 是
      [过滤-排除词] 未命中，通过
      [过滤-关键词] 包含「银行」，通过
      [OK] 通过全部筛选，进入详情爬取
    [PDF] 路由拦截成功，共 544768 字节
    [PDF] 扫描版/少字 PDF 共 2 页，转为图片 OCR...
    [OCR] 识别第 1/2 页 ...
    [OCR] 识别第 2/2 页 ...
    [OCR] 全部 2 页识别完成
    [PDF] 响应拦截解析完成，共 796 字
    [已保存] output\2026-04-01\银行\中标结果_天津银行IT平台管理系统新增上线评审线上化管理等功能项目中标结果公示_064134.json

  [33/40] 标题: 中国银行龙岩分行2026-2029年监控中心值机服务项目竞争性磋商公告
      [科技识别] 标题是否科技相关: 否
      [SKIP] 标题非科技相关，不进入详情爬取

  [34/40] 标题: 中国人民银行清算总中心2025年北京机房工程建设项目中标结果公告
      [科技识别] 标题是否科技相关: 是
      [过滤-排除词] 未命中，通过
      [过滤-关键词] 包含「银行」，通过
      [OK] 通过全部筛选，进入详情爬取
    [PDF] 路由拦截成功，共 195889 字节
    [PDF] 响应拦截解析完成，共 1244 字
    [已保存] output\2026-04-01\银行\中标结果_中国人民银行清算总中心2025年北京机房工程建设项目中标结果公告_064202.json

  [35/40] 标题: 中国进出口银行2026年联合开发系统（境内外币报文升级）实施项目成交公告
      [科技识别] 标题是否科技相关: 否
      [SKIP] 标题非科技相关，不进入详情爬取

  [36/40] 标题: 某银行专项法律服务项目中标候选人公示
      [科技识别] 标题是否科技相关: 否
      [SKIP] 标题非科技相关，不进入详情爬取

  [37/40] 标题: 富滇银行2026年线上房地产押品估值服务框架协议入围项目征集公告
      [科技识别] 标题是否科技相关: 否
      [SKIP] 标题非科技相关，不进入详情爬取

  [38/40] 标题: 中国邮政储蓄银行邵阳市分行2026年广告投放项目成交候选人公示
      [科技识别] 标题是否科技相关: 否
      [SKIP] 标题非科技相关，不进入详情爬取

  [39/40] 标题: 保定银行采购移动号段短信服务项目招标公告
      [科技识别] 标题是否科技相关: 否
      [SKIP] 标题非科技相关，不进入详情爬取

  [40/40] 标题: 内蒙古农村商业银行股份有限公司新一代信贷系统群配套测试服务项目
      [科技识别] 标题是否科技相关: 否
      [SKIP] 标题非科技相关，不进入详情爬取

  [第 5 页]
  [DEBUG] 已检测到「条信息」，按整页详情链接解析
      [WARN] 未找到 .ssjg-leixing，info_type 将记为采招信息
  本页找到 40 条结果

  [1/40] 标题: 富滇银行2026年增资扩股财务顾问采购项目询比采购公告
      [科技识别] 标题是否科技相关: 否
      [SKIP] 标题非科技相关，不进入详情爬取

  [2/40] 标题: 中国邮政储蓄银行临沧市分行、迪庆州支行、怒江州支行2026-2028年法律服务入围采购公开…
      [科技识别] 标题是否科技相关: 否
      [SKIP] 标题非科技相关，不进入详情爬取

  [3/40] 标题: 中国邮政储蓄银行股份有限公司福建省分行全辖营业网点安全用电监测服务采购项目中标候选人公示
      [科技识别] 标题是否科技相关: 否
      [SKIP] 标题非科技相关，不进入详情爬取

  [4/40] 标题: 蒙商银行鄂尔多斯市分行个人金融部2026年营销宣传品供应商采购项目竞争性磋商公告
      [科技识别] 标题是否科技相关: 否
      [SKIP] 标题非科技相关，不进入详情爬取

  [5/40] 标题: 中国邮政储蓄银行云南省分行2026-2028年运营商线路租用服务采购公开招标公告
      [科技识别] 标题是否科技相关: 否
      [SKIP] 标题非科技相关，不进入详情爬取

  [6/40] 标题: 中国银行苏州新区支行本部及网点空调维修服务项目成交结果公示
      [科技识别] 标题是否科技相关: 否
      [SKIP] 标题非科技相关，不进入详情爬取

  [7/40] 标题: 鄂州农商银行装修项目新增设备物资采购项目中标结果公告
      [科技识别] 标题是否科技相关: 否
      [SKIP] 标题非科技相关，不进入详情爬取

  [8/40] 标题: 崇左市江州区本级国库集中支付及工资统发业务代理银行服务项目YZLCZ2026-G3-009…
      [科技识别] 标题是否科技相关: 否
      [SKIP] 标题非科技相关，不进入详情爬取

  [9/40] 标题: 中国邮政储蓄银行上海分行本部大楼员工食堂餐饮服务项目公开招标公告
      [科技识别] 标题是否科技相关: 否
      [SKIP] 标题非科技相关，不进入详情爬取

  [10/40] 标题: 天津滨海农村商业银行股份有限公司关于在"天津市便民养老地图项目"中投放本行适老服务广告项目…
      [科技识别] 标题是否科技相关: 否
      [SKIP] 标题非科技相关，不进入详情爬取

  [11/40] 标题: 关于宁波市海曙区南门街道房屋征收（拆迁）办公室基本户及征收专户开户银行竞争性存放招标项目（…
      [科技识别] 标题是否科技相关: 否
      [SKIP] 标题非科技相关，不进入详情爬取

  [12/40] 标题: 兴业银行汕头分行关于某企金客户金融借款合同纠纷案件委托代理服务采购项目-招标结果公告
      [科技识别] 标题是否科技相关: 否
      [SKIP] 标题非科技相关，不进入详情爬取

  [13/40] 标题: 中国银行股份有限公司上海市分行2025年信息科技运营中心（上海）视频会议系统及展示大屏采购…
      [科技识别] 标题是否科技相关: 否
      [SKIP] 标题非科技相关，不进入详情爬取

  [14/40] 标题: 中国银行股份有限公司为宁夏区分行员工采购2026年生日蛋糕提货券项目采购邀请公告
      [科技识别] 标题是否科技相关: 否
      [SKIP] 标题非科技相关，不进入详情爬取

  [15/40] 标题: 招商银行总部大厦地铁连通通道EPC工程设计服务-采购计划
      [科技识别] 标题是否科技相关: 否
      [SKIP] 标题非科技相关，不进入详情爬取

  [16/40] 标题: 兰州银行01关于定西市安定区南大街(欧康世纪都会B区）B8幢1层1002室，2层2002室…
      [科技识别] 标题是否科技相关: 否
      [SKIP] 标题非科技相关，不进入详情爬取

  [17/40] 标题: 阜阳颍东农村商业银行股份有限公司持有的阜阳穹达建筑安装工程有限公司债权转让-成交公告
      [科技识别] 标题是否科技相关: 否
      [SKIP] 标题非科技相关，不进入详情爬取

  [18/40] 标题: 宁夏青铜峡农村商业银行股份有限公司关于青铜峡市龙海花园22幢02021室出售的公告(第一次…
      [科技识别] 标题是否科技相关: 否
      [SKIP] 标题非科技相关，不进入详情爬取

  [19/40] 标题: 广西田东农村商业银行股份有限公司关于位于田东县金芒大道与横山大道交叉口西南面幸福新城第3幢…
      [科技识别] 标题是否科技相关: 否
      [SKIP] 标题非科技相关，不进入详情爬取

  [20/40] 标题: 宁夏青铜峡农村商业银行股份有限公司关于吴忠市利通区明珠花园1号楼1262室出售的公告(第一…
      [科技识别] 标题是否科技相关: 否
      [SKIP] 标题非科技相关，不进入详情爬取

  [21/40] 标题: 阜阳颍东农村商业银行股份有限公司持有的安徽祥源公园城开发有限公司债权转让-成交公告
      [科技识别] 标题是否科技相关: 否
      [SKIP] 标题非科技相关，不进入详情爬取

  [22/40] 标题: 宁夏青铜峡农村商业银行股份有限公司关于吴忠市明珠花园11号楼11251室出售的公告(第一次…
      [科技识别] 标题是否科技相关: 否
      [SKIP] 标题非科技相关，不进入详情爬取

  [23/40] 标题: 中国进出口银行2026年联合开发系统（境内外币报文升级）实施项目成交公告
      [科技识别] 标题是否科技相关: 否
      [SKIP] 标题非科技相关，不进入详情爬取

  [24/40] 标题: 阜阳颍东农村商业银行股份有限公司持有的安徽三环管业有限公司债权转让-成交公告
      [科技识别] 标题是否科技相关: 否
      [SKIP] 标题非科技相关，不进入详情爬取

  [25/40] 标题: 宁夏青铜峡农村商业银行股份有限公司关于永宁县兴郡府二期9号2-802室出售的公告(第一次)
      [科技识别] 标题是否科技相关: 否
      [SKIP] 标题非科技相关，不进入详情爬取

  [26/40] 标题: 宁夏青铜峡农村商业银行股份有限公司关于永宁县兴郡府二期9号楼2-1402室出售的公告(重新…
      [科技识别] 标题是否科技相关: 否
      [SKIP] 标题非科技相关，不进入详情爬取

  [27/40] 标题: 宁夏青铜峡农村商业银行股份有限公司关于永宁县万科理想新都苑东区13号楼2-1402室出售的…
      [科技识别] 标题是否科技相关: 否
      [SKIP] 标题非科技相关，不进入详情爬取

  [28/40] 标题: 安徽凤台农村商业银行股份有限公司关于凤台县朱马店镇马杨路东侧的土地的公告
      [科技识别] 标题是否科技相关: 否
      [SKIP] 标题非科技相关，不进入详情爬取

  [29/40] 标题: 黑龙江东宁农村商业银行股份有限公司关于抵债资产拍卖的公告(第一次)
      [科技识别] 标题是否科技相关: 否
      [SKIP] 标题非科技相关，不进入详情爬取

  [30/40] 标题: 宁夏青铜峡农村商业银行股份有限公司关于银川市兴庆区掌镇檀溪鸣翠半岛B区27号楼1单元401…
      [科技识别] 标题是否科技相关: 否
      [SKIP] 标题非科技相关，不进入详情爬取

  [31/40] 标题: 兰州银行01关于定西市安定区南大街(欧康世纪都会A区）A6幢2层2005室转让的公告
      [科技识别] 标题是否科技相关: 否
      [SKIP] 标题非科技相关，不进入详情爬取

  [32/40] 标题: 阜阳颍东农村商业银行股份有限公司持有的阜阳市百和商贸有限公司债权转让-成交公告
      [科技识别] 标题是否科技相关: 否
      [SKIP] 标题非科技相关，不进入详情爬取

  [33/40] 标题: 广西田东农村商业银行股份有限公司关于位于田东县金芒大道与横山大道交叉口西南面幸福新城第3幢…
      [科技识别] 标题是否科技相关: 否
      [SKIP] 标题非科技相关，不进入详情爬取

  [34/40] 标题: 宁夏青铜峡农村商业银行股份有限公司关于银川市兴庆区绿地21城商城A区8号楼8019号出售的…
      [科技识别] 标题是否科技相关: 否
      [SKIP] 标题非科技相关，不进入详情爬取

  [35/40] 标题: 阜阳颍东农村商业银行股份有限公司持有的阜阳市金宏家电有限公司债权转让-成交公告
      [科技识别] 标题是否科技相关: 否
      [SKIP] 标题非科技相关，不进入详情爬取

  [36/40] 标题: 兰州银行01关于定西市安定区南大街(欧康世纪都会B区）B8幢1层1003室，2层2003室…
      [科技识别] 标题是否科技相关: 否
      [SKIP] 标题非科技相关，不进入详情爬取

  [37/40] 标题: 广西田东农村商业银行股份有限公司关于位于田东县金芒大道与横山大道交叉口西南面幸福新城第3幢…
      [科技识别] 标题是否科技相关: 否
      [SKIP] 标题非科技相关，不进入详情爬取

  [38/40] 标题: 兰州银行01关于北京朝阳区望京东园515号楼1至2层02商铺转让的公告
      [科技识别] 标题是否科技相关: 否
      [SKIP] 标题非科技相关，不进入详情爬取

  [39/40] 标题: 宁夏青铜峡农村商业银行股份有限公司关于银川市义通汽车城B区5号楼2号大厅出售的公告(第一次…
      [科技识别] 标题是否科技相关: 否
      [SKIP] 标题非科技相关，不进入详情爬取

  [40/40] 标题: 安徽凤台农村商业银行股份有限公司关于凤台县朱马店镇新华路的机房和商住楼的公告
      [科技识别] 标题是否科技相关: 是
      [过滤-排除词] 未命中，通过
      [过滤-关键词] 包含「银行」，通过
      [OK] 通过全部筛选，进入详情爬取
    [已保存] output\2026-04-01\银行\拍卖转让_安徽凤台农村商业银行股份有限公司关于凤台县朱马店镇新华路的机房和商住楼的公告_064331.json

  [第 6 页]
  [DEBUG] 已检测到「条信息」，按整页详情链接解析
      [WARN] 未找到 .ssjg-leixing，info_type 将记为采招信息
  本页找到 40 条结果

  [1/40] 标题: 阜阳颍东农村商业银行股份有限公司持有的阜阳市驰正建筑劳务有限公司债权转让-成交公告
      [科技识别] 标题是否科技相关: 否
      [SKIP] 标题非科技相关，不进入详情爬取

  [2/40] 标题: 中国建设银行济宁分行本部及城区支行保安服务采购项目（D包）招标公告
      [科技识别] 标题是否科技相关: 否
      [SKIP] 标题非科技相关，不进入详情爬取

  [3/40] 标题: 中国建设银行济宁分行本部及城区支行保安服务采购项目（B包）招标公告
      [科技识别] 标题是否科技相关: 否
      [SKIP] 标题非科技相关，不进入详情爬取

  [4/40] 标题: 中国建设银行济宁分行本部及城区支行保安服务采购项目（A包）招标公告
      [科技识别] 标题是否科技相关: 否
      [SKIP] 标题非科技相关，不进入详情爬取

  [5/40] 标题: 中国建设银行湖南省分行2026年-2027年全行员工健康综合保险中标候选人公示
      [科技识别] 标题是否科技相关: 否
      [SKIP] 标题非科技相关，不进入详情爬取

  [6/40] 标题: 中国建设银行济宁分行本部及城区支行保安服务采购项目（C包）招标公告
      [科技识别] 标题是否科技相关: 否
      [SKIP] 标题非科技相关，不进入详情爬取

  [7/40] 标题: ?海南银行2026年采购专项债券发行咨询服务（会计师事务所）项目征集供应商信息公告
      [科技识别] 标题是否科技相关: 否
      [SKIP] 标题非科技相关，不进入详情爬取

  [8/40] 标题: 徽商银行关于黄山徽州支行网点改造装饰装修工程采购项目成交结果公告
      [科技识别] 标题是否科技相关: 否
      [SKIP] 标题非科技相关，不进入详情爬取

  [9/40] 标题: 徽商银行关于铜陵分行职业装采购项目第二次招标公告
      [科技识别] 标题是否科技相关: 否
      [SKIP] 标题非科技相关，不进入详情爬取

  [10/40] 标题: 徽商银行关于金电公司相关系统维保采购项目成交结果公告
      [科技识别] 标题是否科技相关: 是
      [过滤-排除词] 未命中，通过
      [过滤-关键词] 包含「银行」，通过
      [OK] 通过全部筛选，进入详情爬取
    [已保存] output\2026-04-01\银行\中标结果_徽商银行关于金电公司相关系统维保采购项目成交结果公告_064500.json

  [11/40] 标题: 泸州银行股份有限公司关于营业部2026年宣传印刷品采购项目的采购公告
      [科技识别] 标题是否科技相关: 否
      [SKIP] 标题非科技相关，不进入详情爬取

  [12/40] 标题: 兴业银行长沙分行2026年同城支行网点保洁服务采购项目中标候选人公示
      [科技识别] 标题是否科技相关: 否
      [SKIP] 标题非科技相关，不进入详情爬取

  [13/40] 标题: 中国光大银行南宁分行2026年度营业网点款箱寄库押运服务项目流标公告（07-15-04A-…
      [科技识别] 标题是否科技相关: 否
      [SKIP] 标题非科技相关，不进入详情爬取

  [14/40] 标题: 中国建设银行股份有限公司岳阳市分行监控指挥中心值守和现场巡查服务项目中标候选人公示
      [科技识别] 标题是否科技相关: 否
      [SKIP] 标题非科技相关，不进入详情爬取

  [15/40] 标题: 兴业银行长沙分行2026年同城支行网点保洁服务采购项目招标公告
      [科技识别] 标题是否科技相关: 否
      [SKIP] 标题非科技相关，不进入详情爬取

  [16/40] 标题: 中国光大银行南宁分行2026年度营业网点款箱寄库押运服务项目(重)招标公告（07-15-0…
      [科技识别] 标题是否科技相关: 否
      [SKIP] 标题非科技相关，不进入详情爬取

  [17/40] 标题: 江苏高邮农村商业银行股份有限公司员工外出走访服采购项目招标公告
      [科技识别] 标题是否科技相关: 否
      [SKIP] 标题非科技相关，不进入详情爬取

  [18/40] 标题: 兴业银行长沙分行2026年同城支行网点保洁服务采购项目中标结果公告
      [科技识别] 标题是否科技相关: 否
      [SKIP] 标题非科技相关，不进入详情爬取

  [19/40] 标题: 中国建设银行陕西省分行盆栽花木品质服务项目供应商征集公告
      [科技识别] 标题是否科技相关: 否
      [SKIP] 标题非科技相关，不进入详情爬取

  [20/40] 标题: 中国建设银行珠海市分行经开区支行营业用房中央空调使用费项目供应商征集公告
      [科技识别] 标题是否科技相关: 否
      [SKIP] 标题非科技相关，不进入详情爬取

  [21/40] 标题: 中国建设银行陕西省分行商洛分行钞币押运外包服务采购项目供应商征集公告
      [科技识别] 标题是否科技相关: 否
      [SKIP] 标题非科技相关，不进入详情爬取

  [22/40] 标题: 中国建设银行江苏省分行关于盐城分行保安值守外包服务采购项目供应商征集公告
      [科技识别] 标题是否科技相关: 否
      [SKIP] 标题非科技相关，不进入详情爬取

  [23/40] 标题: 中国建设银行福建省分行关于信用卡业务流水类数据采购项目的供应商征集公告
      [科技识别] 标题是否科技相关: 否
      [SKIP] 标题非科技相关，不进入详情爬取

  [24/40] 标题: 兴业银行关于福州营运中心竣工测绘服务项目供应商征集调研公告
      [科技识别] 标题是否科技相关: 否
      [SKIP] 标题非科技相关，不进入详情爬取

  [25/40] 标题: 青岛市财政局2026年至人民银行电路服务公示-合同公开
      [科技识别] 标题是否科技相关: 否
      [SKIP] 标题非科技相关，不进入详情爬取

  [26/40] 标题: 兴业银行泰安分行关于2026年委托律所催收信用卡逾期项目供应商征集公告
      [科技识别] 标题是否科技相关: 否
      [SKIP] 标题非科技相关，不进入详情爬取

  [27/40] 标题: 兴业银行绍兴分行关于2026年信用卡不良资产委托律所代理服务采购寻源
      [科技识别] 标题是否科技相关: 否
      [SKIP] 标题非科技相关，不进入详情爬取

  [28/40] 标题: 兰州银行股份有限公司安宁支行营业名下位于安徽省芜湖市无为县无城镇巢无路德龙商贸城无房字第2…
      [科技识别] 标题是否科技相关: 否
      [SKIP] 标题非科技相关，不进入详情爬取

  [29/40] 标题: 山西银行朔州朔城区支行110报警系统采购项目拟采用单一来源方式进行采购的公示
      [科技识别] 标题是否科技相关: 否
      [SKIP] 标题非科技相关，不进入详情爬取

  [30/40] 标题: 凤阳农商银行2026年运动服采购项目中标结果公示
      [科技识别] 标题是否科技相关: 否
      [SKIP] 标题非科技相关，不进入详情爬取

  [31/40] 标题: 南阳村镇银行采购总行物业服务公司项目单一来源采购公示
      [科技识别] 标题是否科技相关: 否
      [SKIP] 标题非科技相关，不进入详情爬取

  [32/40] 标题: 南阳村镇银行采购快贷系统及第三方平台数据项目单一来源采购公示
      [科技识别] 标题是否科技相关: 是
      [过滤-排除词] 未命中，通过
      [过滤-关键词] 包含「银行」，通过
      [OK] 通过全部筛选，进入详情爬取
    [已保存] output\2026-04-01\银行\招标公告_南阳村镇银行采购快贷系统及第三方平台数据项目单一来源采购公示_064538.json

  [33/40] 标题: 广西科联招标中心有限公司中国工商银行广西区分行2026年营业机构标识项目（GXKLG202…
      [科技识别] 标题是否科技相关: 否
      [SKIP] 标题非科技相关，不进入详情爬取

  [34/40] 标题: 贵州大方农村商业银行股份有限公司云音箱采购项目成交候选供应商公示
      [科技识别] 标题是否科技相关: 否
      [SKIP] 标题非科技相关，不进入详情爬取

  [35/40] 标题: 中国农业发展银行卫辉市支行资本化维修改造及加固项目招标公告
      [科技识别] 标题是否科技相关: 否
      [SKIP] 标题非科技相关，不进入详情爬取

  [36/40] 标题: 中信银行信用卡中心猎头服务采购项目中标候选人公示
      [科技识别] 标题是否科技相关: 否
      [SKIP] 标题非科技相关，不进入详情爬取

  [37/40] 标题: 中信银行股份有限公司北京分行回单机耗材采购（三次）项目中标候选人公示
      [科技识别] 标题是否科技相关: 否
      [SKIP] 标题非科技相关，不进入详情爬取

  [38/40] 标题: 中国银行漳州分行2026年度零星物料制作采购项目成交结果公告
      [科技识别] 标题是否科技相关: 否
      [SKIP] 标题非科技相关，不进入详情爬取

  [39/40] 标题: 台山农商银行智慧校园监管对账系统项目[ZJZB-2026-13292]-招标公告
      [科技识别] 标题是否科技相关: 否
      [SKIP] 标题非科技相关，不进入详情爬取

  [40/40] 标题: 龙里农商银行招标代理机构入围采购项目中标公示
      [科技识别] 标题是否科技相关: 否
      [SKIP] 标题非科技相关，不进入详情爬取

  [第 7 页]
  [DEBUG] 已检测到「条信息」，按整页详情链接解析
      [WARN] 未找到 .ssjg-leixing，info_type 将记为采招信息
  本页找到 40 条结果

  [1/40] 标题: 郑州银行2026年-2028年自助机具维保项目公开比选公告
      [科技识别] 标题是否科技相关: 否
      [SKIP] 标题非科技相关，不进入详情爬取

  [2/40] 标题: 天津银行运营类设备招标采购（第四次）（5包硬币清分打卷一体机、硬币兑换机）中标结果公示（项…
      [科技识别] 标题是否科技相关: 否
      [SKIP] 标题非科技相关，不进入详情爬取

  [3/40] 标题: 中国建设银行河南省分行郑州铁路支行康复前街分理处营业用房续租采购项目单一来源采前公示
      [科技识别] 标题是否科技相关: 否
      [SKIP] 标题非科技相关，不进入详情爬取

  [4/40] 标题: 中国建设银行河南省分行郑州铁路支行郑州文兴路支行营业用房续租采购项目单一来源采前公示
      [科技识别] 标题是否科技相关: 否
      [SKIP] 标题非科技相关，不进入详情爬取

  [5/40] 标题: 中国银行股份有限公司【泉州分行】福建省泉州监狱狱内消费系统金融科技项目[FJZT-2026…
      [科技识别] 标题是否科技相关: 否
      [SKIP] 标题非科技相关，不进入详情爬取

  [6/40] 标题: 中国建设银行河南省分行新乡分行获嘉西工支行营业用房新租采购项目单一来源采前公示
      [科技识别] 标题是否科技相关: 否
      [SKIP] 标题非科技相关，不进入详情爬取

  [7/40] 标题: 山东信诚拍卖招标有限公司：农商银行优质资产拍卖公告
      [科技识别] 标题是否科技相关: 否
      [SKIP] 标题非科技相关，不进入详情爬取

  [8/40] 标题: 中信银行深圳分行本部3层增租装修工程项目招标公告
      [科技识别] 标题是否科技相关: 否
      [SKIP] 标题非科技相关，不进入详情爬取

  [9/40] 标题: 中国建设银行河南省分行郑州铁路支行郑州淮河路支行营业用房续租采购项目单一来源采前公示
      [科技识别] 标题是否科技相关: 否
      [SKIP] 标题非科技相关，不进入详情爬取

  [10/40] 标题: 中国建设银行河南省分行郑州直属支行郑州渠东路支行营业用房续租采购项目单一来源采前公示
      [科技识别] 标题是否科技相关: 否
      [SKIP] 标题非科技相关，不进入详情爬取

  [11/40] 标题: 厦门公物－公开招标－GW2026-QY065－中国银行股份有限公司湖滨支行（江头支行拟迁新…
      [科技识别] 标题是否科技相关: 否
      [SKIP] 标题非科技相关，不进入详情爬取

  [12/40] 标题: 中国建设银行温州分行平阳腾蛟支行营业用房租赁采购项目单一来源采前公示
      [科技识别] 标题是否科技相关: 否
      [SKIP] 标题非科技相关，不进入详情爬取

  [13/40] 标题: 中国农业银行宁波市分行智慧财政系统签名签章服务器设备项目的废标公告
      [科技识别] 标题是否科技相关: 是
      [过滤-排除词] 未命中，通过
      [过滤-关键词] 包含「银行」，通过
      [OK] 通过全部筛选，进入详情爬取
    [已保存] output\2026-04-01\银行\招标公告_中国农业银行宁波市分行智慧财政系统签名签章服务器设备项目的废标公告_064710.json

  [14/40] 标题: 中国建设银行江苏省分行关于2026年盐城金库业务加入盐城区域现金处理中心项目单一来源采前公…
      [科技识别] 标题是否科技相关: 否
      [SKIP] 标题非科技相关，不进入详情爬取

  [15/40] 标题: 齐商银行东营分行营业部小型金库迁移改造项目竞争性磋商公告
      [科技识别] 标题是否科技相关: 否
      [SKIP] 标题非科技相关，不进入详情爬取

  [16/40] 标题: 江西首信招标咨询有限公司关于南昌高新区财政局选择实有资金账户开户银行服务项目公开比选公告
      [科技识别] 标题是否科技相关: 否
      [SKIP] 标题非科技相关，不进入详情爬取

  [17/40] 标题: 中国邮政储蓄银行上海分行出租车车窗广告投放项目公开招标公告
      [科技识别] 标题是否科技相关: 否
      [SKIP] 标题非科技相关，不进入详情爬取

  [18/40] 标题: 泉州银行UKEY采购项目
      [科技识别] 标题是否科技相关: 否
      [SKIP] 标题非科技相关，不进入详情爬取

  [19/40] 标题: 中国银行股份有限公司平顶山分行叶县支行食堂食材采购项目中标公告
      [科技识别] 标题是否科技相关: 否
      [SKIP] 标题非科技相关，不进入详情爬取

  [20/40] 标题: 2026年某银行资源池本地化部署建设项目标包一中标候选人公示
      [科技识别] 标题是否科技相关: 否
      [SKIP] 标题非科技相关，不进入详情爬取

  [21/40] 标题: 2026年上海电信金融大客户部银行客户失联修复服务项目询比结果公示
      [科技识别] 标题是否科技相关: 否
      [SKIP] 标题非科技相关，不进入详情爬取

  [22/40] 标题: 中国银行股份有限公司宁德分行2026年办公及营销用茶采购项目招标公告
      [科技识别] 标题是否科技相关: 否
      [SKIP] 标题非科技相关，不进入详情爬取

  [23/40] 标题: 四川银行成都新都厚诚路支行装修工程采购项目成交结果公告
      [科技识别] 标题是否科技相关: 否
      [SKIP] 标题非科技相关，不进入详情爬取

  [24/40] 标题: 中信银行郑州南阳路支行装饰工程采购项目中标候选人公示
      [科技识别] 标题是否科技相关: 否
      [SKIP] 标题非科技相关，不进入详情爬取

  [25/40] 标题: 河南农村商业银行股份有限公司信阳中心支行律所库采购项目-招标公告
      [科技识别] 标题是否科技相关: 否
      [SKIP] 标题非科技相关，不进入详情爬取

  [26/40] 标题: 交通银行厦门分行升平支行新址及滨北支行新址电子屏采购项目公开征集供应商公告（项目编号：20…
      [科技识别] 标题是否科技相关: 否
      [SKIP] 标题非科技相关，不进入详情爬取

  [27/40] 标题: 中国工商银行柳州分行物业管理服务集中采购项目招标公告
      [科技识别] 标题是否科技相关: 否
      [SKIP] 标题非科技相关，不进入详情爬取

  [28/40] 标题: 河南农村商业银行股份有限公司民权支行劳务派遣服务项目招标公告（二次）
      [科技识别] 标题是否科技相关: 否
      [SKIP] 标题非科技相关，不进入详情爬取

  [29/40] 标题: 青岛农商银行2026年储蓄国债系统维保服务项目（二次采购）废标公告
      [科技识别] 标题是否科技相关: 是
      [过滤-排除词] 未命中，通过
      [过滤-关键词] 包含「银行」，通过
      [OK] 通过全部筛选，进入详情爬取
    [已保存] output\2026-04-01\银行\招标公告_青岛农商银行2026年储蓄国债系统维保服务项目（二次采购）废标公告_064746.json

  [30/40] 标题: 青岛农商银行蓝谷支行劳务外包服务项目成交公告
      [科技识别] 标题是否科技相关: 否
      [SKIP] 标题非科技相关，不进入详情爬取

  [31/40] 标题: 青岛农商银行金融市场风险管理系统高阶风控数据采购项目成交公告
      [科技识别] 标题是否科技相关: 否
      [SKIP] 标题非科技相关，不进入详情爬取

  [32/40] 标题: 招商银行总部大厦项目酒店项目精装修管理服务截标信息
      [科技识别] 标题是否科技相关: 否
      [SKIP] 标题非科技相关，不进入详情爬取

  [33/40] 标题: 招商银行总部大厦项目酒店项目精装修管理服务
      [科技识别] 标题是否科技相关: 否
      [SKIP] 标题非科技相关，不进入详情爬取

  [34/40] 标题: 湖北秭归农村商业银行股份有限公司2026年员工工作服采购项目（二标段）招标公告
      [科技识别] 标题是否科技相关: 否
      [SKIP] 标题非科技相关，不进入详情爬取

  [35/40] 标题: 湖北秭归农村商业银行股份有限公司2026年员工工作服采购项目（一标段）招标公告
      [科技识别] 标题是否科技相关: 否
      [SKIP] 标题非科技相关，不进入详情爬取

  [36/40] 标题: 南充农商银行不良债权或抵债资产转让评估服务采购项目询价公告
      [科技识别] 标题是否科技相关: 否
      [SKIP] 标题非科技相关，不进入详情爬取

  [37/40] 标题: 松溪县森林生态银行建设与可持续经营项目-备案类
      [科技识别] 标题是否科技相关: 否
      [SKIP] 标题非科技相关，不进入详情爬取

  [38/40] 标题: 中国银行燕郊分行社会化押运服务项目成交结果公示
      [科技识别] 标题是否科技相关: 否
      [SKIP] 标题非科技相关，不进入详情爬取

  [39/40] 标题: 江西心远管理咨询有限公司关于江西赣昌农村商业银行股份有限公司赣昌农商银行高新支行二层装饰工…
      [科技识别] 标题是否科技相关: 否
      [SKIP] 标题非科技相关，不进入详情爬取

  [40/40] 标题: 招商银行采购结果公告-HE01-20260324001
      [科技识别] 标题是否科技相关: 否
      [SKIP] 标题非科技相关，不进入详情爬取

  [第 8 页]
  [DEBUG] 已检测到「条信息」，按整页详情链接解析
      [WARN] 未找到 .ssjg-leixing，info_type 将记为采招信息
  本页找到 40 条结果

  [1/40] 标题: 河南农村商业银行股份有限公司民权支行劳务派遣服务项目-废标公告
      [科技识别] 标题是否科技相关: 否
      [SKIP] 标题非科技相关，不进入详情爬取

  [2/40] 标题: 富滇银行2026年线上房地产价格指数及预估值数据采购项目招标公告
      [科技识别] 标题是否科技相关: 否
      [SKIP] 标题非科技相关，不进入详情爬取

  [3/40] 标题: 宁夏青铜峡农村商业银行股份有限公司关于吴忠市利通区东方御苑7号楼1601号出售的公告(第一…
      [科技识别] 标题是否科技相关: 否
      [SKIP] 标题非科技相关，不进入详情爬取

  [4/40] 标题: 宁夏青铜峡农村商业银行股份有限公司关于青铜峡市黄河外滩12幢02052室出售的公告(重新处…
      [科技识别] 标题是否科技相关: 否
      [SKIP] 标题非科技相关，不进入详情爬取

  [5/40] 标题: 宁夏青铜峡农村商业银行股份有限公司关于青铜峡镇解放街10营业房拍卖的公告(重新处置)
      [科技识别] 标题是否科技相关: 否
      [SKIP] 标题非科技相关，不进入详情爬取

  [6/40] 标题: 安徽凤台农村商业银行股份有限公司关于顾桥镇顾兴街地号为211001049的商住房的公告
      [科技识别] 标题是否科技相关: 否
      [SKIP] 标题非科技相关，不进入详情爬取

  [7/40] 标题: 宁夏青铜峡农村商业银行股份有限公司关于青铜峡市商城东二厅87号的公告(重新处置)
      [科技识别] 标题是否科技相关: 否
      [SKIP] 标题非科技相关，不进入详情爬取

  [8/40] 标题: 【河北银行2025年电子验印系统升级改造项目（三次）】招标公告
      [科技识别] 标题是否科技相关: 是
      [过滤-排除词] 未命中，通过
      [过滤-关键词] 包含「银行」，通过
      [OK] 通过全部筛选，进入详情爬取
    [已保存] output\2026-04-01\银行\招标公告_【河北银行2025年电子验印系统升级改造项目（三次）】招标公告_064917.json

  [9/40] 标题: 宁夏青铜峡农村商业银行股份有限公司关于永宁县万科理想新都苑东区13号楼2-1401室出售的…
      [科技识别] 标题是否科技相关: 否
      [SKIP] 标题非科技相关，不进入详情爬取

  [10/40] 标题: 宁夏青铜峡农村商业银行股份有限公司关于银川市兴庆区天下川东区47号楼1单元601室出售的公…
      [科技识别] 标题是否科技相关: 否
      [SKIP] 标题非科技相关，不进入详情爬取

  [11/40] 标题: 宁夏青铜峡农村商业银行股份有限公司关于青铜峡农商行关于青铜峡镇解放街26、28号营业房拍卖…
      [科技识别] 标题是否科技相关: 否
      [SKIP] 标题非科技相关，不进入详情爬取

  [12/40] 标题: 宁夏青铜峡农村商业银行股份有限公司关于贺兰德胜天鹅湖小镇188-k2房产处置的公告(重新处…
      [科技识别] 标题是否科技相关: 否
      [SKIP] 标题非科技相关，不进入详情爬取

  [13/40] 标题: 宁夏青铜峡农村商业银行股份有限公司关于青铜峡市叶盛镇兴盛街19号营业房出售的公告(第一次)
      [科技识别] 标题是否科技相关: 否
      [SKIP] 标题非科技相关，不进入详情爬取

  [14/40] 标题: 宁夏青铜峡农村商业银行股份有限公司关于青铜峡市建民北路208号营业房出售的公告(重新处置)
      [科技识别] 标题是否科技相关: 否
      [SKIP] 标题非科技相关，不进入详情爬取

  [15/40] 标题: 广东仁化农村商业银行股份有限公司关于仁化县大兴水电有限公司不良贷款债权的公告(第二次)
      [科技识别] 标题是否科技相关: 否
      [SKIP] 标题非科技相关，不进入详情爬取

  [16/40] 标题: 安顺农村商业银行股份有限公司2026年武装守护押运服务采购项目
      [科技识别] 标题是否科技相关: 否
      [SKIP] 标题非科技相关，不进入详情爬取

  [17/40] 标题: 泉州银行股份有限公司公务用车（别克GL8）竞价采购项目
      [科技识别] 标题是否科技相关: 否
      [SKIP] 标题非科技相关，不进入详情爬取

  [18/40] 标题: 天津银行发展史展示项目（一期）成交结果公告（项目编号：YT-TB-2026-006）
      [科技识别] 标题是否科技相关: 否
      [SKIP] 标题非科技相关，不进入详情爬取

  [19/40] 标题: 宁夏青铜峡农村商业银行股份有限公司关于吴忠市利通区文卫广场二号商网217号出售的公告(第一…
      [科技识别] 标题是否科技相关: 否
      [SKIP] 标题非科技相关，不进入详情爬取

  [20/40] 标题: 招商银行龙岩分行公交站候车亭广告投放采购项目供应商征集公告
      [科技识别] 标题是否科技相关: 否
      [SKIP] 标题非科技相关，不进入详情爬取

  [21/40] 标题: 宁夏青铜峡农村商业银行股份有限公司关于青铜峡市惠泽苑1幢01061出售的公告(重新处置)
      [科技识别] 标题是否科技相关: 否
      [SKIP] 标题非科技相关，不进入详情爬取

  [22/40] 标题: 云南寻甸农村商业银行股份有限公司地方政府专项债券“一案两书”财务咨询服务项目中标候选人公示
      [科技识别] 标题是否科技相关: 否
      [SKIP] 标题非科技相关，不进入详情爬取

  [23/40] 标题: 招商银行烟台分行采购绿植租赁服务项目供应商征集公告
      [科技识别] 标题是否科技相关: 否
      [SKIP] 标题非科技相关，不进入详情爬取

  [24/40] 标题: 江西德兴农村商业银行股份有限公司关于横峰县白沙岭两块土地的公告(再次)
      [科技识别] 标题是否科技相关: 否
      [SKIP] 标题非科技相关，不进入详情爬取

  [25/40] 标题: 重庆农村商业银行财富业务增长智能体采购项目的中标候选人公示-交易结果公示
      [科技识别] 标题是否科技相关: 否
      [SKIP] 标题非科技相关，不进入详情爬取

  [26/40] 标题: 杭州文化产权交易所关于（特价股）广东韶关始兴农村商业银行10万自然人股农商行股权农商银行分…
      [科技识别] 标题是否科技相关: 否
      [SKIP] 标题非科技相关，不进入详情爬取

  [27/40] 标题: 杭州文化产权交易所关于广东顺德农村商业银行个人股权56196股公开竞价的公告(第一次)
      [科技识别] 标题是否科技相关: 否
      [SKIP] 标题非科技相关，不进入详情爬取

  [28/40] 标题: 广汉市城勋城市更新建设有限责任公司关于采购绵阳商业银行并购贷款资产价值评估服务的市场调研函
      [科技识别] 标题是否科技相关: 否
      [SKIP] 标题非科技相关，不进入详情爬取

  [29/40] 标题: 山东汶上农村商业银行股份有限公司会计档案室密集架采购项目招标公告
      [科技识别] 标题是否科技相关: 否
      [SKIP] 标题非科技相关，不进入详情爬取

  [30/40] 标题: 淄博淄川农村商业银行股份有限公司职工体检服务项目谈判采购公告
      [科技识别] 标题是否科技相关: 否
      [SKIP] 标题非科技相关，不进入详情爬取

  [31/40] 标题: 山东周村农村商业银行股份有限公司委托清收服务律师事务所入围采购项目谈判公告
      [科技识别] 标题是否科技相关: 否
      [SKIP] 标题非科技相关，不进入详情爬取

  [32/40] 标题: 山东临沂河东农村商业银行股份有限公司2026年职工运动会运动服采购项目询比采购公告
      [科技识别] 标题是否科技相关: 否
      [SKIP] 标题非科技相关，不进入详情爬取

  [33/40] 标题: 江苏江南农村商业银行股份有限公司金坛投资集团财资通项目租赁硬件设备及配套服务项目更正公告
      [科技识别] 标题是否科技相关: 是
      [过滤-排除词] 未命中，通过
      [过滤-关键词] 包含「银行」，通过
      [OK] 通过全部筛选，进入详情爬取
    [已保存] output\2026-04-01\银行\招标公告_江苏江南农村商业银行股份有限公司金坛投资集团财资通项目租赁硬件设备及配套服务项目更正公告_064953.json

  [34/40] 标题: 河北鸡泽农村商业银行股份有限公司顶层设计优化及绩效考核体系建设采购项目招标公告
      [科技识别] 标题是否科技相关: 否
      [SKIP] 标题非科技相关，不进入详情爬取

  [35/40] 标题: 安顺农村商业银行股份有限公司2026年武装守护押运服务采购项目废标公告
      [科技识别] 标题是否科技相关: 否
      [SKIP] 标题非科技相关，不进入详情爬取

  [36/40] 标题: 中国工商银行宁波市分行国内邮递服务项目事项公告
      [科技识别] 标题是否科技相关: 否
      [SKIP] 标题非科技相关，不进入详情爬取

  [37/40] 标题: 恒丰银行烟台黄务数据中心2026-2028年物业服务采购项目中标候选人公示-HFZHJZC…
      [科技识别] 标题是否科技相关: 是
      [过滤-排除词] 命中「物业服务」→ 跳过

  [38/40] 标题: 富滇银行2026年增资扩股工作律师事务所法律服务采购项目询比采购公告
      [科技识别] 标题是否科技相关: 否
      [SKIP] 标题非科技相关，不进入详情爬取

  [39/40] 标题: 【南粤公告】广东南粤银行2026-2027年通用数据开发服务项目招标公告
      [科技识别] 标题是否科技相关: 否
      [SKIP] 标题非科技相关，不进入详情爬取

  [40/40] 标题: 中国银行本溪分行本溪市人力资源和社会保障局驻点服务项目竞争性磋商公告
      [科技识别] 标题是否科技相关: 否
      [SKIP] 标题非科技相关，不进入详情爬取

  [第 9 页]
  [DEBUG] 已检测到「条信息」，按整页详情链接解析
      [WARN] 未找到 .ssjg-leixing，info_type 将记为采招信息
  本页找到 40 条结果

  [1/40] 标题: 中国银行菏泽分行办公室选取菏泽分行办公大楼空调冷却塔更换改造集中采购项目
      [科技识别] 标题是否科技相关: 否
      [SKIP] 标题非科技相关，不进入详情爬取

  [2/40] 标题: 嘉兴银行2026年度信创网络设备框架协议采购项目中标候选人公示第2次公示-中标候选人公示
      [科技识别] 标题是否科技相关: 是
      [过滤-排除词] 未命中，通过
      [过滤-关键词] 包含「银行」，通过
      [OK] 通过全部筛选，进入详情爬取
    [已保存] output\2026-04-01\银行\中标结果_嘉兴银行2026年度信创网络设备框架协议采购项目中标候选人公示第2次公示-中标候选人公示_065115.json

  [3/40] 标题: 呼和浩特市绿色农畜产品加工产业托管银行项目中标结果公示
      [科技识别] 标题是否科技相关: 否
      [SKIP] 标题非科技相关，不进入详情爬取

  [4/40] 标题: 2026年区级社保基金竞争性存放银行招标项目谈判采购公告
      [科技识别] 标题是否科技相关: 否
      [SKIP] 标题非科技相关，不进入详情爬取

  [5/40] 标题: 【建行自采】烟台市区网点门楣清洗及离行自助银行保洁服务项目采购结果信息公开
      [科技识别] 标题是否科技相关: 否
      [SKIP] 标题非科技相关，不进入详情爬取

  [6/40] 标题: 武汉农村商业银行股份有限公司电子签名服务采购终止公告
      [科技识别] 标题是否科技相关: 否
      [SKIP] 标题非科技相关，不进入详情爬取

  [7/40] 标题: 泸州农商银行UPS电源设备采购项目招标公告
      [科技识别] 标题是否科技相关: 是
      [过滤-排除词] 未命中，通过
      [过滤-关键词] 包含「银行」，通过
      [OK] 通过全部筛选，进入详情爬取
    [已保存] output\2026-04-01\银行\招标公告_泸州农商银行UPS电源设备采购项目招标公告_065153.json

  [8/40] 标题: 中国建设银行绍兴分行新昌高新区支行支行营业用房租赁采购项目单一来源采前公示
      [科技识别] 标题是否科技相关: 否
      [SKIP] 标题非科技相关，不进入详情爬取

  [9/40] 标题: 响水农商银行党建品牌与企业文化建设咨询服务项目中标结果公告
      [科技识别] 标题是否科技相关: 否
      [SKIP] 标题非科技相关，不进入详情爬取

  [10/40] 标题: 中国人民银行清算总中心2025年北京机房工程建设项目中标结果公告
      [科技识别] 标题是否科技相关: 是
      [过滤-排除词] 未命中，通过
      [过滤-关键词] 包含「银行」，通过
      [OK] 通过全部筛选，进入详情爬取
    [已保存] output\2026-04-01\银行\招标公告_中国人民银行清算总中心2025年北京机房工程建设项目中标结果公告_065224.json

  [11/40] 标题: 四川银行自贡分行2026年第二批次个人客户积分权益线上兑换磋商公告
      [科技识别] 标题是否科技相关: 否
      [SKIP] 标题非科技相关，不进入详情爬取

  [12/40] 标题: 江苏如东农村商业银行股份有限公司2026年夏季职业服装采购项目结果公告
      [科技识别] 标题是否科技相关: 否
      [SKIP] 标题非科技相关，不进入详情爬取

  [13/40] 标题: 龙江银行保安服务入围采购项目-公开招标公告
      [科技识别] 标题是否科技相关: 否
      [SKIP] 标题非科技相关，不进入详情爬取

  [14/40] 标题: 2026年某银行资源池本地化部署建设项目标包六中标候选人公示
      [科技识别] 标题是否科技相关: 否
      [SKIP] 标题非科技相关，不进入详情爬取

  [15/40] 标题: 2026年某银行资源池本地化部署建设项目标包三中标候选人公示
      [科技识别] 标题是否科技相关: 否
      [SKIP] 标题非科技相关，不进入详情爬取

  [16/40] 标题: 2026年某银行资源池本地化部署建设项目标包二中标候选人公示
      [科技识别] 标题是否科技相关: 否
      [SKIP] 标题非科技相关，不进入详情爬取

  [17/40] 标题: 2026年某银行资源池本地化部署建设项目标包四中标候选人公示
      [科技识别] 标题是否科技相关: 否
      [SKIP] 标题非科技相关，不进入详情爬取

  [18/40] 标题: 2026年某银行资源池本地化部署建设项目标包五中标候选人公示
      [科技识别] 标题是否科技相关: 否
      [SKIP] 标题非科技相关，不进入详情爬取

  [19/40] 标题: 台山农商银行智慧校园监管对账系统项目招标公告
      [科技识别] 标题是否科技相关: 否
      [SKIP] 标题非科技相关，不进入详情爬取

  [20/40] 标题: 安义县人民法院关于某某持有的江西安义农村商业银行股份有限公司股权16499股（含孳息）（第…
      [科技识别] 标题是否科技相关: 否
      [SKIP] 标题非科技相关，不进入详情爬取

  [21/40] 标题: 中国建设银行镇江分行2026-2028年全辖食堂食材采购项目中标候选人公示
      [科技识别] 标题是否科技相关: 否
      [SKIP] 标题非科技相关，不进入详情爬取

  [22/40] 标题: 邹城农商银行南屯支行营业办公用房危房改造项目
      [科技识别] 标题是否科技相关: 否
      [SKIP] 标题非科技相关，不进入详情爬取

  [23/40] 标题: 【国家开发银行湖北省分行2026-2028年运营业务外包服务项目】招标公告
      [科技识别] 标题是否科技相关: 否
      [SKIP] 标题非科技相关，不进入详情爬取

  [24/40] 标题: 内蒙古和林格尔新区中国银行总行金融科技数据中心110千伏乐电甲、乐动甲迁改工程-2403-…
      [科技识别] 标题是否科技相关: 是
      [过滤-排除词] 未命中，通过
      [过滤-关键词] 包含「银行」，通过
      [OK] 通过全部筛选，进入详情爬取
    [已保存] output\2026-04-01\银行\招标公告_内蒙古和林格尔新区中国银行总行金融科技数据中心110千伏乐电甲、乐动甲迁改工程-2403-150123-89-01-218061_065302.json

  [25/40] 标题: 关于江苏昆山农村商业银行股份有限公司移动信贷对接特资平台优化项目采购结果公示
      [科技识别] 标题是否科技相关: 是
      [过滤-排除词] 未命中，通过
      [过滤-关键词] 包含「银行」，通过
      [OK] 通过全部筛选，进入详情爬取
    [已保存] output\2026-04-01\银行\中标结果_关于江苏昆山农村商业银行股份有限公司移动信贷对接特资平台优化项目采购结果公示_065337.json

  [26/40] 标题: 关于江苏昆山农村商业银行股份有限公司2026年五一节员工慰问品采购项目供应商征集公告(第二…
      [科技识别] 标题是否科技相关: 否
      [SKIP] 标题非科技相关，不进入详情爬取

  [27/40] 标题: 成都农村商业银行股份有限公司崇州支行资产出租公告(成交竞告〔2026〕236号)
      [科技识别] 标题是否科技相关: 否
      [SKIP] 标题非科技相关，不进入详情爬取

  [28/40] 标题: 成都银行股份有限公司资产出租公告(成交竞告〔2026〕237号)
      [科技识别] 标题是否科技相关: 否
      [SKIP] 标题非科技相关，不进入详情爬取

  [29/40] 标题: 揭阳日报社位于揭阳市榕城区晓翠路西侧内道向北揭阳日报社一层（东邻工商银行东山支行）铺面和房…
      [科技识别] 标题是否科技相关: 否
      [SKIP] 标题非科技相关，不进入详情爬取

  [30/40] 标题: 上海农商银行临港新片区分行交换机等网络设备采购项目采购结果公告
      [科技识别] 标题是否科技相关: 是
      [过滤-排除词] 未命中，通过
      [过滤-关键词] 包含「银行」，通过
      [OK] 通过全部筛选，进入详情爬取
    [已保存] output\2026-04-01\银行\中标结果_上海农商银行临港新片区分行交换机等网络设备采购项目采购结果公告_065414.json

  [31/40] 标题: 中国建设银行陕西省分行全省办公楼维修改造施工图审查服务项目供应商征集公告（三次）
      [科技识别] 标题是否科技相关: 否
      [SKIP] 标题非科技相关，不进入详情爬取

  [32/40] 标题: 中国建设银行重庆市分行奉节支行2026-2029年度外购车辆相关服务项目供应商征集公告
      [科技识别] 标题是否科技相关: 否
      [SKIP] 标题非科技相关，不进入详情爬取

  [33/40] 标题: 中国建设银行黑龙江分行关于大庆分行员工体检服务项目的供应商征集公告
      [科技识别] 标题是否科技相关: 否
      [SKIP] 标题非科技相关，不进入详情爬取

  [34/40] 标题: 中国建设银行陕西省分行本部停车位租赁服务采购项目供应商征集公告
      [科技识别] 标题是否科技相关: 否
      [SKIP] 标题非科技相关，不进入详情爬取

  [35/40] 标题: 中国建设银行股份有限公司江西省分行关于全省逾期非不良类个人住房贷款、不良类个人贷款委外催收…
      [科技识别] 标题是否科技相关: 否
      [SKIP] 标题非科技相关，不进入详情爬取

  [36/40] 标题: 中国银行股份有限公司湖滨支行（江头支行拟迁新址）装修工程结果公示
      [科技识别] 标题是否科技相关: 否
      [SKIP] 标题非科技相关，不进入详情爬取

  [37/40] 标题: 中国银行湖南省分行法院破产管理人业务项目招标公告
      [科技识别] 标题是否科技相关: 否
      [SKIP] 标题非科技相关，不进入详情爬取

  [38/40] 标题: 中国银行股份有限公司重庆市分行重庆分行2026-2027年度外聘律所资格入围项目【分包8，…
      [科技识别] 标题是否科技相关: 否
      [SKIP] 标题非科技相关，不进入详情爬取

  [39/40] 标题: 中国银行股份有限公司云南省分行昆明地区支行（网点）物业管理服务项目招标公告
      [科技识别] 标题是否科技相关: 否
      [SKIP] 标题非科技相关，不进入详情爬取

  [40/40] 标题: 中国银行股份有限公司重庆市分行重庆分行2026-2027年度外聘律所资格入围项目【分包4，…
      [科技识别] 标题是否科技相关: 否
      [SKIP] 标题非科技相关，不进入详情爬取

  [第 10 页]
  [DEBUG] 已检测到「条信息」，按整页详情链接解析
      [WARN] 未找到 .ssjg-leixing，info_type 将记为采招信息
  本页找到 40 条结果

  [1/40] 标题: 河北巨鹿农村商业银行股份有限公司监控中心外包服务项目-项目公告
      [科技识别] 标题是否科技相关: 否
      [SKIP] 标题非科技相关，不进入详情爬取

  [2/40] 标题: 中通服建设有限公司四川农村商业联合银行股份有限公司黄舣数据中心机房专项工程（一期）施工总承…
      [科技识别] 标题是否科技相关: 否
      [SKIP] 标题非科技相关，不进入详情爬取

  [3/40] 标题: 兴业银行济宁分行关于2026年委托律所催收信用卡逾期项目供应商征集的公告
      [科技识别] 标题是否科技相关: 否
      [SKIP] 标题非科技相关，不进入详情爬取

  [4/40] 标题: 四川天府银行股份有限公司成都分行保安服务外包项目成交结果公告
      [科技识别] 标题是否科技相关: 否
      [SKIP] 标题非科技相关，不进入详情爬取

  [5/40] 标题: 山西怀仁农村商业银行股份有限公司关于朔州市瑀丰国际商贸广场财富中心的公告(第一次)
      [科技识别] 标题是否科技相关: 否
      [SKIP] 标题非科技相关，不进入详情爬取

  [6/40] 标题: 甘谷县农村信用合作联社关于2026年4月-甘肃农商银行甘谷支行（原甘谷县联社）优质资产推介…
      [科技识别] 标题是否科技相关: 否
      [SKIP] 标题非科技相关，不进入详情爬取

  [7/40] 标题: 兰州银行01关于兰州新区纬十八路以南、纬十六路以北、经十四路以东、东绕城以西土地使用权范围…
      [科技识别] 标题是否科技相关: 否
      [SKIP] 标题非科技相关，不进入详情爬取

  [8/40] 标题: 吉林蛟河农村商业银行股份有限公司关于胡宇名下房产租赁权拍卖的公告(第一次)
      [科技识别] 标题是否科技相关: 否
      [SKIP] 标题非科技相关，不进入详情爬取

  [9/40] 标题: 兰州银行01关于甘肃省白银市靖远县北城区滨河路1号1幢2室转让的公告
      [科技识别] 标题是否科技相关: 否
      [SKIP] 标题非科技相关，不进入详情爬取

  [10/40] 标题: 兰州银行01关于甘肃省白银市靖远县北城区滨河路1号1幢1室的公告
      [科技识别] 标题是否科技相关: 否
      [SKIP] 标题非科技相关，不进入详情爬取

  [11/40] 标题: 中国光大银行股份有限公司福州分行2026年常年法律顾问服务采购项目招标公告
      [科技识别] 标题是否科技相关: 否
      [SKIP] 标题非科技相关，不进入详情爬取

  [12/40] 标题: 哈尔滨银行借记卡银联跨行转接业务相关系统升级改造项目单一来源采购公告
      [科技识别] 标题是否科技相关: 是
      [过滤-排除词] 未命中，通过
      [过滤-关键词] 包含「银行」，通过
      [OK] 通过全部筛选，进入详情爬取
    [PDF] 路由拦截成功，共 345003 字节
    [PDF] 响应拦截解析完成，共 2414 字
    [已保存] output\2026-04-01\银行\招标公告_哈尔滨银行借记卡银联跨行转接业务相关系统升级改造项目单一来源采购公告_065544.json

  [13/40] 标题: 恒丰银行2026年度存储资源池扩容项目竞争性磋商公告
      [科技识别] 标题是否科技相关: 否
      [SKIP] 标题非科技相关，不进入详情爬取

  [14/40] 标题: 恒丰银行连云港东海支行（筹）家具采购项目竞争性磋商公告
      [科技识别] 标题是否科技相关: 否
      [SKIP] 标题非科技相关，不进入详情爬取

  [15/40] 标题: 北京银行天津分行2026年至2029年废旧资产回收处置项目中标候选人公示
      [科技识别] 标题是否科技相关: 否
      [SKIP] 标题非科技相关，不进入详情爬取

  [16/40] 标题: 武汉农村商业银行泛金融SaaS云服务平台企业年度使用费单价采购项目单一来源采购公示
      [科技识别] 标题是否科技相关: 是
      [过滤-排除词] 未命中，通过
      [过滤-关键词] 包含「银行」，通过
      [OK] 通过全部筛选，进入详情爬取
    [已保存] output\2026-04-01\银行\招标公告_武汉农村商业银行泛金融SaaS云服务平台企业年度使用费单价采购项目单一来源采购公示_065613.json

  [17/40] 标题: 中国农业发展银行湘西自治州分行本级食堂外包服务采购项目中标候选人公示
      [科技识别] 标题是否科技相关: 否
      [SKIP] 标题非科技相关，不进入详情爬取

  [18/40] 标题: 四川银行2026年数据类技术组件框架采购项目中标结果公示
      [科技识别] 标题是否科技相关: 否
      [SKIP] 标题非科技相关，不进入详情爬取

  [19/40] 标题: 兴业银行关于连云港分行2026年食堂管理服务外包项目采购方案结果公告
      [科技识别] 标题是否科技相关: 否
      [SKIP] 标题非科技相关，不进入详情爬取

  [20/40] 标题: 兴业银行盐城分行本部大楼部分区域零星改造项目-装修工程采购结果公告
      [科技识别] 标题是否科技相关: 否
      [SKIP] 标题非科技相关，不进入详情爬取

  [21/40] 标题: 兴业银行北京分行2026年第一期客户资产提升营销活动采购项目中标候选人公示
      [科技识别] 标题是否科技相关: 否
      [SKIP] 标题非科技相关，不进入详情爬取

  [22/40] 标题: 中国光大银行东莞分行2026年4月至2027年3月分支行厨工服务外包项目成交公告
      [科技识别] 标题是否科技相关: 否
      [SKIP] 标题非科技相关，不进入详情爬取

  [23/40] 标题: 恒丰银行2026年度存储资源池扩容项目采购公告
      [科技识别] 标题是否科技相关: 否
      [SKIP] 标题非科技相关，不进入详情爬取

  [24/40] 标题: 枝江市城市更新农业银行小区建设项目备案
      [科技识别] 标题是否科技相关: 否
      [SKIP] 标题非科技相关，不进入详情爬取

  [25/40] 标题: 广发银行肇庆分行现金清分外包项目的采购公告（第二次）
      [科技识别] 标题是否科技相关: 否
      [SKIP] 标题非科技相关，不进入详情爬取

  [26/40] 标题: 绍兴银行劳动路数据中心及总行UPS电池采购项目中标候选人公示
      [科技识别] 标题是否科技相关: 是
      [过滤-排除词] 未命中，通过
      [过滤-关键词] 包含「银行」，通过
      [OK] 通过全部筛选，进入详情爬取
    [已保存] output\2026-04-01\银行\中标结果_绍兴银行劳动路数据中心及总行UPS电池采购项目中标候选人公示_065644.json

  [27/40] 标题: 恒丰银行连云港东海支行（筹）家具采购项目采购公告
      [科技识别] 标题是否科技相关: 否
      [SKIP] 标题非科技相关，不进入详情爬取

  [28/40] 标题: 阜阳颍东农村商业银行股份有限公司持有的阜阳路佑商贸有限公司债权转让-成交公告
      [科技识别] 标题是否科技相关: 否
      [SKIP] 标题非科技相关，不进入详情爬取

  [29/40] 标题: 宁波市五一培训学校基本户开户银行招标项目招标公告-【宁波市】
      [科技识别] 标题是否科技相关: 否
      [SKIP] 标题非科技相关，不进入详情爬取

  [30/40] 标题: 河北巨鹿农村商业银行股份有限公司监控中心外包服务项目-项目公告
      [科技识别] 标题是否科技相关: 否
      [SKIP] 标题非科技相关，不进入详情爬取

  [31/40] 标题: 鄂尔多斯银行企业网银USBKey采购项目实行单一来源采购方式的公示
      [科技识别] 标题是否科技相关: 否
      [SKIP] 标题非科技相关，不进入详情爬取

  [32/40] 标题: 中国邮政储蓄银行2026—2029年中海海嘉中心餐饮服务采购项目（包1：二层餐厅）公开招标…
      [科技识别] 标题是否科技相关: 否
      [SKIP] 标题非科技相关，不进入详情爬取

  [33/40] 标题: 中国人民银行蚌埠市分行关于复印机配件的网上超市采购项目成交公告
      [科技识别] 标题是否科技相关: 否
      [SKIP] 标题非科技相关，不进入详情爬取

  [34/40] 标题: 河南正阳农村商业银行股份有限公司客户经理外包项目中标候选人公示
      [科技识别] 标题是否科技相关: 否
      [SKIP] 标题非科技相关，不进入详情爬取

  [35/40] 标题: 中国邮政储蓄银行2026—2029年中海海嘉中心餐饮服务采购项目（包2：三层餐厅）公开招标…
      [科技识别] 标题是否科技相关: 否
      [SKIP] 标题非科技相关，不进入详情爬取

  [36/40] 标题: 江西明台项目咨询管理有限公司关于江西进贤农村商业银行股份有限公司进贤农商银行瓷器采购项目（…
      [科技识别] 标题是否科技相关: 否
      [SKIP] 标题非科技相关，不进入详情爬取

  [37/40] 标题: 广发银行肇庆分行现金清分外包项目的采购公告（第二次）
      [科技识别] 标题是否科技相关: 否
      [SKIP] 标题非科技相关，不进入详情爬取

  [38/40] 标题: 泉州分行“广发银行泉州分行二层员工食堂厨师团队项目”的采购公告
      [科技识别] 标题是否科技相关: 否
      [SKIP] 标题非科技相关，不进入详情爬取

  [39/40] 标题: 江西明台项目咨询管理有限公司关于江西进贤农村商业银行股份有限公司进贤农商银行筋膜枪采购项目…
      [科技识别] 标题是否科技相关: 否
      [SKIP] 标题非科技相关，不进入详情爬取

  [40/40] 标题: 江西明台项目咨询管理有限公司关于江西进贤农村商业银行股份有限公司进贤农商银行冲牙器采购项目…
      [科技识别] 标题是否科技相关: 否
      [SKIP] 标题非科技相关，不进入详情爬取

  [第 11 页]
  [DEBUG] 已检测到「条信息」，按整页详情链接解析
      [WARN] 未找到 .ssjg-leixing，info_type 将记为采招信息
  本页找到 40 条结果

  [1/40] 标题: 崇左市江州区本级国库集中支付及工资统发业务代理银行服务项目-招标公告
      [科技识别] 标题是否科技相关: 否
      [SKIP] 标题非科技相关，不进入详情爬取

  [2/40] 标题: 中国进出口银行福建省分行2026年驾驶服务外包项目成交结果公告
      [科技识别] 标题是否科技相关: 否
      [SKIP] 标题非科技相关，不进入详情爬取

  [3/40] 标题: 江西国际公司坦桑尼亚银行姆万扎校区综合楼项目施工机具及杂货询价采购的中标公告
      [科技识别] 标题是否科技相关: 否
      [SKIP] 标题非科技相关，不进入详情爬取

  [4/40] 标题: 陵川县太行村镇银行股份有限公司维修改造装修工程成交结果公告
      [科技识别] 标题是否科技相关: 否
      [SKIP] 标题非科技相关，不进入详情爬取

  [5/40] 标题: 招商银行北京分行采购结果公告-BJ01-20260324003
      [科技识别] 标题是否科技相关: 否
      [SKIP] 标题非科技相关，不进入详情爬取

  [6/40] 标题: 关于招商银行总部大厦项目酒店项目精装修管理服务的终止招标的公告
      [科技识别] 标题是否科技相关: 否
      [SKIP] 标题非科技相关，不进入详情爬取

  [7/40] 标题: 阜阳颍东农村商业银行股份有限公司持有的阜阳市驰正建筑劳务有限公司债权转让
      [科技识别] 标题是否科技相关: 否
      [SKIP] 标题非科技相关，不进入详情爬取

  [8/40] 标题: 阜阳颍东农村商业银行股份有限公司持有的阜阳路佑商贸有限公司债权转让
      [科技识别] 标题是否科技相关: 否
      [SKIP] 标题非科技相关，不进入详情爬取

  [9/40] 标题: 阜阳颍东农村商业银行股份有限公司持有的安徽祥源公园城开发有限公司债权转让
      [科技识别] 标题是否科技相关: 否
      [SKIP] 标题非科技相关，不进入详情爬取

  [10/40] 标题: 阜阳颍东农村商业银行股份有限公司持有的阜阳穹达建筑安装工程有限公司债权转让
      [科技识别] 标题是否科技相关: 否
      [SKIP] 标题非科技相关，不进入详情爬取

  [11/40] 标题: 阜阳颍东农村商业银行股份有限公司持有的阜阳家香装饰有限公司债权转让
      [科技识别] 标题是否科技相关: 否
      [SKIP] 标题非科技相关，不进入详情爬取

  [12/40] 标题: 阜阳颍东农村商业银行股份有限公司持有的阜阳市百和商贸有限公司债权转让
      [科技识别] 标题是否科技相关: 否
      [SKIP] 标题非科技相关，不进入详情爬取

  [13/40] 标题: 阜阳颍东农村商业银行股份有限公司持有的阜阳市金宏家电有限公司债权转让
      [科技识别] 标题是否科技相关: 否
      [SKIP] 标题非科技相关，不进入详情爬取

  [14/40] 标题: 国家开发银行湖北省分行2026-2028年运营业务外包服务项目(GXTC-C-260500…
      [科技识别] 标题是否科技相关: 否
      [SKIP] 标题非科技相关，不进入详情爬取

  [15/40] 标题: 阜阳颍东农村商业银行股份有限公司持有的安徽三环管业有限公司债权转让
      [科技识别] 标题是否科技相关: 否
      [SKIP] 标题非科技相关，不进入详情爬取

  [16/40] 标题: 中国建设银行股份有限公司北京市分行展览路支行装修项目
      [科技识别] 标题是否科技相关: 否
      [SKIP] 标题非科技相关，不进入详情爬取

  [17/40] 标题: 恒丰银行2026-2028年总行济南食堂食材入围采购项目中标结果公示-HFZHJZCG20…
      [科技识别] 标题是否科技相关: 否
      [SKIP] 标题非科技相关，不进入详情爬取

  [18/40] 标题: 恒丰银行总行济南区域桶装水入围项目中标候选人公示-HFZHJZCG202602025
      [科技识别] 标题是否科技相关: 否
      [SKIP] 标题非科技相关，不进入详情爬取

  [19/40] 标题: 广西大化农村商业银行股份有限公司羌圩支行营业厅装修工程（项目编号:BYZB2026-C2-…
      [科技识别] 标题是否科技相关: 否
      [SKIP] 标题非科技相关，不进入详情爬取

  [20/40] 标题: 颍上农商银行2025年贷款核销审核鉴证服务采购项目中标结果公示
      [科技识别] 标题是否科技相关: 否
      [SKIP] 标题非科技相关，不进入详情爬取

  [21/40] 标题: 简阳农商银行车辆采购项目项目公告
      [科技识别] 标题是否科技相关: 否
      [SKIP] 标题非科技相关，不进入详情爬取

  [22/40] 标题: 中国工商银行宁波市分行城市职业技术学院智慧财务管理平台项目事项公告
      [科技识别] 标题是否科技相关: 否
      [SKIP] 标题非科技相关，不进入详情爬取

  [23/40] 标题: 中国工商银行宁波市分行宁波市第二医院信息化提质增效系统开发服务项目事项公告
      [科技识别] 标题是否科技相关: 是
      [过滤-排除词] 未命中，通过
      [过滤-关键词] 包含「银行」，通过
      [OK] 通过全部筛选，进入详情爬取
    [已保存] output\2026-04-01\银行\招标公告_中国工商银行宁波市分行宁波市第二医院信息化提质增效系统开发服务项目事项公告_065816.json

  [24/40] 标题: 江苏如东农村商业银行股份有限公司2026年夏装职业服装采购项目中标（成交）结果公告
      [科技识别] 标题是否科技相关: 否
      [SKIP] 标题非科技相关，不进入详情爬取

  [25/40] 标题: 贵州银行遵义分行其他安装采购项目(2026年网点门头制作安装)澄清通知
      [科技识别] 标题是否科技相关: 否
      [SKIP] 标题非科技相关，不进入详情爬取

  [26/40] 标题: 贵州银行黔东南分行2025年度招标代理机构后评价结果公告
      [科技识别] 标题是否科技相关: 否
      [SKIP] 标题非科技相关，不进入详情爬取

  [27/40] 标题: 湖南银行2025年总行统一采购分行桌面即时制卡设备和便携即时制卡设备项目（桌面即时制卡设备…
      [科技识别] 标题是否科技相关: 否
      [SKIP] 标题非科技相关，不进入详情爬取

  [28/40] 标题: 温州银行股份有限公司关于2026大模型算力设备租用及托管服务项目的中标(成交)结果公告
      [科技识别] 标题是否科技相关: 是
      [过滤-排除词] 命中「租用」→ 跳过

  [29/40] 标题: 温州银行股份有限公司关于2026年金融债券发行牵头主承销商竞争性谈判的中标(成交)结果公告
      [科技识别] 标题是否科技相关: 否
      [SKIP] 标题非科技相关，不进入详情爬取

  [30/40] 标题: 湖南银行IC借记卡及个人化印制采购项目招标公告
      [科技识别] 标题是否科技相关: 否
      [SKIP] 标题非科技相关，不进入详情爬取

  [31/40] 标题: 温州银行股份有限公司关于邮件网关、邮件归档设备维保服务项目的中标(成交)结果公告
      [科技识别] 标题是否科技相关: 否
      [SKIP] 标题非科技相关，不进入详情爬取

  [32/40] 标题: 中国银行保险监督管理委员会湛江监管分局处置2026年报废一批固定资产项目的公告
      [科技识别] 标题是否科技相关: 否
      [SKIP] 标题非科技相关，不进入详情爬取

  [33/40] 标题: 温州银行股份有限公司关于WPS文字处理软件及文档中台场地授权项目的中标(成交)结果公告
      [科技识别] 标题是否科技相关: 是
      [过滤-排除词] 未命中，通过
      [过滤-关键词] 包含「银行」，通过
      [OK] 通过全部筛选，进入详情爬取
    [已保存] output\2026-04-01\银行\中标结果_温州银行股份有限公司关于WPS文字处理软件及文档中台场地授权项目的中标(成交)结果公告_065852.json

  [34/40] 标题: 湖南银行2025年总行统一采购分行桌面即时制卡设备和便携即时制卡设备项目（便携即时制卡设备…
      [科技识别] 标题是否科技相关: 否
      [SKIP] 标题非科技相关，不进入详情爬取

  [35/40] 标题: 陵川县太行村镇银行股份有限公司维修改造装修工程成交结果公告
      [科技识别] 标题是否科技相关: 否
      [SKIP] 标题非科技相关，不进入详情爬取

  [36/40] 标题: 青海省农商银行（农信社）系统2026年度通用软件采购项目-国产中间件-东方通废标公告
      [科技识别] 标题是否科技相关: 是
      [过滤-排除词] 未命中，通过
      [过滤-关键词] 包含「银行」，通过
      [OK] 通过全部筛选，进入详情爬取
    [已保存] output\2026-04-01\银行\招标公告_青海省农商银行（农信社）系统2026年度通用软件采购项目-国产中间件-东方通废标公告_065929.json

  [37/40] 标题: 【河北正定农村商业银行股份有限公司新营业部装修项目】中标候选人公示
      [科技识别] 标题是否科技相关: 否
      [SKIP] 标题非科技相关，不进入详情爬取

  [38/40] 标题: 哈尔滨银行双鸭山分行劳务外包服务项目中标结果公告
      [科技识别] 标题是否科技相关: 否
      [SKIP] 标题非科技相关，不进入详情爬取

  [39/40] 标题: 中国银行股份有限公司淄博沂源支行选取沂源县第四中学、沂源县南麻街道办事处中心小学智慧校园项…
      [科技识别] 标题是否科技相关: 否
      [SKIP] 标题非科技相关，不进入详情爬取

  [40/40] 标题: 亚洲开发银行贷款丝绸之路沿线地区生态治理与保护项目甘肃子项庆阳市森林防火专用车采购第三次投…
      [科技识别] 标题是否科技相关: 否
      [SKIP] 标题非科技相关，不进入详情爬取

  [第 12 页]
  [DEBUG] 已检测到「条信息」，按整页详情链接解析
      [WARN] 未找到 .ssjg-leixing，info_type 将记为采招信息
  本页找到 40 条结果

  [1/40] 标题: 阜南农商银行保安服务采购项目招标公告
      [科技识别] 标题是否科技相关: 否
      [SKIP] 标题非科技相关，不进入详情爬取

  [2/40] 标题: 招商银行南宁分行员工宿舍住房服务供应商征集公告
      [科技识别] 标题是否科技相关: 否
      [SKIP] 标题非科技相关，不进入详情爬取

  [3/40] 标题: 招商银行昆明分行“楼盘字典”生态系统及价值报告采购供应商征集公告
      [科技识别] 标题是否科技相关: 否
      [SKIP] 标题非科技相关，不进入详情爬取

  [4/40] 标题: 黑龙江林口农村商业银行股份有限公司10处房地产分5包分别转让交易公告
      [科技识别] 标题是否科技相关: 否
      [SKIP] 标题非科技相关，不进入详情爬取

  [5/40] 标题: 中国建设银行南通分行关于如东岔河支行业务经营用房租赁采购单一来源采前公示
      [科技识别] 标题是否科技相关: 否
      [SKIP] 标题非科技相关，不进入详情爬取

  [6/40] 标题: 河南农村商业银行股份有限公司辉县支行视频会议室LED显示屏采购项目竞争性磋商公告
      [科技识别] 标题是否科技相关: 否
      [SKIP] 标题非科技相关，不进入详情爬取

  [7/40] 标题: 【河北正定农村商业银行股份有限公司新营业部装修项目】中标候选人公示
      [科技识别] 标题是否科技相关: 否
      [SKIP] 标题非科技相关，不进入详情爬取

  [8/40] 标题: 渤海银行2026年度公司治理境外法律顾问采购项目成交公示（项目编号：0747-2660SC…
      [科技识别] 标题是否科技相关: 否
      [SKIP] 标题非科技相关，不进入详情爬取

  [9/40] 标题: 安徽望江农村商业银行股份有限公司关于望江县凉泉乡韩店村望太公路泊湖路口部分房屋出租的公告(…
      [科技识别] 标题是否科技相关: 否
      [SKIP] 标题非科技相关，不进入详情爬取

  [10/40] 标题: 安徽望江农村商业银行股份有限公司关于望江县华阳镇龙湖商贸城14号楼U53幢1单元303部分…
      [科技识别] 标题是否科技相关: 否
      [SKIP] 标题非科技相关，不进入详情爬取

  [11/40] 标题: 安徽望江农村商业银行股份有限公司关于望江县华阳镇府园花1幢3室一层部分出租的公告(第一次)
      [科技识别] 标题是否科技相关: 否
      [SKIP] 标题非科技相关，不进入详情爬取

  [12/40] 标题: 中银富登村镇银行股份有限公司2026-2028年等级保护测评&移动APP检测认证项目招标公…
      [科技识别] 标题是否科技相关: 否
      [SKIP] 标题非科技相关，不进入详情爬取

  [13/40] 标题: 安徽望江农村商业银行股份有限公司关于望江县华阳镇府园花1幢3室2至3层出租的公告(第一次)
      [科技识别] 标题是否科技相关: 否
      [SKIP] 标题非科技相关，不进入详情爬取

  [14/40] 标题: 安徽望江农村商业银行股份有限公司关于望江县华阳镇府园花1幢3室一层部分出租的公告(第一次)
      [科技识别] 标题是否科技相关: 否
      [SKIP] 标题非科技相关，不进入详情爬取

  [15/40] 标题: 兰州银行01关于甘肃省白银市靖远县北滩乡杜寨村宏运社301号（109国道旁）1幢1至3层转…
      [科技识别] 标题是否科技相关: 否
      [SKIP] 标题非科技相关，不进入详情爬取

  [16/40] 标题: 兰州银行01关于甘肃省白银市靖远县国道109线南侧2号1幢1层转让的公告
      [科技识别] 标题是否科技相关: 否
      [SKIP] 标题非科技相关，不进入详情爬取

  [17/40] 标题: 龙江银行伊春分行2026年办公用品、打印纸等公杂类采购项目-公开招标公告
      [科技识别] 标题是否科技相关: 否
      [SKIP] 标题非科技相关，不进入详情爬取

  [18/40] 标题: 交通银行河南省分行本部驾驶员服务项目中标结果公告
      [科技识别] 标题是否科技相关: 否
      [SKIP] 标题非科技相关，不进入详情爬取

  [19/40] 标题: 辽宁农村商业银行股份有限公司辽阳县支行保安员服务采购项目中标候选人公示
      [科技识别] 标题是否科技相关: 否
      [SKIP] 标题非科技相关，不进入详情爬取

  [20/40] 标题: 泰兴农村商业银行西片区厅堂服务外包项目招标公告
      [科技识别] 标题是否科技相关: 否
      [SKIP] 标题非科技相关，不进入详情爬取

  [21/40] 标题: 金华银行老旧存储替换项目（第三次招标）中标结果公告
      [科技识别] 标题是否科技相关: 否
      [SKIP] 标题非科技相关，不进入详情爬取

  [22/40] 标题: 国家开发银行湖北省分行2026-2028年运营外包服务项目招标公告
      [科技识别] 标题是否科技相关: 否
      [SKIP] 标题非科技相关，不进入详情爬取

  [23/40] 标题: 辽宁农商银行北票支行守库押运服务采购项目结果公示
      [科技识别] 标题是否科技相关: 否
      [SKIP] 标题非科技相关，不进入详情爬取

  [24/40] 标题: 广州农村商业银行2026-2027年信息系统渗透测试服务项目招标公告
      [科技识别] 标题是否科技相关: 是
      [过滤-排除词] 未命中，通过
      [过滤-关键词] 包含「银行」，通过
      [OK] 通过全部筛选，进入详情爬取
    [已保存] output\2026-04-01\银行\招标公告_广州农村商业银行2026-2027年信息系统渗透测试服务项目招标公告_070101.json

  [25/40] 标题: 广州农村商业银行2026年企业宣传册制作采购项目供应商征集公告
      [科技识别] 标题是否科技相关: 否
      [SKIP] 标题非科技相关，不进入详情爬取

  [26/40] 标题: 广州农村商业银行2026年金融云平台信创资源池网络扩容项目供应商征集公告
      [科技识别] 标题是否科技相关: 是
      [过滤-排除词] 未命中，通过
      [过滤-关键词] 包含「银行」，通过
      [OK] 通过全部筛选，进入详情爬取
    [已保存] output\2026-04-01\银行\招标公告_广州农村商业银行2026年金融云平台信创资源池网络扩容项目供应商征集公告_070137.json

  [27/40] 标题: 亚洲开发银行贷款重庆创新与人力资源发展示范项目-5G通信工程实训室设备采购（合同编号：GC…
      [科技识别] 标题是否科技相关: 否
      [SKIP] 标题非科技相关，不进入详情爬取

  [28/40] 标题: 天津银行2026-2027年度国产存储维保-中标结果公示
      [科技识别] 标题是否科技相关: 否
      [SKIP] 标题非科技相关，不进入详情爬取

  [29/40] 标题: 中国邮政储蓄银行股份有限公司新乡市分行全区保洁服务采购项目（标段七）(第2次招标)公开招标…
      [科技识别] 标题是否科技相关: 否
      [SKIP] 标题非科技相关，不进入详情爬取

  [30/40] 标题: 中国邮政储蓄银行娄底、张家界市分行营销宣传服务供应商入围项目中标结果公告
      [科技识别] 标题是否科技相关: 否
      [SKIP] 标题非科技相关，不进入详情爬取

  [31/40] 标题: 中国人民银行遵义市分行红花岗区新华路132号和碧云路54号至60号临街门面招租
      [科技识别] 标题是否科技相关: 否
      [SKIP] 标题非科技相关，不进入详情爬取

  [32/40] 标题: 成都银行数据中心集中式存储扩容、网络交换机和新核心业务系统分布式数据库采购项目招标公告
      [科技识别] 标题是否科技相关: 是
      [过滤-排除词] 未命中，通过
      [过滤-关键词] 包含「银行」，通过
      [OK] 通过全部筛选，进入详情爬取
    [已保存] output\2026-04-01\银行\招标公告_成都银行数据中心集中式存储扩容、网络交换机和新核心业务系统分布式数据库采购项目招标公告_070213.json

  [33/40] 标题: 【北京农商银行2026-2029年信息科技开发类软件外包服务商价格入围项目】中标结果公示
      [科技识别] 标题是否科技相关: 是
      [过滤-排除词] 未命中，通过
      [过滤-关键词] 包含「银行」，通过
      [OK] 通过全部筛选，进入详情爬取
    [已保存] output\2026-04-01\银行\中标结果_【北京农商银行2026-2029年信息科技开发类软件外包服务商价格入围项目】中标结果公示_070242.json

  [34/40] 标题: 长安银行股份有限公司西咸新区分行车辆采购项目（三次）成交结果公示
      [科技识别] 标题是否科技相关: 否
      [SKIP] 标题非科技相关，不进入详情爬取

  [35/40] 标题: 重庆农村商业银行财富业务增长智能体采购项目的中标结果公示
      [科技识别] 标题是否科技相关: 否
      [SKIP] 标题非科技相关，不进入详情爬取

  [36/40] 标题: 长安银行股份有限公司营业部新址装修工程项目门头、LED屏工程施工竞争性磋商公告
      [科技识别] 标题是否科技相关: 否
      [SKIP] 标题非科技相关，不进入详情爬取

  [37/40] 标题: 中国工商银行安徽省分行智慧收单场景设备采购项目答疑公告03
      [科技识别] 标题是否科技相关: 否
      [SKIP] 标题非科技相关，不进入详情爬取

  [38/40] 标题: 兴业银行合肥分行关于空调类零星维修保养项目供应商征集公告
      [科技识别] 标题是否科技相关: 否
      [SKIP] 标题非科技相关，不进入详情爬取

  [39/40] 标题: 兴业银行关于2026—2027年度数据中心网络设备备件及技术服务项目供应商征集调研公告
      [科技识别] 标题是否科技相关: 是
      [过滤-排除词] 未命中，通过
      [过滤-关键词] 包含「银行」，通过
      [OK] 通过全部筛选，进入详情爬取
    [已保存] output\2026-04-01\银行\招标公告_兴业银行关于2026—2027年度数据中心网络设备备件及技术服务项目供应商征集调研公告_070320.json

  [40/40] 标题: 宁波银行总部二期项目油漆班组招标方案任务
      [科技识别] 标题是否科技相关: 否
      [SKIP] 标题非科技相关，不进入详情爬取

  [第 13 页]
  [DEBUG] 已检测到「条信息」，按整页详情链接解析
      [WARN] 未找到 .ssjg-leixing，info_type 将记为采招信息
  本页找到 40 条结果

  [1/40] 标题: 兴业银行合肥分行关于装修类零星维修项目（二次）供应商征集公告
      [科技识别] 标题是否科技相关: 否
      [SKIP] 标题非科技相关，不进入详情爬取

  [2/40] 标题: 兴业银行龙岩分行关于2026年度运营商专线租用预算及框架合同采购项目供应商征集公告
      [科技识别] 标题是否科技相关: 否
      [SKIP] 标题非科技相关，不进入详情爬取

  [3/40] 标题: 杨凌示范区住房和城乡建设局二手房交易资金监管银行服务项目招标公告
      [科技识别] 标题是否科技相关: 否
      [SKIP] 标题非科技相关，不进入详情爬取

  [4/40] 标题: 达州银行股份有限公司巴中支行武装押运服务项目采购结果公告-2026-04-01
      [科技识别] 标题是否科技相关: 否
      [SKIP] 标题非科技相关，不进入详情爬取

  [5/40] 标题: 中国工商银行江苏省分行宿迁分行“建筑工人实名制”打卡设备三期采购项目招标公告
      [科技识别] 标题是否科技相关: 否
      [SKIP] 标题非科技相关，不进入详情爬取

  [6/40] 标题: 中国银行股份有限公司深圳市分行深圳市光明区人民医院第二期银医合作项目
      [科技识别] 标题是否科技相关: 否
      [SKIP] 标题非科技相关，不进入详情爬取

  [7/40] 标题: 浙江国际招投标有限公司关于杭州之江未来城开发建设有限公司基本存款账户开户银行招标项目的公开…
      [科技识别] 标题是否科技相关: 否
      [SKIP] 标题非科技相关，不进入详情爬取

  [8/40] 标题: 中信银行北京分行个人及公司（含普惠）授信业务押品评估服务采购项目入围结果公示
      [科技识别] 标题是否科技相关: 否
      [SKIP] 标题非科技相关，不进入详情爬取

  [9/40] 标题: 内蒙古农村商业银行股份有限公司数据库、中间件及备份软硬件维保【第一次重新招标】招标公告
      [科技识别] 标题是否科技相关: 是
      [过滤-排除词] 未命中，通过
      [过滤-关键词] 包含「银行」，通过
      [OK] 通过全部筛选，进入详情爬取
    [已保存] output\2026-04-01\银行\招标公告_内蒙古农村商业银行股份有限公司数据库、中间件及备份软硬件维保【第一次重新招标】招标公告_070449.json

  [10/40] 标题: 广东五华农村商业银行股份有限公司外部催收机构入围采购项目中标公告
      [科技识别] 标题是否科技相关: 否
      [SKIP] 标题非科技相关，不进入详情爬取

  [11/40] 标题: 内蒙古农村商业银行股份有限公司金桥数据中心扩容建设项目（硬件采购-防火墙及负载均衡设备）（…
      [科技识别] 标题是否科技相关: 是
      [过滤-排除词] 未命中，通过
      [过滤-关键词] 包含「银行」，通过
      [OK] 通过全部筛选，进入详情爬取
    [已保存] output\2026-04-01\银行\招标公告_内蒙古农村商业银行股份有限公司金桥数据中心扩容建设项目（硬件采购-防火墙及负载均衡设备）（防火墙设备）【第一次重新招标】招标公告_070527.json

  [12/40] 标题: 渤海银行2026年度公司治理境外法律顾问采购项目成交公示（项目编号：0747-2660SC…
      [科技识别] 标题是否科技相关: 否
      [SKIP] 标题非科技相关，不进入详情爬取

  [13/40] 标题: 渤海银行流量采集高级功能设备采购项目成交公示
      [科技识别] 标题是否科技相关: 否
      [SKIP] 标题非科技相关，不进入详情爬取

  [14/40] 标题: 河北黄骅农村商业银行股份有限公司员工工装定制项目招标公告
      [科技识别] 标题是否科技相关: 否
      [SKIP] 标题非科技相关，不进入详情爬取

  [15/40] 标题: 中国人民银行遵义市分行红花岗区新华路132号和碧云路54号至60号临街门面招租
      [科技识别] 标题是否科技相关: 否
      [SKIP] 标题非科技相关，不进入详情爬取

  [16/40] 标题: 建设银行福建省分行关于征集残损币兑换仪供应商的公告
      [科技识别] 标题是否科技相关: 否
      [SKIP] 标题非科技相关，不进入详情爬取

  [17/40] 标题: 重庆农村商业银行财富业务增长智能体采购项目的中标结果公示
      [科技识别] 标题是否科技相关: 否
      [SKIP] 标题非科技相关，不进入详情爬取

  [18/40] 标题: 山西古县农村商业银行股份有限公司消防设施维保服务采购项目(001标段)竞争性磋商公告
      [科技识别] 标题是否科技相关: 否
      [SKIP] 标题非科技相关，不进入详情爬取

  [19/40] 标题: 2026年中国联通黑龙江省哈尔滨市分公司龙江银行全行联网安全管理平台建设项目公开招标公告
      [科技识别] 标题是否科技相关: 是
      [过滤-排除词] 未命中，通过
      [过滤-关键词] 包含「银行」，通过
      [OK] 通过全部筛选，进入详情爬取
    [已保存] output\2026-04-01\银行\招标公告_2026年中国联通黑龙江省哈尔滨市分公司龙江银行全行联网安全管理平台建设项目公开招标公告_070603.json

  [20/40] 标题: 河北霸州农村商业银行股份有限公司信安支行新建营业楼项目（EPC工程总承包）招标公告
      [科技识别] 标题是否科技相关: 否
      [SKIP] 标题非科技相关，不进入详情爬取

  [21/40] 标题: 东莞银行2025年先进暨2026年开门红表彰大会项目成交结果公告
      [科技识别] 标题是否科技相关: 否
      [SKIP] 标题非科技相关，不进入详情爬取

  [22/40] 标题: 中国银行股份有限公司百色分行物业服务采购项目更改通知（一）
      [科技识别] 标题是否科技相关: 否
      [SKIP] 标题非科技相关，不进入详情爬取

  [23/40] 标题: 中国银行保险监督管理委员会吴忠监管分局处置中国银行保险监督管理委员会吴忠监管分局电子设备处…
      [科技识别] 标题是否科技相关: 否
      [SKIP] 标题非科技相关，不进入详情爬取

  [24/40] 标题: 广东四建亚洲开发银行贷款湖南省湘西州农村环境整治和绿色发展项目永顺县芙蓉镇、青坪镇农贸市场…
      [科技识别] 标题是否科技相关: 否
      [SKIP] 标题非科技相关，不进入详情爬取

  [25/40] 标题: 中国移动通信集团内蒙古有限公司鄂尔多斯分公司2026年鄂尔多斯银行无线安全管理系统设备采购…
      [科技识别] 标题是否科技相关: 否
      [SKIP] 标题非科技相关，不进入详情爬取

  [26/40] 标题: 中国建设银行天津市分行大港同盛支行营业用房租赁项目单一来源采前公示
      [科技识别] 标题是否科技相关: 否
      [SKIP] 标题非科技相关，不进入详情爬取

  [27/40] 标题: 中国建设银行天津市分行南开泾水园支行营业用房租赁项目单一来源采前公示
      [科技识别] 标题是否科技相关: 否
      [SKIP] 标题非科技相关，不进入详情爬取

  [28/40] 标题: 中国建设银行天津市分行河西曲江路支行营业用房租赁项目单一来源采前公示
      [科技识别] 标题是否科技相关: 否
      [SKIP] 标题非科技相关，不进入详情爬取

  [29/40] 标题: 中国建设银行天津市分行大港阳春里支行营业用房租赁项目单一来源采前公示
      [科技识别] 标题是否科技相关: 否
      [SKIP] 标题非科技相关，不进入详情爬取

  [30/40] 标题: 中国建设银行天津市分行西青蓝玉支行营业用房租赁项目单一来源采前公示
      [科技识别] 标题是否科技相关: 否
      [SKIP] 标题非科技相关，不进入详情爬取

  [31/40] 标题: 广东五华农村商业银行股份有限公司外部催收机构入围采购项目中标公告
      [科技识别] 标题是否科技相关: 否
      [SKIP] 标题非科技相关，不进入详情爬取

  [32/40] 标题: 中信银行股份有限公司信手书证书服务专项支出项目软件产品采购项目招标公告
      [科技识别] 标题是否科技相关: 是
      [过滤-排除词] 未命中，通过
      [过滤-关键词] 包含「银行」，通过
      [OK] 通过全部筛选，进入详情爬取
    [已保存] output\2026-04-01\银行\招标公告_中信银行股份有限公司信手书证书服务专项支出项目软件产品采购项目招标公告_070639.json

  [33/40] 标题: 中国邮政储蓄银行股份有限公司赣州市分行某县住房保障管理平台集成建设项目成交候选人公示
      [科技识别] 标题是否科技相关: 是
      [过滤-排除词] 未命中，通过
      [过滤-关键词] 包含「银行」，通过
      [OK] 通过全部筛选，进入详情爬取
    [已保存] output\2026-04-01\银行\中标结果_中国邮政储蓄银行股份有限公司赣州市分行某县住房保障管理平台集成建设项目成交候选人公示_070716.json

  [34/40] 标题: 中信银行重庆分行2026-2029年全行日常快递服务项目招标公告
      [科技识别] 标题是否科技相关: 否
      [SKIP] 标题非科技相关，不进入详情爬取

  [35/40] 标题: 中信银行股份有限公司智慧柜台PAD设备采购项目招标公告
      [科技识别] 标题是否科技相关: 否
      [SKIP] 标题非科技相关，不进入详情爬取

  [36/40] 标题: 亚洲开发银行贷款重庆创新与人力资源发展示范项目-工业互联网工程实训室设备采购（合同编号：G…
      [科技识别] 标题是否科技相关: 否
      [SKIP] 标题非科技相关，不进入详情爬取

  [37/40] 标题: 兴业银行连云港分行2026年度安保服务的采购方案结果公告
      [科技识别] 标题是否科技相关: 否
      [SKIP] 标题非科技相关，不进入详情爬取

  [38/40] 标题: 浙商银行股份有限公司济南分行关于浙商银行济南分行地铁广告服务采购的中标(成交)结果公告
      [科技识别] 标题是否科技相关: 否
      [SKIP] 标题非科技相关，不进入详情爬取

  [39/40] 标题: 泰兴农村商业银行客户服务中心业务外包服务项目招标公告
      [科技识别] 标题是否科技相关: 否
      [SKIP] 标题非科技相关，不进入详情爬取

  [40/40] 标题: 关于兴业银行深圳分行龙华支行、前海湾支行网点智慧屏幕项目采购结果的公告
      [科技识别] 标题是否科技相关: 否
      [SKIP] 标题非科技相关，不进入详情爬取

  [第 14 页]
  [DEBUG] 已检测到「条信息」，按整页详情链接解析
      [WARN] 未找到 .ssjg-leixing，info_type 将记为采招信息
  本页找到 40 条结果

  [1/40] 标题: 吉林银行2026-2028年度供应链动产融资业务数字监管公司入围选聘项目中标结果公告
      [科技识别] 标题是否科技相关: 否
      [SKIP] 标题非科技相关，不进入详情爬取

  [2/40] 标题: 泰兴农村商业银行东片区厅堂服务外包项目招标公告
      [科技识别] 标题是否科技相关: 否
      [SKIP] 标题非科技相关，不进入详情爬取

  [3/40] 标题: 2026-2027年度宁波银行金华分行洗衣服务采购项目召集公告
      [科技识别] 标题是否科技相关: 否
      [SKIP] 标题非科技相关，不进入详情爬取

  [4/40] 标题: 关于兴业银行深圳分行2026年员工春秋游活动采购项目采购结果的公告
      [科技识别] 标题是否科技相关: 否
      [SKIP] 标题非科技相关，不进入详情爬取

  [5/40] 标题: 天津银行2026-2027年银联云闪付手机pay通道运维托管服务-成交结果公示
      [科技识别] 标题是否科技相关: 否
      [SKIP] 标题非科技相关，不进入详情爬取

  [6/40] 标题: 中国农业发展银行华蓥市支行2026-2028年劳务外包服务项目中标结果公告
      [科技识别] 标题是否科技相关: 否
      [SKIP] 标题非科技相关，不进入详情爬取

  [7/40] 标题: 嘉兴银行2026年度信创网络设备框架协议采购项目更正公告二
      [科技识别] 标题是否科技相关: 是
      [过滤-排除词] 未命中，通过
      [过滤-关键词] 包含「银行」，通过
      [OK] 通过全部筛选，进入详情爬取
    [已保存] output\2026-04-01\银行\招标公告_嘉兴银行2026年度信创网络设备框架协议采购项目更正公告二_070840.json

  [8/40] 标题: 中国光大银行股份有限公司沈阳分行零售授信业务合作评估机构入围采购项目-二次公告
      [科技识别] 标题是否科技相关: 否
      [SKIP] 标题非科技相关，不进入详情爬取

  [9/40] 标题: 西安市高陵区通远街道办事处中国工商银行高陵数据中心项目清表竞争性磋商公告
      [科技识别] 标题是否科技相关: 是
      [过滤-排除词] 未命中，通过
      [过滤-关键词] 包含「银行」，通过
      [OK] 通过全部筛选，进入详情爬取
    [已保存] output\2026-04-01\银行\招标公告_西安市高陵区通远街道办事处中国工商银行高陵数据中心项目清表竞争性磋商公告_070917.json

  [10/40] 标题: 中国银行股份有限公司北京市分行北京中医药大学东方医院行政事业医疗场景建设类固定资产项目（四…
      [科技识别] 标题是否科技相关: 否
      [SKIP] 标题非科技相关，不进入详情爬取

  [11/40] 标题: 中国银行股份有限公司苏州分行2026-2027年度中银大厦本部员工行服洗涤项目采购邀请公告
      [科技识别] 标题是否科技相关: 否
      [SKIP] 标题非科技相关，不进入详情爬取

  [12/40] 标题: 国家金融监督管理总局乌兰察布监管分局2025年银行业消费者权益保护服务区建设项目-2601…
      [科技识别] 标题是否科技相关: 否
      [SKIP] 标题非科技相关，不进入详情爬取

  [13/40] 标题: 晋中开发区农村商业银行关于榆次区乌金山镇小峪口村厂房及机器设备处置的公告(第三次)
      [科技识别] 标题是否科技相关: 否
      [SKIP] 标题非科技相关，不进入详情爬取

  [14/40] 标题: 象山县农村信用合作联社关于象山农商银行丹阳路房产出租竞买公告的公告(第一次)
      [科技识别] 标题是否科技相关: 否
      [SKIP] 标题非科技相关，不进入详情爬取

  [15/40] 标题: 中国邮政储蓄银行四川省分行四川大学审计系统技术服务项目中标候选人公示
      [科技识别] 标题是否科技相关: 否
      [SKIP] 标题非科技相关，不进入详情爬取

  [16/40] 标题: 兰州银行01关于甘肃省定西市陇西县首阳镇永宁路北侧房屋/商铺/住宅的公告
      [科技识别] 标题是否科技相关: 否
      [SKIP] 标题非科技相关，不进入详情爬取

  [17/40] 标题: 中国邮政储蓄银行四川省分行攀枝花市中心医院智慧医院建设技术服务项目(第2次招标)中标候选人…
      [科技识别] 标题是否科技相关: 否
      [SKIP] 标题非科技相关，不进入详情爬取

  [18/40] 标题: 兰州银行01关于甘肃省定西市陇西县文峰镇交通路19号开元公司综合楼二层B13-B18室转让…
      [科技识别] 标题是否科技相关: 否
      [SKIP] 标题非科技相关，不进入详情爬取

  [19/40] 标题: 兰州银行01关于甘肃省定西市陇西县通安驿镇高阳村沟儿川社土地转让的公告
      [科技识别] 标题是否科技相关: 否
      [SKIP] 标题非科技相关，不进入详情爬取

  [20/40] 标题: 兰州银行01关于甘肃省定西市陇西县巩昌镇长安路以北海天花园B区四号楼一层商铺的公告
      [科技识别] 标题是否科技相关: 否
      [SKIP] 标题非科技相关，不进入详情爬取

  [21/40] 标题: 兰州银行01关于甘肃省定西市陇西县巩昌镇长安路南侧原ABC综合楼12-201（B段）商铺转…
      [科技识别] 标题是否科技相关: 否
      [SKIP] 标题非科技相关，不进入详情爬取

  [22/40] 标题: 海港人寿驻马店支公司与中国农业银行驻马店分行技能提升辅导项目结果公示
      [科技识别] 标题是否科技相关: 否
      [SKIP] 标题非科技相关，不进入详情爬取

  [23/40] 标题: 中国联通兴安盟分公司2026年某银行信息化改造维护项目（二次）询比采购公告
      [科技识别] 标题是否科技相关: 是
      [过滤-排除词] 未命中，通过
      [过滤-关键词] 包含「银行」，通过
      [OK] 通过全部筛选，进入详情爬取
    [已保存] output\2026-04-01\银行\招标公告_中国联通兴安盟分公司2026年某银行信息化改造维护项目（二次）询比采购公告_070955.json

  [24/40] 标题: 西安市高陵区通远街道办事处中国工商银行高陵数据中心项目清表竞争性磋商公告-2026-04-…
      [科技识别] 标题是否科技相关: 是
      [过滤-排除词] 未命中，通过
      [过滤-关键词] 包含「银行」，通过
      [OK] 通过全部筛选，进入详情爬取
    [已保存] output\2026-04-01\银行\招标公告_西安市高陵区通远街道办事处中国工商银行高陵数据中心项目清表竞争性磋商公告-2026-04-01_071030.json

  [25/40] 标题: 莱商银行重要空白凭证采购项目（二次）竞争性磋商公告
      [科技识别] 标题是否科技相关: 否
      [SKIP] 标题非科技相关，不进入详情爬取

  [26/40] 标题: 北京银行天津分行2026年至2029年废旧资产回收处置项目中标候选人公示
      [科技识别] 标题是否科技相关: 否
      [SKIP] 标题非科技相关，不进入详情爬取

  [27/40] 标题: 承办中国建设银行贵州省分行相关培训项目采购保险（二次）竞价成交公告
      [科技识别] 标题是否科技相关: 否
      [SKIP] 标题非科技相关，不进入详情爬取

  [28/40] 标题: 浙江省财开集团有限公司合作银行库增补项目招标公告
      [科技识别] 标题是否科技相关: 否
      [SKIP] 标题非科技相关，不进入详情爬取

  [29/40] 标题: 安徽怀远农村商业银行股份有限公司荆芡支行营业用房装饰工程项目中标结果公告
      [科技识别] 标题是否科技相关: 否
      [SKIP] 标题非科技相关，不进入详情爬取

  [30/40] 标题: 盂县农商银行孙家庄支行拆除重建营业用房项目施工中标候选人公示
      [科技识别] 标题是否科技相关: 否
      [SKIP] 标题非科技相关，不进入详情爬取

  [31/40] 标题: 安徽怀远农村商业银行股份有限公司沈郢分理处营业用房装饰工程项目中标结果公告
      [科技识别] 标题是否科技相关: 否
      [SKIP] 标题非科技相关，不进入详情爬取

  [32/40] 标题: 成都银行“成都市商品房预售款监管服务平台”银行端特色系统软件服务采购项目中标结果公告
      [科技识别] 标题是否科技相关: 是
      [过滤-排除词] 未命中，通过
      [过滤-关键词] 包含「银行」，通过
      [OK] 通过全部筛选，进入详情爬取
    [已保存] output\2026-04-01\银行\中标结果_成都银行“成都市商品房预售款监管服务平台”银行端特色系统软件服务采购项目中标结果公告_071101.json

  [33/40] 标题: 中国人民银行蚌埠市分行关于平板电脑配件的网上超市采购项目成交公告
      [科技识别] 标题是否科技相关: 否
      [SKIP] 标题非科技相关，不进入详情爬取

  [34/40] 标题: 中国人民银行蚌埠市分行关于数据连接线的网上超市采购项目成交公告
      [科技识别] 标题是否科技相关: 否
      [SKIP] 标题非科技相关，不进入详情爬取

  [35/40] 标题: 中国进出口银行安徽省分行机房精密空调等设备维保项目谈判公告
      [科技识别] 标题是否科技相关: 否
      [SKIP] 标题非科技相关，不进入详情爬取

  [36/40] 标题: 中国人民银行合肥中心支行关于香皂的网上超市采购项目成交公告
      [科技识别] 标题是否科技相关: 否
      [SKIP] 标题非科技相关，不进入详情爬取

  [37/40] 标题: 恒丰银行烟台分行食堂食材供应商入围采购结果公示
      [科技识别] 标题是否科技相关: 否
      [SKIP] 标题非科技相关，不进入详情爬取

  [38/40] 标题: 长宁竹海农商银行中医院银医直连系统采购项目单一来源采购公示-2026-04-01
      [科技识别] 标题是否科技相关: 否
      [SKIP] 标题非科技相关，不进入详情爬取

  [39/40] 标题: 齐鲁银行终端安全管理系统项目POC测试供应商征集公告
      [科技识别] 标题是否科技相关: 否
      [SKIP] 标题非科技相关，不进入详情爬取

  [40/40] 标题: J53A00426001069云南省省级职工住房资金管理中心住房公积金受委托贷款银行遴选项…
      [科技识别] 标题是否科技相关: 否
      [SKIP] 标题非科技相关，不进入详情爬取

  [第 15 页]
  [DEBUG] 已检测到「条信息」，按整页详情链接解析
      [WARN] 未找到 .ssjg-leixing，info_type 将记为采招信息
  本页找到 40 条结果

  [1/40] 标题: 兰州银行01关于甘肃省定西市陇西县巩昌镇北环路以北丽苑新城六号楼两套住宅转让的公告
      [科技识别] 标题是否科技相关: 否
      [SKIP] 标题非科技相关，不进入详情爬取

  [2/40] 标题: 西宁农商银行宣传品采购项目项目终止公告
      [科技识别] 标题是否科技相关: 否
      [SKIP] 标题非科技相关，不进入详情爬取

  [3/40] 标题: 关于江苏昆山农村商业银行股份有限公司2026年工会会员普惠活动实物礼品采购项目采购结果公示
      [科技识别] 标题是否科技相关: 否
      [SKIP] 标题非科技相关，不进入详情爬取

  [4/40] 标题: 温州银行股份有限公司关于恒升数仓EAST数据检核平台的信创改造项目的中标(成交)结果公告
      [科技识别] 标题是否科技相关: 是
      [过滤-排除词] 未命中，通过
      [过滤-关键词] 包含「银行」，通过
      [OK] 通过全部筛选，进入详情爬取
    [已保存] output\2026-04-01\银行\中标结果_温州银行股份有限公司关于恒升数仓EAST数据检核平台的信创改造项目的中标(成交)结果公告_071229.json

  [5/40] 标题: 温州银行股份有限公司关于理财资管系统改造项目（2026年）的中标(成交)结果公告
      [科技识别] 标题是否科技相关: 是
      [过滤-排除词] 未命中，通过
      [过滤-关键词] 包含「银行」，通过
      [OK] 通过全部筛选，进入详情爬取
    [已保存] output\2026-04-01\银行\中标结果_温州银行股份有限公司关于理财资管系统改造项目（2026年）的中标(成交)结果公告_071306.json

  [6/40] 标题: 温州银行股份有限公司关于报文清算GFIX航贸链平台对接需求项目的中标(成交)结果公告
      [科技识别] 标题是否科技相关: 是
      [过滤-排除词] 未命中，通过
      [过滤-关键词] 包含「银行」，通过
      [OK] 通过全部筛选，进入详情爬取
    [已保存] output\2026-04-01\银行\中标结果_温州银行股份有限公司关于报文清算GFIX航贸链平台对接需求项目的中标(成交)结果公告_071342.json

  [7/40] 标题: 保定市莲池区农大西街154号房屋及河北农业大学西校区物业楼西南角自助银行用房租赁权拍卖公告
      [科技识别] 标题是否科技相关: 否
      [SKIP] 标题非科技相关，不进入详情爬取

  [8/40] 标题: 温州银行股份有限公司关于烟草数据采购项目的中标(成交)结果公告
      [科技识别] 标题是否科技相关: 否
      [SKIP] 标题非科技相关，不进入详情爬取

  [9/40] 标题: 温州银行股份有限公司关于云上温行线上营业厅改造（2026）项目的中标(成交)结果公告
      [科技识别] 标题是否科技相关: 否
      [SKIP] 标题非科技相关，不进入详情爬取

  [10/40] 标题: 福建海峡银行漳州分行2026-2027年度法律顾问服务项目供应商征集公告
      [科技识别] 标题是否科技相关: 否
      [SKIP] 标题非科技相关，不进入详情爬取

  [11/40] 标题: 浙商银行股份有限公司济南分行关于浙商银行济南分行地铁广告服务采购的中标(成交)结果公告
      [科技识别] 标题是否科技相关: 否
      [SKIP] 标题非科技相关，不进入详情爬取

  [12/40] 标题: 广州农村商业银行总部大楼大会议室设备采购项目供应商征集公告
      [科技识别] 标题是否科技相关: 否
      [SKIP] 标题非科技相关，不进入详情爬取

  [13/40] 标题: 2025年网点机房、自助银行UPS电源采购（二次）2025年网点机房、自助银行UPS电源采…
      [科技识别] 标题是否科技相关: 是
      [过滤-排除词] 未命中，通过
      [过滤-关键词] 包含「银行」，通过
      [OK] 通过全部筛选，进入详情爬取
    [已保存] output\2026-04-01\银行\招标公告_2025年网点机房、自助银行UPS电源采购（二次）2025年网点机房、自助银行UPS电源采购（二次）交易证明书_071418.json

  [14/40] 标题: 泰安市总工会资金存放银行及泰安市工人文化宫基本账户开户银行选定项目公开招标公告
      [科技识别] 标题是否科技相关: 否
      [SKIP] 标题非科技相关，不进入详情爬取

  [15/40] 标题: 辽宁农村商业银行股份有限公司抚顺中心支行抵债资产公开拍卖竞买公告
      [科技识别] 标题是否科技相关: 否
      [SKIP] 标题非科技相关，不进入详情爬取

  [16/40] 标题: 中国民生银行股份有限公司广州分行户外及体育活动类服务采购项目评审结果公示
      [科技识别] 标题是否科技相关: 否
      [SKIP] 标题非科技相关，不进入详情爬取

  [17/40] 标题: 中国五冶兴业银行贵安新区数据中心(一期)建筑工程施工项目钢结构工程详图设计服务（二批次）采…
      [科技识别] 标题是否科技相关: 否
      [SKIP] 标题非科技相关，不进入详情爬取

  [18/40] 标题: 招商银行台州分行关于公开征集机房七联集成机柜维保供应商的公告
      [科技识别] 标题是否科技相关: 是
      [过滤-排除词] 未命中，通过
      [过滤-关键词] 包含「银行」，通过
      [OK] 通过全部筛选，进入详情爬取
    [已保存] output\2026-04-01\银行\招标公告_招商银行台州分行关于公开征集机房七联集成机柜维保供应商的公告_071456.json

  [19/40] 标题: 招商银行合肥分行关于货币防伪反假培训及效果测评项目供应商入库的征集公告
      [科技识别] 标题是否科技相关: 否
      [SKIP] 标题非科技相关，不进入详情爬取

  [20/40] 标题: 招商银行温州分行外包派遣服务供应商征集公告
      [科技识别] 标题是否科技相关: 否
      [SKIP] 标题非科技相关，不进入详情爬取

  [21/40] 标题: 招商银行烟台分行“招"杭"有约·钱塘相聚”重点公司客户活动项目供应商征集公告
      [科技识别] 标题是否科技相关: 否
      [SKIP] 标题非科技相关，不进入详情爬取

  [22/40] 标题: 渤海银行国产化长亭应用防火墙WAF采购项目单一来源采购公示
      [科技识别] 标题是否科技相关: 是
      [过滤-排除词] 未命中，通过
      [过滤-关键词] 包含「银行」，通过
      [OK] 通过全部筛选，进入详情爬取
    [已保存] output\2026-04-01\银行\招标公告_渤海银行国产化长亭应用防火墙WAF采购项目单一来源采购公示_071532.json

  [23/40] 标题: 杭州文化产权交易所关于浙江衢州开化农村商业银行自然人股权125297股公开竞价的公告(第一…
      [科技识别] 标题是否科技相关: 否
      [SKIP] 标题非科技相关，不进入详情爬取

  [24/40] 标题: 巴中农商银行劳务派遣用工服务采购项目招标公告
      [科技识别] 标题是否科技相关: 否
      [SKIP] 标题非科技相关，不进入详情爬取

  [25/40] 标题: 关于“广发银行股份有限公司沈阳分行现金整点、清分及自助设备运营服务项目”的采购公告
      [科技识别] 标题是否科技相关: 否
      [SKIP] 标题非科技相关，不进入详情爬取

  [26/40] 标题: 深圳市地铁集团有限公司轨道交通22号线、15号线、25号线项目贷款银行选聘项目采购公告
      [科技识别] 标题是否科技相关: 否
      [SKIP] 标题非科技相关，不进入详情爬取

  [27/40] 标题: 兴业银行北京分行关于区域基金投资管理系统项目供应商征集调研公告
      [科技识别] 标题是否科技相关: 否
      [SKIP] 标题非科技相关，不进入详情爬取

  [28/40] 标题: 甘肃银行股份有限公司张掖分行关于民乐县永鑫小区C14号商住楼（2）幢204、205、206…
      [科技识别] 标题是否科技相关: 否
      [SKIP] 标题非科技相关，不进入详情爬取

  [29/40] 标题: 上海银行司库产品团队外包入围采购项目-上海银行司库产品团队外包入围采购项目中标候选人公示
      [科技识别] 标题是否科技相关: 否
      [SKIP] 标题非科技相关，不进入详情爬取

  [30/40] 标题: 中国建设银行镇江分行2026年移动式银行服务亭租赁服务项目中标候选人公示
      [科技识别] 标题是否科技相关: 否
      [SKIP] 标题非科技相关，不进入详情爬取

  [31/40] 标题: 中山分行“广发银行中山分行大楼地下室维修工程项目”的采购公告
      [科技识别] 标题是否科技相关: 否
      [SKIP] 标题非科技相关，不进入详情爬取

  [32/40] 标题: 余姚农村商业银行2026-2027年度（电子设备类）网络设备采购入围项目公告
      [科技识别] 标题是否科技相关: 是
      [过滤-排除词] 未命中，通过
      [过滤-关键词] 包含「银行」，通过
      [OK] 通过全部筛选，进入详情爬取
    [已保存] output\2026-04-01\银行\招标公告_余姚农村商业银行2026-2027年度（电子设备类）网络设备采购入围项目公告_071609.json

  [33/40] 标题: 中国建设银行广东省分行阳江市分行空调维修保养项目供应商公开征集
      [科技识别] 标题是否科技相关: 否
      [SKIP] 标题非科技相关，不进入详情爬取

  [34/40] 标题: 中国建设银行黑龙江分行关于哈尔滨地区车辆维修服务项目的供应商征集公告
      [科技识别] 标题是否科技相关: 否
      [SKIP] 标题非科技相关，不进入详情爬取

  [35/40] 标题: 中国工商银行股份有限公司河北省分行唐山曹妃甸自贸区支行营业用房装修项目
      [科技识别] 标题是否科技相关: 否
      [SKIP] 标题非科技相关，不进入详情爬取

  [36/40] 标题: 中国建设银行鞍山分行办公室关于2026年广告需求供应商征集公告
      [科技识别] 标题是否科技相关: 否
      [SKIP] 标题非科技相关，不进入详情爬取

  [37/40] 标题: 中国建设银行佛山市汾江档案库租赁采购项目供应商征集公告
      [科技识别] 标题是否科技相关: 否
      [SKIP] 标题非科技相关，不进入详情爬取

  [38/40] 标题: ？成都银行数据中心集中式存储扩容、网络交换机和新核心业务系统分布式数据库采购项目采购公告
      [科技识别] 标题是否科技相关: 是
      [过滤-排除词] 未命中，通过
      [过滤-关键词] 包含「银行」，通过
      [OK] 通过全部筛选，进入详情爬取
    [已保存] output\2026-04-01\银行\招标公告_？成都银行数据中心集中式存储扩容、网络交换机和新核心业务系统分布式数据库采购项目采购公告_071646.json

  [39/40] 标题: 中国工商银行股份有限公司河北省分行唐山曹妃甸自贸区支行营业用房装修项目中标候选人公示
      [科技识别] 标题是否科技相关: 否
      [SKIP] 标题非科技相关，不进入详情爬取

  [40/40] 标题: 兰州银行股份有限公司恒通支行名下位于甘肃省兰州市城关区临夏路街道临夏路187号2层001室…
      [科技识别] 标题是否科技相关: 否
      [SKIP] 标题非科技相关，不进入详情爬取

  [第 16 页]
  [DEBUG] 已检测到「条信息」，按整页详情链接解析
      [WARN] 未找到 .ssjg-leixing，info_type 将记为采招信息
  本页找到 40 条结果

  [1/40] 标题: 世界银行中国市场伙伴实施基金赠款项目碳定价技术专家（CCER与碳税）咨询服务招标公告
      [科技识别] 标题是否科技相关: 否
      [SKIP] 标题非科技相关，不进入详情爬取

  [2/40] 标题: 世界银行中国市场伙伴实施基金赠款项目碳定价技术专家（ETS）咨询服务招标公告
      [科技识别] 标题是否科技相关: 否
      [SKIP] 标题非科技相关，不进入详情爬取

  [3/40] 标题: 辽宁农村商业银行股份有限公司宽甸支行优质资产公开拍卖公告
      [科技识别] 标题是否科技相关: 否
      [SKIP] 标题非科技相关，不进入详情爬取

  [4/40] 标题: 辽宁大石桥隆丰村镇银行股份有限公司抵债资产拍卖
      [科技识别] 标题是否科技相关: 否
      [SKIP] 标题非科技相关，不进入详情爬取

  [5/40] 标题: 世界银行中国市场伙伴实施基金赠款项目环境与社会专家咨询服务招标公告
      [科技识别] 标题是否科技相关: 否
      [SKIP] 标题非科技相关，不进入详情爬取

  [6/40] 标题: 世界银行中国市场伙伴实施基金赠款项目采购专家咨询服务招标公告
      [科技识别] 标题是否科技相关: 否
      [SKIP] 标题非科技相关，不进入详情爬取

  [7/40] 标题: 恒丰银行黄务数据中心机房二期扩容建设施工项目恒丰银行黄务数据中心机房二期扩容建设施工项目
      [科技识别] 标题是否科技相关: 是
      [过滤-排除词] 未命中，通过
      [过滤-关键词] 包含「银行」，通过
      [OK] 通过全部筛选，进入详情爬取
    [已保存] output\2026-04-01\银行\招标公告_恒丰银行黄务数据中心机房二期扩容建设施工项目恒丰银行黄务数据中心机房二期扩容建设施工项目_071813.json

  [8/40] 标题: 古蔺农商银行UPS电源设备采购项目（第三次）中标结果公告
      [科技识别] 标题是否科技相关: 是
      [过滤-排除词] 未命中，通过
      [过滤-关键词] 包含「银行」，通过
      [OK] 通过全部筛选，进入详情爬取
    [已保存] output\2026-04-01\银行\中标结果_古蔺农商银行UPS电源设备采购项目（第三次）中标结果公告_071843.json

  [9/40] 标题: 兴业银行西安分行2026年员工城墙越野赛活动项目采购结果公告
      [科技识别] 标题是否科技相关: 否
      [SKIP] 标题非科技相关，不进入详情爬取

  [10/40] 标题: 贵州银行贵阳分行其他安装采购项目（2025年-2026年营业网点门头制作安装）
      [科技识别] 标题是否科技相关: 否
      [SKIP] 标题非科技相关，不进入详情爬取

  [11/40] 标题: 甘肃银行股份有限公司张掖分行关于民乐县永鑫小区C14号商住楼（2）幢101、201、202…
      [科技识别] 标题是否科技相关: 否
      [SKIP] 标题非科技相关，不进入详情爬取

  [12/40] 标题: 中国银行股份有限公司昌吉州分行阜康市支行职工食堂食材采购项目采购邀请公告
      [科技识别] 标题是否科技相关: 否
      [SKIP] 标题非科技相关，不进入详情爬取

  [13/40] 标题: 中国银行股份有限公司昌吉州分行五家渠市支行职工食堂食材采购项目采购邀请公告
      [科技识别] 标题是否科技相关: 否
      [SKIP] 标题非科技相关，不进入详情爬取

  [14/40] 标题: 中国银行股份有限公司昌吉州分行玛纳斯县支行职工食堂食材采购项目采购邀请公告
      [科技识别] 标题是否科技相关: 否
      [SKIP] 标题非科技相关，不进入详情爬取

  [15/40] 标题: 广东华润银行股份有限公司肇庆分行华润银行肇庆分行关于2026-2028年度个金业务营销宣传…
      [科技识别] 标题是否科技相关: 否
      [SKIP] 标题非科技相关，不进入详情爬取

  [16/40] 标题: 河北银行零售客户营销标准化管理系统采购项目中标结果公告
      [科技识别] 标题是否科技相关: 否
      [SKIP] 标题非科技相关，不进入详情爬取

  [17/40] 标题: 泰安岱岳农村商业银行股份有限公司零售业务营销赋能服务采购项目直接采购成交结果公告
      [科技识别] 标题是否科技相关: 否
      [SKIP] 标题非科技相关，不进入详情爬取

  [18/40] 标题: 兰州银行股份有限公司白银分行名下位于甘肃省白银市白银区东星街87号1幢1层1-（02-1）…
      [科技识别] 标题是否科技相关: 否
      [SKIP] 标题非科技相关，不进入详情爬取

  [19/40] 标题: 中标结果发布|上海农商银行营销礼品采购结果公告
      [科技识别] 标题是否科技相关: 否
      [SKIP] 标题非科技相关，不进入详情爬取

  [20/40] 标题: 兰州银行股份有限公司白银分行名下位于甘肃省白银市平川区开发路东侧，东至世纪大道、西至开发路…
      [科技识别] 标题是否科技相关: 否
      [SKIP] 标题非科技相关，不进入详情爬取

  [21/40] 标题: 广发银行股份有限公司宁波分行食堂所需原材料供应及配送项目招标公告
      [科技识别] 标题是否科技相关: 否
      [SKIP] 标题非科技相关，不进入详情爬取

  [22/40] 标题: 招标公告|江苏如皋农村商业银行股份有限公司2026年福利物资采购项目供应商征集公告
      [科技识别] 标题是否科技相关: 否
      [SKIP] 标题非科技相关，不进入详情爬取

  [23/40] 标题: 关于交通银行南昌高新科技支行提升改造项目企业投资项目备案的业务
      [科技识别] 标题是否科技相关: 否
      [SKIP] 标题非科技相关，不进入详情爬取

  [24/40] 标题: 青岛农商银行智能风控外部数据采购项目(二次采购)废标公告-异常公告
      [科技识别] 标题是否科技相关: 否
      [SKIP] 标题非科技相关，不进入详情爬取

  [25/40] 标题: 恒丰银行总行济南区域桶装水入围项目中标候选人公示
      [科技识别] 标题是否科技相关: 否
      [SKIP] 标题非科技相关，不进入详情爬取

  [26/40] 标题: 阳春市财政局财政统发工资、非税收入财政专户业务代理银行资格采购项目采购中标结果公示
      [科技识别] 标题是否科技相关: 否
      [SKIP] 标题非科技相关，不进入详情爬取

  [27/40] 标题: 邢台银行邯郸东城科技支行装修项目-邢台银行邯郸东城科技支行装修项目
      [科技识别] 标题是否科技相关: 否
      [SKIP] 标题非科技相关，不进入详情爬取

  [28/40] 标题: 贵州银行贵阳分行其他安装采购项目（2025年-2026年营业网点门头制作安装）招标采购公告…
      [科技识别] 标题是否科技相关: 否
      [SKIP] 标题非科技相关，不进入详情爬取

  [29/40] 标题: 中信银行天津分行国际业务快递服务采购项目变更公告
      [科技识别] 标题是否科技相关: 否
      [SKIP] 标题非科技相关，不进入详情爬取

  [30/40] 标题: 兰州银行股份有限公司恒通支行名下位于甘肃省兰州市城关区雁南街道雁宁路395号5层001室商…
      [科技识别] 标题是否科技相关: 否
      [SKIP] 标题非科技相关，不进入详情爬取

  [31/40] 标题: 兰州银行股份有限公司恒通支行名下位于海口市龙华区滨海大道32号新外滩复兴城第3层C3030…
      [科技识别] 标题是否科技相关: 否
      [SKIP] 标题非科技相关，不进入详情爬取

  [32/40] 标题: 兰州银行股份有限公司白银分行名下位于甘肃省白银市白银区兰州路65号-21幢（11）10幢2…
      [科技识别] 标题是否科技相关: 否
      [SKIP] 标题非科技相关，不进入详情爬取

  [33/40] 标题: 兰州银行股份有限公司科技支行名下位于辽宁省鞍山市铁东区五一路38号1层商铺公开竞价公告
      [科技识别] 标题是否科技相关: 否
      [SKIP] 标题非科技相关，不进入详情爬取

  [34/40] 标题: 兰州农商银行关于兰州市城关区酒泉路街道静宁南路175-4号第二层002室的商业用房进行公开…
      [科技识别] 标题是否科技相关: 否
      [SKIP] 标题非科技相关，不进入详情爬取

  [35/40] 标题: 北京农商银行客户资金流水核查系统功能优化项目供应商征集公告（二次）
      [科技识别] 标题是否科技相关: 否
      [SKIP] 标题非科技相关，不进入详情爬取

  [36/40] 标题: 业绩|天驰君泰海口分所成功中标海南农村商业银行项目
      [科技识别] 标题是否科技相关: 否
      [SKIP] 标题非科技相关，不进入详情爬取

  [37/40] 标题: 北京农商银行公开招募金融科技部总经理，近几年多次调整科技条线架构
      [科技识别] 标题是否科技相关: 否
      [SKIP] 标题非科技相关，不进入详情爬取

  [38/40] 标题: 阳春市财政局财政统发工资、非税收入财政专户业务代理银行资格采购项目中标结果公示
      [科技识别] 标题是否科技相关: 否
      [SKIP] 标题非科技相关，不进入详情爬取

  [39/40] 标题: 福清汇通农商银行A4纸张采购供应商入围项目（二次）招标公告
      [科技识别] 标题是否科技相关: 否
      [SKIP] 标题非科技相关，不进入详情爬取

  [40/40] 标题: 中国银行股份有限公司北京分行业务单据国际速递服务采购项目成交公告
      [科技识别] 标题是否科技相关: 否
      [SKIP] 标题非科技相关，不进入详情爬取

  [第 17 页]
  [DEBUG] 已检测到「条信息」，按整页详情链接解析
      [WARN] 未找到 .ssjg-leixing，info_type 将记为采招信息
  本页找到 40 条结果

  [1/40] 标题: 吉林银行同城数据中心设备搬迁服务保障项目招标公告
      [科技识别] 标题是否科技相关: 是
      [过滤-排除词] 未命中，通过
      [过滤-关键词] 包含「银行」，通过
      [OK] 通过全部筛选，进入详情爬取
    [PDF] 路由拦截成功，共 823748 字节
    [PDF] 扫描版/少字 PDF 共 5 页，转为图片 OCR...
    [OCR] 识别第 1/5 页 ...
    [OCR] 识别第 2/5 页 ...
    [OCR] 识别第 3/5 页 ...
    [OCR] 识别第 4/5 页 ...
    [OCR] 识别第 5/5 页 ...
    [OCR] 全部 5 页识别完成
    [PDF] 响应拦截解析完成，共 3237 字
    [已保存] output\2026-04-01\银行\招标公告_吉林银行同城数据中心设备搬迁服务保障项目招标公告_072047.json

  [2/40] 标题: 2603-320545-89-05-868708中国农业银行常熟浒浦支行原址营业用房装修改…
      [科技识别] 标题是否科技相关: 否
      [SKIP] 标题非科技相关，不进入详情爬取

  [3/40] 标题: 中信银行长春分行2026-2028年度个贷业务运营部分环节外包采购项目(第2次招标)项目公…
      [科技识别] 标题是否科技相关: 否
      [SKIP] 标题非科技相关，不进入详情爬取

  [4/40] 标题: 中国民生银行股份有限公司流量分析设备采购项目评审结果公示
      [科技识别] 标题是否科技相关: 否
      [SKIP] 标题非科技相关，不进入详情爬取

  [5/40] 标题: 中国银行股份有限公司林芝分行“关于米林市支行员工食堂厨具、餐具采购项目”采购公告
      [科技识别] 标题是否科技相关: 否
      [SKIP] 标题非科技相关，不进入详情爬取

  [6/40] 标题: 兰州银行股份有限公司恒通支行名下位于甘肃省兰州市城关区张掖路街道张掖路71号第5单元24层…
      [科技识别] 标题是否科技相关: 否
      [SKIP] 标题非科技相关，不进入详情爬取

  [7/40] 标题: 兰州银行股份有限公司武威分行营业部名下位于甘肃省武威市民勤县民东路2公里北侧3幢库房、办公…
      [科技识别] 标题是否科技相关: 否
      [SKIP] 标题非科技相关，不进入详情爬取

  [8/40] 标题: 兰州银行股份有限公司恒通支行名下位于陕西省榆林市定边县定边镇长城北街（星河大厦商业楼）01…
      [科技识别] 标题是否科技相关: 否
      [SKIP] 标题非科技相关，不进入详情爬取

  [9/40] 标题: 银川市兴庆区海宝福星苑小区优质住宅周边有公交站、学校、医院、农贸市场、银行等一站式服务
      [科技识别] 标题是否科技相关: 否
      [SKIP] 标题非科技相关，不进入详情爬取

  [10/40] 标题: 兰州银行股份有限公司白银分行名下位于甘肃省白银市会宁县郭城驿镇新堡子西大街李平商贸公司综合…
      [科技识别] 标题是否科技相关: 否
      [SKIP] 标题非科技相关，不进入详情爬取

  [11/40] 标题: 兰州银行股份有限公司白银分行名下位于甘肃省白银市平川区长征西路恒山休闲一条街D3层1号、2…
      [科技识别] 标题是否科技相关: 否
      [SKIP] 标题非科技相关，不进入详情爬取

  [12/40] 标题: 中标结果发布|四川天府银行2026年工会职工生日慰问品采购项目结果公告
      [科技识别] 标题是否科技相关: 否
      [SKIP] 标题非科技相关，不进入详情爬取

  [13/40] 标题: 中国邮政储蓄银行股份有限公司石家庄市建设北大街支行不动产登记证明作废公告
      [科技识别] 标题是否科技相关: 否
      [SKIP] 标题非科技相关，不进入详情爬取

  [14/40] 标题: 怒江农村商业银行柜面业务终端采购项目（三次）竞争性谈判公告
      [科技识别] 标题是否科技相关: 否
      [SKIP] 标题非科技相关，不进入详情爬取

  [15/40] 标题: 兰州银行01关于甘肃省兰州市兰州新区中川镇华山路1280号厂房的公告(第一次)
      [科技识别] 标题是否科技相关: 否
      [SKIP] 标题非科技相关，不进入详情爬取

  [16/40] 标题: 兰州银行01关于甘肃省兰州市兰州新区中川镇中川街西段5161号商铺（在建工程）的公告(第一…
      [科技识别] 标题是否科技相关: 否
      [SKIP] 标题非科技相关，不进入详情爬取

  [17/40] 标题: 中国邮政储蓄银行楚雄州分行2026-2027年网点武装押运服务采购成交结果公告
      [科技识别] 标题是否科技相关: 否
      [SKIP] 标题非科技相关，不进入详情爬取

  [18/40] 标题: 云南龙陵农村商业银行股份有限公司2026年度零星工程施工维护项目中标结果公示
      [科技识别] 标题是否科技相关: 否
      [SKIP] 标题非科技相关，不进入详情爬取

  [19/40] 标题: 云南龙陵农村商业银行股份有限公司2026年聚合收单商户设备采购项目中标结果公示
      [科技识别] 标题是否科技相关: 否
      [SKIP] 标题非科技相关，不进入详情爬取

  [20/40] 标题: 兰州银行股份有限公司白银分行名下位于甘肃省白银市白银区东星街87号1幢1层1-（02-2）…
      [科技识别] 标题是否科技相关: 否
      [SKIP] 标题非科技相关，不进入详情爬取

  [21/40] 标题: 兰州银行股份有限公司白银分行名下位于甘肃省白银市白银区东星街87号1幢1层1-（02-5）…
      [科技识别] 标题是否科技相关: 否
      [SKIP] 标题非科技相关，不进入详情爬取

  [22/40] 标题: 兰州银行股份有限公司白银分行名下位于甘肃省白银市白银区东星街87号1幢1层1-（02-3）…
      [科技识别] 标题是否科技相关: 否
      [SKIP] 标题非科技相关，不进入详情爬取

  [23/40] 标题: 天津银行2026年度企业微信认证及相关服务采购项目-成交结果公示
      [科技识别] 标题是否科技相关: 否
      [SKIP] 标题非科技相关，不进入详情爬取

  [24/40] 标题: 中国建设银行广东省分行汕尾市分行龙泉大厦办公楼加固工程项目供应商市场调研公告
      [科技识别] 标题是否科技相关: 否
      [SKIP] 标题非科技相关，不进入详情爬取

  [25/40] 标题: 巴中农商银行劳务外包服务采购项目招标公告
      [科技识别] 标题是否科技相关: 否
      [SKIP] 标题非科技相关，不进入详情爬取

  [26/40] 标题: 绍兴银行资金系统本外币后台信创改造项目招标公告
      [科技识别] 标题是否科技相关: 否
      [SKIP] 标题非科技相关，不进入详情爬取

  [27/40] 标题: 扶余市永平乡九连山村经济合作社四社机动地老银行地刘永刚地东大山沟3份-流转项目
      [科技识别] 标题是否科技相关: 否
      [SKIP] 标题非科技相关，不进入详情爬取

  [28/40] 标题: 重庆银行光学字符识别（OCR）2025年优化改造项目（第二次）
      [科技识别] 标题是否科技相关: 否
      [SKIP] 标题非科技相关，不进入详情爬取

  [29/40] 标题: 云南龙陵农村商业银行股份有限公司2026年聚合收单商户设备采购项目中标结果公示
      [科技识别] 标题是否科技相关: 否
      [SKIP] 标题非科技相关，不进入详情爬取

  [30/40] 标题: 云南龙陵农村商业银行股份有限公司2026年度零星工程施工维护项目中标结果公示
      [科技识别] 标题是否科技相关: 否
      [SKIP] 标题非科技相关，不进入详情爬取

  [31/40] 标题: 亚洲开发银行贷款丝绸之路沿线地区生态治理与保护项目甘肃子项庆阳市森林防火专用车采购第三次
      [科技识别] 标题是否科技相关: 否
      [SKIP] 标题非科技相关，不进入详情爬取

  [32/40] 标题: 中国人民银行山东省分行残损人民币废料处置项目招标公告
      [科技识别] 标题是否科技相关: 否
      [SKIP] 标题非科技相关，不进入详情爬取

  [33/40] 标题: 赣州市宏远项目管理有限公司关于江西赣县农村商业银行股份有限公司2026年-2027年遴选工…
      [科技识别] 标题是否科技相关: 否
      [SKIP] 标题非科技相关，不进入详情爬取

  [34/40] 标题: 哈尔滨银行背夹硬件设备维保服务采购项目单一来源采购公示
      [科技识别] 标题是否科技相关: 是
      [过滤-排除词] 未命中，通过
      [过滤-关键词] 包含「银行」，通过
      [OK] 通过全部筛选，进入详情爬取
    [已保存] output\2026-04-01\银行\招标公告_哈尔滨银行背夹硬件设备维保服务采购项目单一来源采购公示_072122.json

  [35/40] 标题: 保定银行综合业务数据备份系统维保采购项目成交公告
      [科技识别] 标题是否科技相关: 是
      [过滤-排除词] 未命中，通过
      [过滤-关键词] 包含「银行」，通过
      [OK] 通过全部筛选，进入详情爬取
    [PDF] 路由拦截成功，共 54879 字节
    [PDF] 扫描版/少字 PDF 共 1 页，转为图片 OCR...
    [OCR] 识别第 1/1 页 ...
    [OCR] 全部 1 页识别完成
    [PDF] 响应拦截解析完成，共 424 字
    [已保存] output\2026-04-01\银行\中标结果_保定银行综合业务数据备份系统维保采购项目成交公告_072157.json

  [36/40] 标题: 中国光大银行临沂分行食堂外包服务项目招标公告
      [科技识别] 标题是否科技相关: 否
      [SKIP] 标题非科技相关，不进入详情爬取

  [37/40] 标题: 法国开发署贷款甘肃酒泉市瓜州县人文生态型城市建设项目代理银行采购(五次)中标（成交）结果公…
      [科技识别] 标题是否科技相关: 否
      [SKIP] 标题非科技相关，不进入详情爬取

  [38/40] 标题: 中国农业银行股份有限公司松原分行承接单位营业场所大堂保安外包服务采购项目中标结果公示
      [科技识别] 标题是否科技相关: 否
      [SKIP] 标题非科技相关，不进入详情爬取

  [39/40] 标题: 垫江县人力资源和社会保障局关于S513忠县界至长寿飞龙段安全提升建设项目农民工工资保证金银…
      [科技识别] 标题是否科技相关: 否
      [SKIP] 标题非科技相关，不进入详情爬取

  [40/40] 标题: 兴业银行信用卡中心2026年-2027年信用卡微信平台支付服务项目采购结果公告
      [科技识别] 标题是否科技相关: 是
      [过滤-排除词] 未命中，通过
      [过滤-关键词] 包含「银行」，通过
      [OK] 通过全部筛选，进入详情爬取
    [已保存] output\2026-04-01\银行\中标结果_兴业银行信用卡中心2026年-2027年信用卡微信平台支付服务项目采购结果公告_072232.json

  [第 18 页]
  [DEBUG] 已检测到「条信息」，按整页详情链接解析
      [WARN] 未找到 .ssjg-leixing，info_type 将记为采招信息
  本页找到 40 条结果

  [1/40] 标题: 兰州银行01关于甘肃省兰州市兰州新区纬二十六路以南、纬十六路以北、经十三路以东、经十四路以…
      [科技识别] 标题是否科技相关: 否
      [SKIP] 标题非科技相关，不进入详情爬取

  [2/40] 标题: 广东华润银行股份有限公司惠州分行关于【时尚岛花园（抵押物）】杜*峰债权的公告(第二次)
      [科技识别] 标题是否科技相关: 否
      [SKIP] 标题非科技相关，不进入详情爬取

  [3/40] 标题: 兰州银行01关于甘肃省兰州市安宁区邱家湾222号国资物业第二佳园小区第2单元15层1504…
      [科技识别] 标题是否科技相关: 否
      [SKIP] 标题非科技相关，不进入详情爬取

  [4/40] 标题: 兰州银行01关于甘肃省兰州市城关区东岗西路街道甘南路90号第二层004室商铺的公告
      [科技识别] 标题是否科技相关: 否
      [SKIP] 标题非科技相关，不进入详情爬取

  [5/40] 标题: 诸城市商品房预售资金监管银行服务采购项目中标公告成交公示
      [科技识别] 标题是否科技相关: 否
      [SKIP] 标题非科技相关，不进入详情爬取

  [6/40] 标题: 鄂尔多斯银行汇鑫支行与东胜区行政审批政务服务与数据管理局签署合作协议便民服务正式启动
      [科技识别] 标题是否科技相关: 否
      [SKIP] 标题非科技相关，不进入详情爬取

  [7/40] 标题: 中国邮政储蓄银行股份有限公司许昌市分行2026年全辖职工食堂餐饮服务采购项目合同签订情况公…
      [科技识别] 标题是否科技相关: 否
      [SKIP] 标题非科技相关，不进入详情爬取

  [8/40] 标题: 中国工商银行河北省分行雄安安新支行营业室装修改造项目中标候选人公示
      [科技识别] 标题是否科技相关: 否
      [SKIP] 标题非科技相关，不进入详情爬取

  [9/40] 标题: 恒丰银行苏州分行2026年5月-2027年5月微信公众号运营维护项目中标结果公告
      [科技识别] 标题是否科技相关: 否
      [SKIP] 标题非科技相关，不进入详情爬取

  [10/40] 标题: 中国农业银行股份有限公司吉林市江北支行关于仔公猪444头的公告(第一次)
      [科技识别] 标题是否科技相关: 否
      [SKIP] 标题非科技相关，不进入详情爬取

  [11/40] 标题: 安徽岳西农村商业银行股份有限公司2026年“春风逐梦悦跑同行”跑步比赛运动鞋采购项目成交结…
      [科技识别] 标题是否科技相关: 否
      [SKIP] 标题非科技相关，不进入详情爬取

  [12/40] 标题: 山东海阳农村商业银行股份有限公司海阳农商银行监控及安防系统维保服务项目谈判采购公告
      [科技识别] 标题是否科技相关: 是
      [过滤-排除词] 未命中，通过
      [过滤-关键词] 包含「银行」，通过
      [OK] 通过全部筛选，进入详情爬取
    [已保存] output\2026-04-01\银行\招标公告_山东海阳农村商业银行股份有限公司海阳农商银行监控及安防系统维保服务项目谈判采购公告_072358.json

  [13/40] 标题: 吉林银行股份有限公司蛟河支行原址装修及消防改造工程合同备案
      [科技识别] 标题是否科技相关: 否
      [SKIP] 标题非科技相关，不进入详情爬取

  [14/40] 标题: 宁波银行股份有限公司金华分行合作评估公司入围项目供应商召集公告
      [科技识别] 标题是否科技相关: 否
      [SKIP] 标题非科技相关，不进入详情爬取

  [15/40] 标题: 中信百信银行股份有限公司“发票验真服务”项目供应商征集公告
      [科技识别] 标题是否科技相关: 否
      [SKIP] 标题非科技相关，不进入详情爬取

  [16/40] 标题: 云南红塔银行生产云和产业云软件维保服务项目-单一来源采前公示
      [科技识别] 标题是否科技相关: 是
      [过滤-排除词] 未命中，通过
      [过滤-关键词] 包含「银行」，通过
      [OK] 通过全部筛选，进入详情爬取
    [已保存] output\2026-04-01\银行\招标公告_云南红塔银行生产云和产业云软件维保服务项目-单一来源采前公示_072435.json

  [17/40] 标题: 云南红塔银行X86服务器及加解密设备年维保服务项目招标公告
      [科技识别] 标题是否科技相关: 是
      [过滤-排除词] 未命中，通过
      [过滤-关键词] 包含「银行」，通过
      [OK] 通过全部筛选，进入详情爬取
    [已保存] output\2026-04-01\银行\招标公告_云南红塔银行X86服务器及加解密设备年维保服务项目招标公告_072512.json

  [18/40] 标题: 中国银行通辽分行社保业务驻点外包服务采购项目招标公告中标结果公示
      [科技识别] 标题是否科技相关: 否
      [SKIP] 标题非科技相关，不进入详情爬取

  [19/40] 标题: 中国建设银行黑龙江省分行关于绥化分行行署支行营业用房租赁采购项目单一来源采前公示
      [科技识别] 标题是否科技相关: 否
      [SKIP] 标题非科技相关，不进入详情爬取

  [20/40] 标题: 绍兴银行2026年度签名设备采购项目公开招标公告
      [科技识别] 标题是否科技相关: 否
      [SKIP] 标题非科技相关，不进入详情爬取

  [21/40] 标题: 浙江建安工程管理有限公司关于浙江东南汽运有限公司银行账户服务采购项目的公开招标公告
      [科技识别] 标题是否科技相关: 否
      [SKIP] 标题非科技相关，不进入详情爬取

  [22/40] 标题: 中国银行股份有限公司山东省分行企业名片服务项目采购变更公告
      [科技识别] 标题是否科技相关: 否
      [SKIP] 标题非科技相关，不进入详情爬取

  [23/40] 标题: 灵宝市住宅专项维修资金委托代管银行项目
      [科技识别] 标题是否科技相关: 否
      [SKIP] 标题非科技相关，不进入详情爬取

  [24/40] 标题: 广西龙胜农村商业银行伟江支行业务楼装修工程（项目编号：NNPZGL2026-010）竞争性…
      [科技识别] 标题是否科技相关: 否
      [SKIP] 标题非科技相关，不进入详情爬取

  [25/40] 标题: 浙江省成套招标代理有限公司关于中信银行股份有限公司杭州分行的杭州分行地方债三方服务机构-律…
      [科技识别] 标题是否科技相关: 否
      [SKIP] 标题非科技相关，不进入详情爬取

  [26/40] 标题: 中国银行股份有限公司消防管道单向阀、湿式报警阀组更换项目采购邀请公告（第二次挂网）
      [科技识别] 标题是否科技相关: 否
      [SKIP] 标题非科技相关，不进入详情爬取

  [27/40] 标题: 中国工商银行河北省分行雄安安新支行营业室装修改造项目
      [科技识别] 标题是否科技相关: 否
      [SKIP] 标题非科技相关，不进入详情爬取

  [28/40] 标题: 中国工商银行河北省分行唐山市中级人民法院系统改造升级合作项目
      [科技识别] 标题是否科技相关: 是
      [过滤-排除词] 未命中，通过
      [过滤-关键词] 包含「银行」，通过
      [OK] 通过全部筛选，进入详情爬取
    [已保存] output\2026-04-01\银行\中标结果_中国工商银行河北省分行唐山市中级人民法院系统改造升级合作项目_072543.json

  [29/40] 标题: 中国人民银行芜湖市分行关于交换机的网上超市采购项目成交公告
      [科技识别] 标题是否科技相关: 是
      [过滤-排除词] 未命中，通过
      [过滤-关键词] 包含「银行」，通过
      [OK] 通过全部筛选，进入详情爬取
    [已保存] output\2026-04-01\银行\中标结果_中国人民银行芜湖市分行关于交换机的网上超市采购项目成交公告_072612.json

  [30/40] 标题: 浙商银行呼和浩特分行2026年机场贵宾服务采购项目的成交结果公告
      [科技识别] 标题是否科技相关: 否
      [SKIP] 标题非科技相关，不进入详情爬取

  [31/40] 标题: 关于浙商银行股份有限公司南京分行本级2026年度员工食堂食材采购项目的入围结果公告
      [科技识别] 标题是否科技相关: 否
      [SKIP] 标题非科技相关，不进入详情爬取

  [32/40] 标题: 中国工商银行河北省分行唐山市中级人民法院系统改造升级合作项目中标候选人公示
      [科技识别] 标题是否科技相关: 是
      [过滤-排除词] 未命中，通过
      [过滤-关键词] 包含「银行」，通过
      [OK] 通过全部筛选，进入详情爬取
    [已保存] output\2026-04-01\银行\中标结果_中国工商银行河北省分行唐山市中级人民法院系统改造升级合作项目中标候选人公示_072644.json

  [33/40] 标题: 华夏银行股份有限公司北京城市副中心分行通州区运河东大街39号院1号楼三层301、四层401…
      [科技识别] 标题是否科技相关: 否
      [SKIP] 标题非科技相关，不进入详情爬取

  [34/40] 标题: 华夏银行2025-2026年并购及金融交易账号引入项目第二包：金融交易即时通讯账号（第二次…
      [科技识别] 标题是否科技相关: 否
      [SKIP] 标题非科技相关，不进入详情爬取

  [35/40] 标题: 华夏银行2025-2026年并购及金融交易账号引入项目第二包：金融交易即时通讯账号流标公告
      [科技识别] 标题是否科技相关: 否
      [SKIP] 标题非科技相关，不进入详情爬取

  [36/40] 标题: 华夏银行2025-2026年并购及金融交易账号引入项目第一包：并购业务查询账号流标公告
      [科技识别] 标题是否科技相关: 否
      [SKIP] 标题非科技相关，不进入详情爬取

  [37/40] 标题: 华夏银行股份有限公司北京城市副中心分行通州区运河东大街39号院1号楼三层301、四层401…
      [科技识别] 标题是否科技相关: 否
      [SKIP] 标题非科技相关，不进入详情爬取

  [38/40] 标题: 华夏银行2025-2026年并购及金融交易账号引入项目第一包：并购业务查询账号（第二次）竞…
      [科技识别] 标题是否科技相关: 否
      [SKIP] 标题非科技相关，不进入详情爬取

  [39/40] 标题: 中国银行股份有限公司广西壮族自治区分行主机房安全及节能改造项目采购邀请公告
      [科技识别] 标题是否科技相关: 是
      [过滤-排除词] 未命中，通过
      [过滤-关键词] 包含「银行」，通过
      [OK] 通过全部筛选，进入详情爬取
    [已保存] output\2026-04-01\银行\招标公告_中国银行股份有限公司广西壮族自治区分行主机房安全及节能改造项目采购邀请公告_072721.json

  [40/40] 标题: 中国邮政储蓄银行股份有限公司新乡市分行新乡县支行有线电视飞播字幕广告发布服务采购项目单一来…
      [科技识别] 标题是否科技相关: 否
      [SKIP] 标题非科技相关，不进入详情爬取

  [第 19 页]
  [DEBUG] 已检测到「条信息」，按整页详情链接解析
      [WARN] 未找到 .ssjg-leixing，info_type 将记为采招信息
  本页找到 40 条结果

  [1/40] 标题: 兰州银行01关于甘肃省定西市临洮县洮阳镇文峰西路祥瑞酒店3-4层转让的公告
      [科技识别] 标题是否科技相关: 否
      [SKIP] 标题非科技相关，不进入详情爬取

  [2/40] 标题: 兰州银行01关于福建省莆田市城厢区凤凰山街道育才路64、68号凤凰山街道学园中街88号德信…
      [科技识别] 标题是否科技相关: 否
      [SKIP] 标题非科技相关，不进入详情爬取

  [3/40] 标题: 兰州银行01关于兰州市永登县城关镇青龙路无号一层、二层、三层001号商铺转让的公告
      [科技识别] 标题是否科技相关: 否
      [SKIP] 标题非科技相关，不进入详情爬取

  [4/40] 标题: 兰州银行01关于兰州市皋兰县忠和镇川崖村1号楼（办公）转让的公告
      [科技识别] 标题是否科技相关: 否
      [SKIP] 标题非科技相关，不进入详情爬取

  [5/40] 标题: 关于江苏昆山农村商业银行股份有限公司昆山物业公共服务平台软件产品服务费项目采购结果公示
      [科技识别] 标题是否科技相关: 是
      [过滤-排除词] 未命中，通过
      [过滤-关键词] 包含「银行」，通过
      [OK] 通过全部筛选，进入详情爬取
    [已保存] output\2026-04-01\银行\中标结果_关于江苏昆山农村商业银行股份有限公司昆山物业公共服务平台软件产品服务费项目采购结果公示_072852.json

  [6/40] 标题: 安徽歙县农村商业银行股份有限公司关于黄山市歙县徽城镇黄山路173号1幢3C020号房产的公…
      [科技识别] 标题是否科技相关: 否
      [SKIP] 标题非科技相关，不进入详情爬取

  [7/40] 标题: 兰州银行01关于酒泉市肃州区北市街3号楼1号铺及酒泉市肃州区北市街3号楼10号铺的公告(末…
      [科技识别] 标题是否科技相关: 否
      [SKIP] 标题非科技相关，不进入详情爬取

  [8/40] 标题: 兰州银行01关于甘肃省白银市会宁县会师长征南路东侧新雅建材家具综合市场B区B幢401号商铺…
      [科技识别] 标题是否科技相关: 否
      [SKIP] 标题非科技相关，不进入详情爬取

  [9/40] 标题: 广东华润银行股份有限公司惠州分行关于【鑫源名筑花园（抵押物）】江*平债权的公告(第二次)
      [科技识别] 标题是否科技相关: 否
      [SKIP] 标题非科技相关，不进入详情爬取

  [10/40] 标题: 关于江苏昆山农村商业银行股份有限公司银医通自助设备2026维保采购项目中标结果公示
      [科技识别] 标题是否科技相关: 否
      [SKIP] 标题非科技相关，不进入详情爬取

  [11/40] 标题: 兴业银行义乌分行关于零贷集中作业扫描录入岗外包项目供应商征集调研公告
      [科技识别] 标题是否科技相关: 否
      [SKIP] 标题非科技相关，不进入详情爬取

  [12/40] 标题: 兴业银行信用卡中心关于2026年美团线上场景服务项目供应商征集调研
      [科技识别] 标题是否科技相关: 否
      [SKIP] 标题非科技相关，不进入详情爬取

  [13/40] 标题: 兴业银行淄博分行关于2026年淄博地区委托律所催收信用卡逾期项目供应商征集
      [科技识别] 标题是否科技相关: 否
      [SKIP] 标题非科技相关，不进入详情爬取

  [14/40] 标题: 世界银行中国市场伙伴实施基金赠款项目（P504267）环境与社会专家咨询服务招标公告(PM…
      [科技识别] 标题是否科技相关: 否
      [SKIP] 标题非科技相关，不进入详情爬取

  [15/40] 标题: 世界银行中国市场伙伴实施基金赠款项目（P504267）碳定价技术专家（CCER与碳税）咨询…
      [科技识别] 标题是否科技相关: 否
      [SKIP] 标题非科技相关，不进入详情爬取

  [16/40] 标题: 世界银行中国市场伙伴实施基金赠款项目（P504267）碳定价技术专家（ETS）咨询服务招标…
      [科技识别] 标题是否科技相关: 否
      [SKIP] 标题非科技相关，不进入详情爬取

  [17/40] 标题: 世界银行中国市场伙伴实施基金赠款项目（P504267）采购专家咨询服务招标公告(PMI-2…
      [科技识别] 标题是否科技相关: 否
      [SKIP] 标题非科技相关，不进入详情爬取

  [18/40] 标题: 中国建设银行股份有限公司衡水分行房屋零星维修项目项目招标公告
      [科技识别] 标题是否科技相关: 否
      [SKIP] 标题非科技相关，不进入详情爬取

  [19/40] 标题: 中国建设银行邵阳市分行本部和城区支行食堂食材食品项目（第二次）招标公告
      [科技识别] 标题是否科技相关: 否
      [SKIP] 标题非科技相关，不进入详情爬取

  [20/40] 标题: 2025年阳江市阳东区创业担保贷款基金代理银行项目中标公告
      [科技识别] 标题是否科技相关: 否
      [SKIP] 标题非科技相关，不进入详情爬取

  [21/40] 标题: 绍兴银行大数据平台信创改造迁移实施采购项目招标公告
      [科技识别] 标题是否科技相关: 是
      [过滤-排除词] 未命中，通过
      [过滤-关键词] 包含「银行」，通过
      [OK] 通过全部筛选，进入详情爬取
    [已保存] output\2026-04-01\银行\招标公告_绍兴银行大数据平台信创改造迁移实施采购项目招标公告_072930.json

  [22/40] 标题: 绍兴银行2026年度签名设备采购项目招标公告
      [科技识别] 标题是否科技相关: 否
      [SKIP] 标题非科技相关，不进入详情爬取

  [23/40] 标题: 绍兴银行ACS会计核算数据集中系统信创改造项目招标公告
      [科技识别] 标题是否科技相关: 否
      [SKIP] 标题非科技相关，不进入详情爬取

  [24/40] 标题: 绍兴银行2026年度信息系统等保测评项目招标公告
      [科技识别] 标题是否科技相关: 是
      [过滤-排除词] 未命中，通过
      [过滤-关键词] 包含「银行」，通过
      [OK] 通过全部筛选，进入详情爬取
    [已保存] output\2026-04-01\银行\招标公告_绍兴银行2026年度信息系统等保测评项目招标公告_073009.json

  [25/40] 标题: 江苏民丰农商银行小微中心食堂装修工程评标结果公示
      [科技识别] 标题是否科技相关: 否
      [SKIP] 标题非科技相关，不进入详情爬取

  [26/40] 标题: 兰州银行01关于敦煌市七里镇工业园内富景石材综合楼总面积3250.3平方米房产转让的公告
      [科技识别] 标题是否科技相关: 否
      [SKIP] 标题非科技相关，不进入详情爬取

  [27/40] 标题: 兰州银行01关于天津市津南区小站镇津歧路西百利商业中心4-101、4-102、4-103、…
      [科技识别] 标题是否科技相关: 否
      [SKIP] 标题非科技相关，不进入详情爬取

  [28/40] 标题: 南充农村商业银行股份有限公司关于七里办事处长安东路4层1号至3号的公告(第一次)
      [科技识别] 标题是否科技相关: 否
      [SKIP] 标题非科技相关，不进入详情爬取

  [29/40] 标题: 华夏银行南昌赣江支行装修设计项目中标结果公告
      [科技识别] 标题是否科技相关: 否
      [SKIP] 标题非科技相关，不进入详情爬取

  [30/40] 标题: 华夏银行股份有限公司北京东夏园支行装修工程施工总承包项目集中采购结果公示
      [科技识别] 标题是否科技相关: 否
      [SKIP] 标题非科技相关，不进入详情爬取

  [31/40] 标题: 华夏银行云证通数字证书服务项目采购结果公示
      [科技识别] 标题是否科技相关: 否
      [SKIP] 标题非科技相关，不进入详情爬取

  [32/40] 标题: 张家界市中级人民法院关于临时名库内破产管理人账户开设银行轮候排序情况变更公告
      [科技识别] 标题是否科技相关: 否
      [SKIP] 标题非科技相关，不进入详情爬取

  [33/40] 标题: 建水县2026年被征地农民养老保障资金定期存款存放银行项目中标结果公告
      [科技识别] 标题是否科技相关: 否
      [SKIP] 标题非科技相关，不进入详情爬取

  [34/40] 标题: 中国农业发展银行岳池县支行2026-2028年劳务外包中标结果公示
      [科技识别] 标题是否科技相关: 否
      [SKIP] 标题非科技相关，不进入详情爬取

  [35/40] 标题: 廊坊银行动态令牌认证系统新建项目二次招标公告
      [科技识别] 标题是否科技相关: 否
      [SKIP] 标题非科技相关，不进入详情爬取

  [36/40] 标题: 廊坊银行法拍房类型数据服务采购项目二次招标公告
      [科技识别] 标题是否科技相关: 否
      [SKIP] 标题非科技相关，不进入详情爬取

  [37/40] 标题: 中国工商银行贵州省分行“车生活”平台停车场渠道接入项目（二次）采购公告
      [科技识别] 标题是否科技相关: 是
      [过滤-排除词] 未命中，通过
      [过滤-关键词] 包含「银行」，通过
      [OK] 通过全部筛选，进入详情爬取
    [已保存] output\2026-04-01\银行\招标公告_中国工商银行贵州省分行“车生活”平台停车场渠道接入项目（二次）采购公告_073040.json

  [38/40] 标题: 渤海银行股份有限公司资产回收服务机构入围项目招标公告
      [科技识别] 标题是否科技相关: 否
      [SKIP] 标题非科技相关，不进入详情爬取

  [39/40] 标题: 德宏农村商业银行股份有限公司监控网络专线租用采购项目中标公示
      [科技识别] 标题是否科技相关: 否
      [SKIP] 标题非科技相关，不进入详情爬取

  [40/40] 标题: 长沙银行股份有限公司湖南省内分支行网点保安服务采购项目更正公告
      [科技识别] 标题是否科技相关: 否
      [SKIP] 标题非科技相关，不进入详情爬取

  [第 20 页]
  [DEBUG] 已检测到「条信息」，按整页详情链接解析
      [WARN] 未找到 .ssjg-leixing，info_type 将记为采招信息
  本页找到 40 条结果

  [1/40] 标题: 中国银行菏泽分行公司金融部选取菏泽分行行政事业驻点服务外包集中采购项目招标公告
      [科技识别] 标题是否科技相关: 否
      [SKIP] 标题非科技相关，不进入详情爬取

  [2/40] 标题: 中标公示|江门农商银行更换负载均衡设备项目中标公示
      [科技识别] 标题是否科技相关: 是
      [过滤-排除词] 未命中，通过
      [过滤-关键词] 包含「银行」，通过
      [OK] 通过全部筛选，进入详情爬取
    [已保存] output\2026-04-01\银行\中标结果_中标公示_江门农商银行更换负载均衡设备项目中标公示_073203.json

  [3/40] 标题: 北京农商银行2025年安全项目（第三批）及服务采购项目中标结果公告
      [科技识别] 标题是否科技相关: 否
      [SKIP] 标题非科技相关，不进入详情爬取

  [4/40] 标题: 兴业银行信用卡中心2026年—2027年信用卡微信平台支付服务项目【重新招标】-结果公告
      [科技识别] 标题是否科技相关: 是
      [过滤-排除词] 未命中，通过
      [过滤-关键词] 包含「银行」，通过
      [OK] 通过全部筛选，进入详情爬取
    [已保存] output\2026-04-01\银行\中标结果_兴业银行信用卡中心2026年—2027年信用卡微信平台支付服务项目【重新招标】-结果公告_073236.json

  [5/40] 标题: 光大银行无锡分行江阴支行2026年保安服务项目成交结果公告
      [科技识别] 标题是否科技相关: 否
      [SKIP] 标题非科技相关，不进入详情爬取

  [6/40] 标题: 中国建设银行宁德分行关于福鼎太姥山支行营业用房租赁采购项目单一来源采前公示
      [科技识别] 标题是否科技相关: 否
      [SKIP] 标题非科技相关，不进入详情爬取

  [7/40] 标题: 沧州银行机房基础设施维护项目（第二次）
      [科技识别] 标题是否科技相关: 是
      [过滤-排除词] 未命中，通过
      [过滤-关键词] 包含「银行」，通过
      [OK] 通过全部筛选，进入详情爬取
    [已保存] output\2026-04-01\银行\中标结果_沧州银行机房基础设施维护项目（第二次）_073306.json

  [8/40] 标题: 【建行自采】沧县支行采油三厂自助银行营业用房租赁项目采购结果信息公开
      [科技识别] 标题是否科技相关: 否
      [SKIP] 标题非科技相关，不进入详情爬取

  [9/40] 标题: 大连银行技防设备入围项目-公开招标公告
      [科技识别] 标题是否科技相关: 否
      [SKIP] 标题非科技相关，不进入详情爬取

  [10/40] 标题: ·桐城农商银行2026年度员工职业服装（第一批）采购项目招标公告
      [科技识别] 标题是否科技相关: 否
      [SKIP] 标题非科技相关，不进入详情爬取

  [11/40] 标题: 兴业银行晋城分行2026年食堂、保洁人员外包服务采购方案结果公告
      [科技识别] 标题是否科技相关: 否
      [SKIP] 标题非科技相关，不进入详情爬取

  [12/40] 标题: 怀宁农商银行2026年-2028年工会福利供货服务商入围项目磋商公告
      [科技识别] 标题是否科技相关: 否
      [SKIP] 标题非科技相关，不进入详情爬取

  [13/40] 标题: 沧州银行机房基础设施维护项目（第二次）
      [科技识别] 标题是否科技相关: 是
      [过滤-排除词] 未命中，通过
      [过滤-关键词] 包含「银行」，通过
      [OK] 通过全部筛选，进入详情爬取
    [已保存] output\2026-04-01\银行\中标结果_沧州银行机房基础设施维护项目（第二次）_073337.json

  [14/40] 标题: 中国工商银行股份有限公司河北省分行石家庄和平建华支行营业用房装修项目
      [科技识别] 标题是否科技相关: 否
      [SKIP] 标题非科技相关，不进入详情爬取

  [15/40] 标题: 临汾职业技术学院校园一卡通建设和运维及其它信息化建设项目遴选商业银行谈判采购流标公告
      [科技识别] 标题是否科技相关: 否
      [SKIP] 标题非科技相关，不进入详情爬取

  [16/40] 标题: 中国农业银行股份有限公司江门分行后勤服务外包采购项目更正公告
      [科技识别] 标题是否科技相关: 否
      [SKIP] 标题非科技相关，不进入详情爬取

  [17/40] 标题: 甘肃银行监控录像机硬盘采购项目竞争性谈判公告
      [科技识别] 标题是否科技相关: 否
      [SKIP] 标题非科技相关，不进入详情爬取

  [18/40] 标题: 中国邮政储蓄银行股份有限公司江门市分行台山支行保安服务项目（第二次）招标公告
      [科技识别] 标题是否科技相关: 否
      [SKIP] 标题非科技相关，不进入详情爬取

  [19/40] 标题: 关于浙商银行股份有限公司南京分行本级2026年度员工食堂食材采购项目的入围结果公告
      [科技识别] 标题是否科技相关: 否
      [SKIP] 标题非科技相关，不进入详情爬取

  [20/40] 标题: 中国建设银行股份有限公司建设银行办公用房租赁项目采购项目单一来源采前公示
      [科技识别] 标题是否科技相关: 否
      [SKIP] 标题非科技相关，不进入详情爬取

  [21/40] 标题: 中信银行郑州南阳路支行装饰工程采购项目中标候选人公示
      [科技识别] 标题是否科技相关: 否
      [SKIP] 标题非科技相关，不进入详情爬取

  [22/40] 标题: 中信银行新华东街支行装修改造工程-2602-150102-89-01-308948
      [科技识别] 标题是否科技相关: 否
      [SKIP] 标题非科技相关，不进入详情爬取

  [23/40] 标题: 兰州银行01关于甘肃省定西市安定区友谊广场2号2117、2118、2119、2120号的公…
      [科技识别] 标题是否科技相关: 否
      [SKIP] 标题非科技相关，不进入详情爬取

  [24/40] 标题: 兰州银行01关于定西市临洮县洮阳镇北关9号的2层、3层的公告
      [科技识别] 标题是否科技相关: 否
      [SKIP] 标题非科技相关，不进入详情爬取

  [25/40] 标题: 内蒙古农村商业银行股份有限公司正蓝旗支行关于正蓝旗上都镇豪格小区南商业楼105-205铺的…
      [科技识别] 标题是否科技相关: 否
      [SKIP] 标题非科技相关，不进入详情爬取

  [26/40] 标题: 江西万年农村商业银行股份有限公司关于万年县青云镇青云商贸城D区11号房产的公告(再次)
      [科技识别] 标题是否科技相关: 否
      [SKIP] 标题非科技相关，不进入详情爬取

  [27/40] 标题: 江西万年农村商业银行股份有限公司关于万年县陈营镇万昌大道（建德大街西侧）6层房产的公告(末…
      [科技识别] 标题是否科技相关: 否
      [SKIP] 标题非科技相关，不进入详情爬取

  [28/40] 标题: 兰州银行01关于定西市安定区凤安路（新城佳苑）3幢3B2层201室商铺转让的公告
      [科技识别] 标题是否科技相关: 否
      [SKIP] 标题非科技相关，不进入详情爬取

  [29/40] 标题: 辽宁农村商业银行股份有限公司建昌支行关于抵债资产公开拍卖处置的公告
      [科技识别] 标题是否科技相关: 否
      [SKIP] 标题非科技相关，不进入详情爬取

  [30/40] 标题: 贵州独山农村商业银行股份有限公司关于独山县百泉镇秀峰西路南国印象·中央城13幢2层1号资产…
      [科技识别] 标题是否科技相关: 否
      [SKIP] 标题非科技相关，不进入详情爬取

  [31/40] 标题: 兰州银行01关于定西市临洮县洮阳镇北关63号的公告(第二次)
      [科技识别] 标题是否科技相关: 否
      [SKIP] 标题非科技相关，不进入详情爬取

  [32/40] 标题: 内蒙古农村商业银行股份有限公司正蓝旗支行关于正蓝旗上都镇豪格小区南商业楼106-206铺的…
      [科技识别] 标题是否科技相关: 否
      [SKIP] 标题非科技相关，不进入详情爬取

  [33/40] 标题: 四川北川农村商业银行股份有限公司关于四川省江油市香水场镇北川农信联社1楼等2处商业服务、住…
      [科技识别] 标题是否科技相关: 否
      [SKIP] 标题非科技相关，不进入详情爬取

  [34/40] 标题: 兰州银行01关于甘肃省定西市安定区西河路气象新村龙庭苑住宅小区12幢商铺2层216-220…
      [科技识别] 标题是否科技相关: 否
      [SKIP] 标题非科技相关，不进入详情爬取

  [35/40] 标题: 兰州银行01关于甘肃省定西市安定区友谊广场1号3楼304号的公告(第一次)
      [科技识别] 标题是否科技相关: 否
      [SKIP] 标题非科技相关，不进入详情爬取

  [36/40] 标题: 中国农业银行股份有限公司常州经济开发区支行业务经营用房装修改造项目—架空地板及地毯采购及安…
      [科技识别] 标题是否科技相关: 否
      [SKIP] 标题非科技相关，不进入详情爬取

  [37/40] 标题: 兴业银行贵阳分行关于2026-2028年零售业务集中作业中心及零贷集中催收团队外包服务项目…
      [科技识别] 标题是否科技相关: 否
      [SKIP] 标题非科技相关，不进入详情爬取

  [38/40] 标题: 贵州凤冈农村商业银行股份有限公司龙泉支行--装修升级改造项目(装饰装修)采购公告
      [科技识别] 标题是否科技相关: 否
      [SKIP] 标题非科技相关，不进入详情爬取

  [39/40] 标题: 成都银行邛崃支行工作餐配送采购项目流标公告
      [科技识别] 标题是否科技相关: 否
      [SKIP] 标题非科技相关，不进入详情爬取

  [40/40] 标题: 广东华润银行股份有限公司2026年员工宿舍租赁服务项目公告
      [科技识别] 标题是否科技相关: 否
      [SKIP] 标题非科技相关，不进入详情爬取

  [第 21 页]
  [DEBUG] 已检测到「条信息」，按整页详情链接解析
      [WARN] 未找到 .ssjg-leixing，info_type 将记为采招信息
  本页找到 40 条结果

  [1/40] 标题: 2026年山西移动浦发银行全辖营业网点互联网WLAN服务项目设备集成的采购项目_询比公告
      [科技识别] 标题是否科技相关: 否
      [SKIP] 标题非科技相关，不进入详情爬取

  [2/40] 标题: 利用世界银行贷款城乡塑料垃圾减量项目(二期)渭滨区-高家镇、神农镇后山村、神农镇城中村垃圾…
      [科技识别] 标题是否科技相关: 否
      [SKIP] 标题非科技相关，不进入详情爬取

  [3/40] 标题: 富滇银行正义路支行配电室配电设施改造施工项目成交结果公告
      [科技识别] 标题是否科技相关: 否
      [SKIP] 标题非科技相关，不进入详情爬取

  [4/40] 标题: 天津农商银行2026-2027年全辖办公及网点用UPS设备（科华品牌）框架采购项目成交公告
      [科技识别] 标题是否科技相关: 是
      [过滤-排除词] 命中「品牌」→ 跳过

  [5/40] 标题: 漯河郾城中原村镇银行有限责任公司与河南资产管理有限公司债权转让通知暨债务催收联合公告(编号…
      [科技识别] 标题是否科技相关: 否
      [SKIP] 标题非科技相关，不进入详情爬取

  [6/40] 标题: 山东第一医科大学（山东省医学科学院）校（院）工会基本银行账户采购项目废标重招竞争性磋商公告
      [科技识别] 标题是否科技相关: 否
      [SKIP] 标题非科技相关，不进入详情爬取

  [7/40] 标题: 金华银行零星广告定点单位选定项目的中标候选人公示
      [科技识别] 标题是否科技相关: 否
      [SKIP] 标题非科技相关，不进入详情爬取

  [8/40] 标题: 邢台银行邯郸东城科技支行装修项目
      [科技识别] 标题是否科技相关: 否
      [SKIP] 标题非科技相关，不进入详情爬取

  [9/40] 标题: 河南农商银行焦作中心支行城区押运、寄库外包服务项目招标公告
      [科技识别] 标题是否科技相关: 否
      [SKIP] 标题非科技相关，不进入详情爬取

  [10/40] 标题: 中国工商银行运城分行全辖员工体检服务项目（1标段）招标延期公告
      [科技识别] 标题是否科技相关: 否
      [SKIP] 标题非科技相关，不进入详情爬取

  [11/40] 标题: 华诚工程咨询集团有限公司关于中国工商银行温州分行食堂食材采购定点供应项目标段二的中标结果公…
      [科技识别] 标题是否科技相关: 否
      [SKIP] 标题非科技相关，不进入详情爬取

  [12/40] 标题: 来安县被征地农民基本养老保险基金支出户开户银行项目招标公告
      [科技识别] 标题是否科技相关: 否
      [SKIP] 标题非科技相关，不进入详情爬取

  [13/40] 标题: 2026年贵阳银行客户信息管理系统项目-测试费用人月外包成交公告
      [科技识别] 标题是否科技相关: 否
      [SKIP] 标题非科技相关，不进入详情爬取

  [14/40] 标题: 安徽凤台农村商业银行股份有限公司关于淮南市田家庵区朝阳舜耕西路嘉和大厦8-11层写字楼的公…
      [科技识别] 标题是否科技相关: 否
      [SKIP] 标题非科技相关，不进入详情爬取

  [15/40] 标题: 中国银行股份有限公司西安长安区支行办公楼电梯采购及安装项目中标候选人公示
      [科技识别] 标题是否科技相关: 否
      [SKIP] 标题非科技相关，不进入详情爬取

  [16/40] 标题: 张家口银行股份有限公司廊坊分行2026-2028年度消防维保服务项目招标公告
      [科技识别] 标题是否科技相关: 否
      [SKIP] 标题非科技相关，不进入详情爬取

  [17/40] 标题: 内蒙古农村商业银行股份有限公司正蓝旗支行关于正蓝旗上都镇豪格小区南商业楼107-207铺的…
      [科技识别] 标题是否科技相关: 否
      [SKIP] 标题非科技相关，不进入详情爬取

  [18/40] 标题: 中国建设银行股份有限公司江西省分行关于上栗支行营业用房扩租采购项目单一来源采前公示
      [科技识别] 标题是否科技相关: 否
      [SKIP] 标题非科技相关，不进入详情爬取

  [19/40] 标题: 2025年阳江市阳东区创业担保贷款基金代理银行项目中标公告
      [科技识别] 标题是否科技相关: 否
      [SKIP] 标题非科技相关，不进入详情爬取

  [20/40] 标题: 河北保定农村商业银行股份有限公司南奇支行装修改造项目中标候选人公示
      [科技识别] 标题是否科技相关: 否
      [SKIP] 标题非科技相关，不进入详情爬取

  [21/40] 标题: 兴业银行关于核身数据服务采购项目供应商征集调研公告
      [科技识别] 标题是否科技相关: 否
      [SKIP] 标题非科技相关，不进入详情爬取

  [22/40] 标题: 中国邮政储蓄银行股份有限公司运城市分行电梯广告投放服务采购项目(竞争性磋商)谈判采购公告
      [科技识别] 标题是否科技相关: 否
      [SKIP] 标题非科技相关，不进入详情爬取

  [23/40] 标题: 碳咨询服务商I中国建设银行陕西省分行碳排放咨询服务采购项目供应商征集公告
      [科技识别] 标题是否科技相关: 否
      [SKIP] 标题非科技相关，不进入详情爬取

  [24/40] 标题: 兴业银行办公互联网线路扩容项目-兴业银行办公互联网线路扩容项目采购公告
      [科技识别] 标题是否科技相关: 否
      [SKIP] 标题非科技相关，不进入详情爬取

  [25/40] 标题: 兴业银行核身数据服务采购项目-兴业银行核身数据服务采购项目采购公告
      [科技识别] 标题是否科技相关: 否
      [SKIP] 标题非科技相关，不进入详情爬取

  [26/40] 标题: 兴业银行关于核身数据服务采购项目供应商征集调研公告
      [科技识别] 标题是否科技相关: 否
      [SKIP] 标题非科技相关，不进入详情爬取

  [27/40] 标题: 中国邮政储蓄银行宿州市分行2026年打(复)印服务及设备维修服务采购项目（二次）成交结果公…
      [科技识别] 标题是否科技相关: 否
      [SKIP] 标题非科技相关，不进入详情爬取

  [28/40] 标题: 中国邮政储蓄银行股份有限公司衡阳市分行2025-2026年员工体检服务采购项目合同公告
      [科技识别] 标题是否科技相关: 否
      [SKIP] 标题非科技相关，不进入详情爬取

  [29/40] 标题: 乌鲁木齐铁路公安局喀什公安处零余额账户开户银行选择项目流标公告
      [科技识别] 标题是否科技相关: 否
      [SKIP] 标题非科技相关，不进入详情爬取

  [30/40] 标题: 兴业银行台州分行关于2026-2027年信用卡司法清收项目供应商征集公告
      [科技识别] 标题是否科技相关: 否
      [SKIP] 标题非科技相关，不进入详情爬取

  [31/40] 标题: 台江县农业农村局2026年4月至6月1政府采购意向-2026年世界银行贷款台江县绿色农业和…
      [科技识别] 标题是否科技相关: 否
      [SKIP] 标题非科技相关，不进入详情爬取

  [32/40] 标题: 台江县农业农村局2026年4月政府采购意向-2026年世界银行贷款台江县绿色农业和乡村振兴…
      [科技识别] 标题是否科技相关: 否
      [SKIP] 标题非科技相关，不进入详情爬取

  [33/40] 标题: 惠州农村商业银行股份有限公司总行食堂食材配送服务项目公开招标公告
      [科技识别] 标题是否科技相关: 否
      [SKIP] 标题非科技相关，不进入详情爬取

  [34/40] 标题: 绍兴银行电子凭证库及电子签章系统信创升级改造项目单一来源采购公告
      [科技识别] 标题是否科技相关: 否
      [SKIP] 标题非科技相关，不进入详情爬取

  [35/40] 标题: 张家口银行股份有限公司石家庄分行2026-2029年劳务派遣服务项目中标公告
      [科技识别] 标题是否科技相关: 否
      [SKIP] 标题非科技相关，不进入详情爬取

  [36/40] 标题: 广西浦北农村商业银行安石支行网点监控、ATM监控报警、安防系统、联网系统、110报警系统采…
      [科技识别] 标题是否科技相关: 否
      [SKIP] 标题非科技相关，不进入详情爬取

  [37/40] 标题: 中国建设银行济南自贸试验区分行山东旅游职业学院业财一体数智化转型项目供应商征集公告
      [科技识别] 标题是否科技相关: 否
      [SKIP] 标题非科技相关，不进入详情爬取

  [38/40] 标题: 中国建设银行内蒙古自治区分行高端客户非三甲体检及口腔养护服务采购项目供应商征集公告
      [科技识别] 标题是否科技相关: 否
      [SKIP] 标题非科技相关，不进入详情爬取

  [39/40] 标题: 中国建设银行济南自贸试验区分行山东旅游职业学院高校物联网资产管理系统项目供应商征集公告
      [科技识别] 标题是否科技相关: 否
      [SKIP] 标题非科技相关，不进入详情爬取

  [40/40] 标题: 中国银行股份有限公司山西省分行2026年普通凭证印刷厂商选型入围项目框架协议招标二次变更公…
      [科技识别] 标题是否科技相关: 否
      [SKIP] 标题非科技相关，不进入详情爬取

  [第 22 页]
  [DEBUG] 已检测到「条信息」，按整页详情链接解析
      [WARN] 未找到 .ssjg-leixing，info_type 将记为采招信息
  本页找到 40 条结果

  [1/40] 标题: 阜阳颍东农村商业银行股份有限公司所属21处房产租赁权拍租（二次）成交结果公示
      [科技识别] 标题是否科技相关: 否
      [SKIP] 标题非科技相关，不进入详情爬取

  [2/40] 标题: 中国银行吉林省分行智能柜台维保服务采购项目招标公告
      [科技识别] 标题是否科技相关: 否
      [SKIP] 标题非科技相关，不进入详情爬取

  [3/40] 标题: 交通银行江西省分行全辖2026年空调采购安装项目中标结果公示
      [科技识别] 标题是否科技相关: 否
      [SKIP] 标题非科技相关，不进入详情爬取

  [4/40] 标题: 甘肃民勤农村商业银行股份有限公司关于甘肃民勤农村商业银行股份有限公司关于甘肃农商银行民勤支…
      [科技识别] 标题是否科技相关: 否
      [SKIP] 标题非科技相关，不进入详情爬取

  [5/40] 标题: 内蒙古农村商业银行股份有限公司正蓝旗支行关于正蓝旗上都镇消防队对面商业楼107-207铺的…
      [科技识别] 标题是否科技相关: 否
      [SKIP] 标题非科技相关，不进入详情爬取

  [6/40] 标题: 内蒙古农村商业银行股份有限公司正蓝旗支行关于正蓝旗上都镇消防队对面商业楼105-205铺的…
      [科技识别] 标题是否科技相关: 否
      [SKIP] 标题非科技相关，不进入详情爬取

  [7/40] 标题: 内蒙古农村商业银行股份有限公司正蓝旗支行关于正蓝旗上都镇消防队对面商业楼102-202铺的…
      [科技识别] 标题是否科技相关: 否
      [SKIP] 标题非科技相关，不进入详情爬取

  [8/40] 标题: 内蒙古农村商业银行股份有限公司正蓝旗支行关于正蓝旗上都镇消防队对面商业楼106-206铺的…
      [科技识别] 标题是否科技相关: 否
      [SKIP] 标题非科技相关，不进入详情爬取

  [9/40] 标题: 兰州银行01关于定西市陇西县文峰镇人民路佲仕花园一楼101商铺的公告(第三次)
      [科技识别] 标题是否科技相关: 否
      [SKIP] 标题非科技相关，不进入详情爬取

  [10/40] 标题: 太原市尖草坪区信都村镇银行股份有限公司关于太原市尖草坪区信都村镇银行股份有限公司)对太原市…
      [科技识别] 标题是否科技相关: 否
      [SKIP] 标题非科技相关，不进入详情爬取

  [11/40] 标题: 兰州银行01关于定西市陇西县文峰镇人民路佲仕花园一楼105商铺的公告(再次)
      [科技识别] 标题是否科技相关: 否
      [SKIP] 标题非科技相关，不进入详情爬取

  [12/40] 标题: 兰州银行01关于定西市陇西县文峰镇人民路佲仕花园一楼102商铺的公告(末次)
      [科技识别] 标题是否科技相关: 否
      [SKIP] 标题非科技相关，不进入详情爬取

  [13/40] 标题: 内蒙古农村商业银行股份有限公司正蓝旗支行关于正蓝旗上都镇消防队对面商业楼108铺的公告(第…
      [科技识别] 标题是否科技相关: 否
      [SKIP] 标题非科技相关，不进入详情爬取

  [14/40] 标题: 兰州银行01关于定西市陇西县文峰镇人民路佲仕花园一楼107商铺的公告(末次)
      [科技识别] 标题是否科技相关: 否
      [SKIP] 标题非科技相关，不进入详情爬取

  [15/40] 标题: 兰州银行01关于定西市陇西县文峰镇人民路佲仕花园一楼106商铺的公告
      [科技识别] 标题是否科技相关: 否
      [SKIP] 标题非科技相关，不进入详情爬取

  [16/40] 标题: 吉林农村商业银行股份有限公司四平城区支行关于抵债资产公开拍卖的公告
      [科技识别] 标题是否科技相关: 否
      [SKIP] 标题非科技相关，不进入详情爬取

  [17/40] 标题: 内蒙古农村商业银行股份有限公司正蓝旗支行关于正蓝旗上都镇消防队对面商业楼104-204铺的…
      [科技识别] 标题是否科技相关: 否
      [SKIP] 标题非科技相关，不进入详情爬取

  [18/40] 标题: 兰州银行01关于定西市陇西县文峰镇人民路佲仕花园一楼104商铺的公告(重新处置)
      [科技识别] 标题是否科技相关: 否
      [SKIP] 标题非科技相关，不进入详情爬取

  [19/40] 标题: 内蒙古农村商业银行股份有限公司正蓝旗支行关于正蓝旗上都镇消防队对面商业楼103-203铺的…
      [科技识别] 标题是否科技相关: 否
      [SKIP] 标题非科技相关，不进入详情爬取

  [20/40] 标题: 安徽凤台农村商业银行股份有限公司关于凤台县滨河湾沿街商铺两套的公告
      [科技识别] 标题是否科技相关: 否
      [SKIP] 标题非科技相关，不进入详情爬取

  [21/40] 标题: 华诚工程咨询集团有限公司关于中国工商银行温州分行福利物资采购定点供应项目的中标结果公示
      [科技识别] 标题是否科技相关: 否
      [SKIP] 标题非科技相关，不进入详情爬取

  [22/40] 标题: 亚洲开发银行贷款南水北调中线源头河南邓州生态环境保护及综合治理项目邓州市湍北污水处理厂配套…
      [科技识别] 标题是否科技相关: 否
      [SKIP] 标题非科技相关，不进入详情爬取

  [23/40] 标题: 哈尔滨银行消费信贷部（信用卡中心）律师函电子送达服务项目招标结果公告
      [科技识别] 标题是否科技相关: 否
      [SKIP] 标题非科技相关，不进入详情爬取

  [24/40] 标题: 中国银行巴中分行2026年物业管理服务项目采购结果公示
      [科技识别] 标题是否科技相关: 否
      [SKIP] 标题非科技相关，不进入详情爬取

  [25/40] 标题: 枝江市城市更新农业银行小区建设项目备案
      [科技识别] 标题是否科技相关: 否
      [SKIP] 标题非科技相关，不进入详情爬取

  [26/40] 标题: 新疆银行新影像平台采购项目变更公告
      [科技识别] 标题是否科技相关: 是
      [过滤-排除词] 未命中，通过
      [过滤-关键词] 包含「银行」，通过
      [OK] 通过全部筛选，进入详情爬取
    [PDF] 路由拦截成功，共 153068 字节
    [PDF] 扫描版/少字 PDF 共 1 页，转为图片 OCR...
    [OCR] 识别第 1/1 页 ...
    [OCR] 全部 1 页识别完成
    [PDF] 响应拦截解析完成，共 368 字
    [已保存] output\2026-04-01\银行\招标公告_新疆银行新影像平台采购项目变更公告_073600.json

  [27/40] 标题: 中国银行双流分行2026年绿植租赁服务采购项目采购结果公示
      [科技识别] 标题是否科技相关: 否
      [SKIP] 标题非科技相关，不进入详情爬取

  [28/40] 标题: 陕西铜川工业技师学院（资金性质：后勤服务专户）开户银行遴选项目竞争性磋商公告
      [科技识别] 标题是否科技相关: 否
      [SKIP] 标题非科技相关，不进入详情爬取

  [29/40] 标题: 中国邮政储蓄银行股份有限公司江苏省分行江苏省烟草公司终端智能收单设备集中采购项目中标结果公…
      [科技识别] 标题是否科技相关: 否
      [SKIP] 标题非科技相关，不进入详情爬取

  [30/40] 标题: 南充农商银行UPS电源设备采购项目招标公告
      [科技识别] 标题是否科技相关: 是
      [过滤-排除词] 未命中，通过
      [过滤-关键词] 包含「银行」，通过
      [OK] 通过全部筛选，进入详情爬取
    [PDF] 路由拦截成功，共 1889319 字节
    [PDF] 扫描版/少字 PDF 共 6 页，转为图片 OCR...
    [OCR] 识别第 1/6 页 ...
    [OCR] 识别第 2/6 页 ...
    [OCR] 识别第 3/6 页 ...
    [OCR] 识别第 4/6 页 ...
    [OCR] 识别第 5/6 页 ...
    [OCR] 识别第 6/6 页 ...
    [OCR] 全部 6 页识别完成
    [PDF] 响应拦截解析完成，共 4007 字
    [已保存] output\2026-04-01\银行\招标公告_南充农商银行UPS电源设备采购项目招标公告_073710.json

  [31/40] 标题: 云南景洪农村商业银行股份有限公司人防保安服务项目
      [科技识别] 标题是否科技相关: 否
      [SKIP] 标题非科技相关，不进入详情爬取

  [32/40] 标题: 中国银行三明分行骨干网备用线路及离行ATM网络线路服务项目采购结果公示
      [科技识别] 标题是否科技相关: 否
      [SKIP] 标题非科技相关，不进入详情爬取

  [33/40] 标题: 【兴业银行股份有限公司大同分行2026年本部及同城保安服务外包项目】中标结果公示
      [科技识别] 标题是否科技相关: 否
      [SKIP] 标题非科技相关，不进入详情爬取

  [34/40] 标题: 顺德农商银行数据治理DCMM评估项目（二次）采购供应商意向征集公告
      [科技识别] 标题是否科技相关: 否
      [SKIP] 标题非科技相关，不进入详情爬取

  [35/40] 标题: 招商银行贵阳分行2026年车辆清洗服务供应商项目征集公告
      [科技识别] 标题是否科技相关: 否
      [SKIP] 标题非科技相关，不进入详情爬取

  [36/40] 标题: 成都农村商业银行股份有限公司西区支行资产出租交易结果公示（2026年04月01日）
      [科技识别] 标题是否科技相关: 否
      [SKIP] 标题非科技相关，不进入详情爬取

  [37/40] 标题: 成都农村商业银行股份有限公司双流支行资产出租交易结果公示（2026年04月01日）
      [科技识别] 标题是否科技相关: 否
      [SKIP] 标题非科技相关，不进入详情爬取

  [38/40] 标题: 渤海银行2026-2027年度Oracle软件维保服务采购项目成交公示
      [科技识别] 标题是否科技相关: 是
      [过滤-排除词] 未命中，通过
      [过滤-关键词] 包含「银行」，通过
      [OK] 通过全部筛选，进入详情爬取
    [已保存] output\2026-04-01\银行\中标结果_渤海银行2026-2027年度Oracle软件维保服务采购项目成交公示_073740.json

  [39/40] 标题: 关于广发银行苏州分行2026-2027年市区网点和昆山支行押运寄库服务单一来源采购申请-结…
      [科技识别] 标题是否科技相关: 否
      [SKIP] 标题非科技相关，不进入详情爬取

  [40/40] 标题: 建设银行办公用房租赁项目
      [科技识别] 标题是否科技相关: 否
      [SKIP] 标题非科技相关，不进入详情爬取

  [第 23 页]
  [DEBUG] 已检测到「条信息」，按整页详情链接解析
      [WARN] 未找到 .ssjg-leixing，info_type 将记为采招信息
  本页找到 40 条结果

  [1/40] 标题: 上海中澳城康养项目银行间类REITs发行载体管理机构服务采购流标公告
      [科技识别] 标题是否科技相关: 否
      [SKIP] 标题非科技相关，不进入详情爬取

  [2/40] 标题: 眉山岷东智慧城市管理有限公司选定乐山商业银行眉山分行债权尽调服务联合体机构竞争性磋商成交公…
      [科技识别] 标题是否科技相关: 否
      [SKIP] 标题非科技相关，不进入详情爬取

  [3/40] 标题: 中国邮政储蓄银行股份有限公司运城市分行电梯广告投放服务采购项目公开竞争性磋商公告
      [科技识别] 标题是否科技相关: 否
      [SKIP] 标题非科技相关，不进入详情爬取

  [4/40] 标题: 中国民生银行股份有限公司支付终端入围采购项目评审结果公示
      [科技识别] 标题是否科技相关: 否
      [SKIP] 标题非科技相关，不进入详情爬取

  [5/40] 标题: 安徽凤台农村商业银行股份有限公司关于凤台县万嘉购物广场（苏果超市后）商铺2套的公告
      [科技识别] 标题是否科技相关: 否
      [SKIP] 标题非科技相关，不进入详情爬取

  [6/40] 标题: 内蒙古农村商业银行股份有限公司正蓝旗支行关于正蓝旗上都镇消防队对面商业楼101-201铺的…
      [科技识别] 标题是否科技相关: 否
      [SKIP] 标题非科技相关，不进入详情爬取

  [7/40] 标题: 2509-320506-89-01-628100中国农业银行股份有限公司苏州临湖支行危房翻…
      [科技识别] 标题是否科技相关: 否
      [SKIP] 标题非科技相关，不进入详情爬取

  [8/40] 标题: 询价文件（西南证券投资银行类业务工作底稿存储管理采购项目）
      [科技识别] 标题是否科技相关: 否
      [SKIP] 标题非科技相关，不进入详情爬取

  [9/40] 标题: 2026年河源广东龙川农村商业银行股份有限公司政企双线接入更新改造工程（新增AP）设备采购…
      [科技识别] 标题是否科技相关: 否
      [SKIP] 标题非科技相关，不进入详情爬取

  [10/40] 标题: 屯留农商银行网点安防改造(001标段)竞争性磋商成交候选人公示
      [科技识别] 标题是否科技相关: 否
      [SKIP] 标题非科技相关，不进入详情爬取

  [11/40] 标题: 邹城农商银行南屯支行营业办公用房危房改造项目-审批事项信息
      [科技识别] 标题是否科技相关: 否
      [SKIP] 标题非科技相关，不进入详情爬取

  [12/40] 标题: 上海中澳城康养项目银行间类REITs发行载体管理机构服务采购流标公告-SDJK-2026-…
      [科技识别] 标题是否科技相关: 否
      [SKIP] 标题非科技相关，不进入详情爬取

  [13/40] 标题: 邮储银行宁波分行特约商户专业化外包服务采购项目中标候选人公示
      [科技识别] 标题是否科技相关: 否
      [SKIP] 标题非科技相关，不进入详情爬取

  [14/40] 标题: 浦发银行济南分行收单业务外包服务项目招标
      [科技识别] 标题是否科技相关: 否
      [SKIP] 标题非科技相关，不进入详情爬取

  [15/40] 标题: 上海浦东发展银行昆明分行2026年-2028年零售信贷资料档案辅助管理外包服务项目招标公告
      [科技识别] 标题是否科技相关: 否
      [SKIP] 标题非科技相关，不进入详情爬取

  [16/40] 标题: 中国邮政储蓄银行贵州省分行自营网点营销宣传屏设备采购项目招标公告
      [科技识别] 标题是否科技相关: 否
      [SKIP] 标题非科技相关，不进入详情爬取

  [17/40] 标题: 兰州银行01关于甘肃省临夏回族自治州和政县龙泉馨苑2号楼2层的公告
      [科技识别] 标题是否科技相关: 否
      [SKIP] 标题非科技相关，不进入详情爬取

  [18/40] 标题: 安徽凤台农村商业银行股份有限公司关于凤台县滨河湾沿街商铺1套的公告
      [科技识别] 标题是否科技相关: 否
      [SKIP] 标题非科技相关，不进入详情爬取

  [19/40] 标题: 兰州银行01关于城北新区安置区1号楼4标、6标；广河县城关镇滨河市场内商贸大厦南楼2号楼2…
      [科技识别] 标题是否科技相关: 否
      [SKIP] 标题非科技相关，不进入详情爬取

  [20/40] 标题: 内蒙古农村商业银行股份有限公司呼伦贝尔海拉尔区支行关于呼伦贝尔经济开发区仁和街仁和小区2-…
      [科技识别] 标题是否科技相关: 否
      [SKIP] 标题非科技相关，不进入详情爬取

  [21/40] 标题: 兰州银行01关于城关镇西村4社商铺转让的公告
      [科技识别] 标题是否科技相关: 否
      [SKIP] 标题非科技相关，不进入详情爬取

  [22/40] 标题: 兰州银行01关于甘肃省武威市武威新能源装备产业园土地及地上厂房的公告
      [科技识别] 标题是否科技相关: 否
      [SKIP] 标题非科技相关，不进入详情爬取

  [23/40] 标题: 兰州银行01关于石洞镇中堡村委会南侧双博龙购物广场2N幢1单元、4单元转让的公告
      [科技识别] 标题是否科技相关: 否
      [SKIP] 标题非科技相关，不进入详情爬取

  [24/40] 标题: 内蒙古农村商业银行股份有限公司呼伦贝尔海拉尔区支行关于呼伦贝尔经济开发区仁和街仁和小区1-…
      [科技识别] 标题是否科技相关: 否
      [SKIP] 标题非科技相关，不进入详情爬取

  [25/40] 标题: 兰州银行01关于甘肃省白银市会宁县鸡儿川农业科技示范园区L-2-33号1幢转让的公告
      [科技识别] 标题是否科技相关: 否
      [SKIP] 标题非科技相关，不进入详情爬取

  [26/40] 标题: 兰州银行01关于甘肃省兰州市城关区雁南街道雁宁路395号2层001室转让的公告
      [科技识别] 标题是否科技相关: 否
      [SKIP] 标题非科技相关，不进入详情爬取

  [27/40] 标题: 内蒙古农村商业银行股份有限公司呼伦贝尔海拉尔区支行关于呼伦贝尔经济开发区仁和街仁和小区1-…
      [科技识别] 标题是否科技相关: 否
      [SKIP] 标题非科技相关，不进入详情爬取

  [28/40] 标题: 内蒙古农村商业银行股份有限公司呼伦贝尔海拉尔区支行关于呼伦贝尔经济开发区仁和街仁和小区1-…
      [科技识别] 标题是否科技相关: 否
      [SKIP] 标题非科技相关，不进入详情爬取

  [29/40] 标题: 安徽凤台农村商业银行股份有限公司关于凤台县新城国际写字楼2间的公告
      [科技识别] 标题是否科技相关: 否
      [SKIP] 标题非科技相关，不进入详情爬取

  [30/40] 标题: 中国光大银行股份有限公司南昌分行购买员工团体保险项目（第二次）成交结果公告
      [科技识别] 标题是否科技相关: 否
      [SKIP] 标题非科技相关，不进入详情爬取

  [31/40] 标题: 兴业银行福州分行福州铁路运输法院智慧食堂项目建设项目（第二次）--招标公告
      [科技识别] 标题是否科技相关: 否
      [SKIP] 标题非科技相关，不进入详情爬取

  [32/40] 标题: 甘肃银行诉某公司人格混同诉讼案件律所选聘项目竞争性磋商公告
      [科技识别] 标题是否科技相关: 否
      [SKIP] 标题非科技相关，不进入详情爬取

  [33/40] 标题: ?海南银行2026年基金代销系统跨境资管项目
      [科技识别] 标题是否科技相关: 否
      [SKIP] 标题非科技相关，不进入详情爬取

  [34/40] 标题: 唐山银行2026-2027年服务器及存储维护服务项目中标结果公示
      [科技识别] 标题是否科技相关: 是
      [过滤-排除词] 未命中，通过
      [过滤-关键词] 包含「银行」，通过
      [OK] 通过全部筛选，进入详情爬取
    [已保存] output\2026-04-01\银行\中标结果_唐山银行2026-2027年服务器及存储维护服务项目中标结果公示_073904.json

  [35/40] 标题: 【建行自采】宿州市分行办公室关于在银行界网站投放广告的采购项目采购结果信息公开
      [科技识别] 标题是否科技相关: 否
      [SKIP] 标题非科技相关，不进入详情爬取

  [36/40] 标题: 兴业银行杭州分行关于优质水果采购项目供应商征集调研公告
      [科技识别] 标题是否科技相关: 否
      [SKIP] 标题非科技相关，不进入详情爬取

  [37/40] 标题: 兴业银行关于泰安和园社区支行网点装修工程项目供应商征集调研公告
      [科技识别] 标题是否科技相关: 否
      [SKIP] 标题非科技相关，不进入详情爬取

  [38/40] 标题: 兴业银行义乌分行关于2026年义乌分行驾驶员服务外包项目供应商征集调研公告
      [科技识别] 标题是否科技相关: 否
      [SKIP] 标题非科技相关，不进入详情爬取

  [39/40] 标题: 兴业银行关于滨州天成花园社区支行网点装修工程项目供应商征集调研公告
      [科技识别] 标题是否科技相关: 否
      [SKIP] 标题非科技相关，不进入详情爬取

  [40/40] 标题: 中国银行福建自贸试验区福州片区分行辖属连江支行2026-2027年车辆维保服务项目第三次采…
      [科技识别] 标题是否科技相关: 否
      [SKIP] 标题非科技相关，不进入详情爬取

  [第 24 页]
  [DEBUG] 已检测到「条信息」，按整页详情链接解析
      [WARN] 未找到 .ssjg-leixing，info_type 将记为采招信息
  本页找到 40 条结果

  [1/40] 标题: 上海农商银行上网行为管理平台POC供应商第二轮征集公告
      [科技识别] 标题是否科技相关: 是
      [过滤-排除词] 未命中，通过
      [过滤-关键词] 包含「银行」，通过
      [OK] 通过全部筛选，进入详情爬取
    [已保存] output\2026-04-01\银行\招标公告_上海农商银行上网行为管理平台POC供应商第二轮征集公告_074033.json

  [2/40] 标题: 中国建设银行股份有限公司山西省分行商户业务运维服务项目中标公告
      [科技识别] 标题是否科技相关: 是
      [过滤-排除词] 未命中，通过
      [过滤-关键词] 包含「银行」，通过
      [OK] 通过全部筛选，进入详情爬取
    [已保存] output\2026-04-01\银行\中标结果_中国建设银行股份有限公司山西省分行商户业务运维服务项目中标公告_074104.json

  [3/40] 标题: 中国人民银行合肥中心支行关于缝纫DIY成品的网上超市采购项目成交公告
      [科技识别] 标题是否科技相关: 否
      [SKIP] 标题非科技相关，不进入详情爬取

  [4/40] 标题: 太原农村商业银行股份有限公司关于山西美锦钢铁有限公司重大关联交易信息披露报告
      [科技识别] 标题是否科技相关: 否
      [SKIP] 标题非科技相关，不进入详情爬取

  [5/40] 标题: 山东郓城农村商业银行股份有限公司2026年智慧柜员机维保服务项目中标结果公示
      [科技识别] 标题是否科技相关: 否
      [SKIP] 标题非科技相关，不进入详情爬取

  [6/40] 标题: 中国银行杭州市分行关于2026年杭州市分行主城区第三代社保卡便携式制卡机采购项目的集中采购…
      [科技识别] 标题是否科技相关: 否
      [SKIP] 标题非科技相关，不进入详情爬取

  [7/40] 标题: 杭州文化产权交易所关于四川南充农村商业银行自然人股权50万股公开竞价的公告(第一次)
      [科技识别] 标题是否科技相关: 否
      [SKIP] 标题非科技相关，不进入详情爬取

  [8/40] 标题: 招商银行北京分行采购结果公告-BJ01-20260324004
      [科技识别] 标题是否科技相关: 否
      [SKIP] 标题非科技相关，不进入详情爬取

  [9/40] 标题: （破）北京泽润嘉源商贸有限责任公司破产管理人关于北京泽润嘉源商贸有限责任公司管理人关于第三…
      [科技识别] 标题是否科技相关: 否
      [SKIP] 标题非科技相关，不进入详情爬取

  [10/40] 标题: 北京银行司库系统合作厂商入围采购项目入围结果公告
      [科技识别] 标题是否科技相关: 否
      [SKIP] 标题非科技相关，不进入详情爬取

  [11/40] 标题: 中国银行股份有限公司山西省分行2026年普通凭证印刷厂商选型入围项目框架协议招标变更公告
      [科技识别] 标题是否科技相关: 否
      [SKIP] 标题非科技相关，不进入详情爬取

  [12/40] 标题: 巢湖农村商业银行忠庙支行和栏杆支行视频监控设备采购安装中标公告
      [科技识别] 标题是否科技相关: 否
      [SKIP] 标题非科技相关，不进入详情爬取

  [13/40] 标题: 五河农商银行17个网点安全改造项目造价咨询服务邀请公告
      [科技识别] 标题是否科技相关: 否
      [SKIP] 标题非科技相关，不进入详情爬取

  [14/40] 标题: 兰州银行01关于兰州市城关区渭源路街道177-185号第1层010室（1层商铺）转让的公告
      [科技识别] 标题是否科技相关: 否
      [SKIP] 标题非科技相关，不进入详情爬取

  [15/40] 标题: 大连经济技术开发区鑫汇村镇银行股份有限公司关于大连金州区先进街道东山路182-5号1-2层…
      [科技识别] 标题是否科技相关: 否
      [SKIP] 标题非科技相关，不进入详情爬取

  [16/40] 标题: 招商银行九江分行物业服务采购项目供应商征集公告
      [科技识别] 标题是否科技相关: 否
      [SKIP] 标题非科技相关，不进入详情爬取

  [17/40] 标题: 兰州银行01关于甘肃省武威市古浪县古浪镇昌灵路第五中学东面1-商业04#的公告
      [科技识别] 标题是否科技相关: 否
      [SKIP] 标题非科技相关，不进入详情爬取

  [18/40] 标题: 内蒙古农村商业银行股份有限公司呼伦贝尔海拉尔区支行关于呼伦贝尔经济开发区仁和街仁和小区1-…
      [科技识别] 标题是否科技相关: 否
      [SKIP] 标题非科技相关，不进入详情爬取

  [19/40] 标题: 招商银行北京分行机场服务采购项目供应商征集公告
      [科技识别] 标题是否科技相关: 否
      [SKIP] 标题非科技相关，不进入详情爬取

  [20/40] 标题: 兰州银行01关于甘肃省武威市凉州区南苑小区24号楼1号的公告
      [科技识别] 标题是否科技相关: 否
      [SKIP] 标题非科技相关，不进入详情爬取

  [21/40] 标题: 中标公告|上海农商银行营销礼品采购结果公告
      [科技识别] 标题是否科技相关: 否
      [SKIP] 标题非科技相关，不进入详情爬取

  [22/40] 标题: 中国邮政储蓄银行股份有限公司咸宁市分行2026年食堂食材采购项目（包7）第四次公开招标公告
      [科技识别] 标题是否科技相关: 否
      [SKIP] 标题非科技相关，不进入详情爬取

  [23/40] 标题: 中信银行“全行机房环境动力集中监控软件平台信创升级项目”供应商征集公告
      [科技识别] 标题是否科技相关: 是
      [过滤-排除词] 未命中，通过
      [过滤-关键词] 包含「银行」，通过
      [OK] 通过全部筛选，进入详情爬取
    [已保存] output\2026-04-01\银行\招标公告_中信银行“全行机房环境动力集中监控软件平台信创升级项目”供应商征集公告_074142.json

  [24/40] 标题: 中国邮政储蓄银行做市商交易系统服务采购项目成交结果公告
      [科技识别] 标题是否科技相关: 否
      [SKIP] 标题非科技相关，不进入详情爬取

  [25/40] 标题: 中信银行中信大厦7层北侧明档增加排烟系统改造工程
      [科技识别] 标题是否科技相关: 否
      [SKIP] 标题非科技相关，不进入详情爬取

  [26/40] 标题: 中信银行高端客户私人管家个性化服务项目供应商征集公告
      [科技识别] 标题是否科技相关: 否
      [SKIP] 标题非科技相关，不进入详情爬取

  [27/40] 标题: 中信银行“全行标准化机房产品框架入围采购项目”供应商征集公告
      [科技识别] 标题是否科技相关: 是
      [过滤-排除词] 未命中，通过
      [过滤-关键词] 包含「银行」，通过
      [OK] 通过全部筛选，进入详情爬取
    [已保存] output\2026-04-01\银行\招标公告_中信银行“全行标准化机房产品框架入围采购项目”供应商征集公告_074219.json

  [28/40] 标题: 中信银行“2027-2028年度顺义马坡信息技术研发基地一期机房柴油供应采购项目”供应商征…
      [科技识别] 标题是否科技相关: 是
      [过滤-排除词] 未命中，通过
      [过滤-关键词] 包含「银行」，通过
      [OK] 通过全部筛选，进入详情爬取
    [已保存] output\2026-04-01\银行\招标公告_中信银行“2027-2028年度顺义马坡信息技术研发基地一期机房柴油供应采购项目”供应商征集公告_074255.json

  [29/40] 标题: 中国邮政储蓄银行股份有限公司苏州市分行苏州市地方征信平台服务采购项目成交结果公告
      [科技识别] 标题是否科技相关: 是
      [过滤-排除词] 未命中，通过
      [过滤-关键词] 包含「银行」，通过
      [OK] 通过全部筛选，进入详情爬取
    [已保存] output\2026-04-01\银行\中标结果_中国邮政储蓄银行股份有限公司苏州市分行苏州市地方征信平台服务采购项目成交结果公告_074325.json

  [30/40] 标题: 中国工商银行河南省分行老君山文化旅游集团智慧旅游平台项目招标公告
      [科技识别] 标题是否科技相关: 是
      [过滤-排除词] 未命中，通过
      [过滤-关键词] 包含「银行」，通过
      [OK] 通过全部筛选，进入详情爬取
    [已保存] output\2026-04-01\银行\招标公告_中国工商银行河南省分行老君山文化旅游集团智慧旅游平台项目招标公告_074401.json

  [31/40] 标题: 中国人民银行忻州市分行2026-2029国库会计核算业务辅助操作外包服务成交结果公告
      [科技识别] 标题是否科技相关: 否
      [SKIP] 标题非科技相关，不进入详情爬取

  [32/40] 标题: 中国银行股份有限公司【北京市分行】北京分行2026-2028年企业税务风险报告采购项目采购…
      [科技识别] 标题是否科技相关: 否
      [SKIP] 标题非科技相关，不进入详情爬取

  [33/40] 标题: 【黑龙江联合产权交易所】标的2：哈尔滨联合农村商业银行股份有限公司阿城支行原师范校储蓄所营…
      [科技识别] 标题是否科技相关: 否
      [SKIP] 标题非科技相关，不进入详情爬取

  [34/40] 标题: 【黑龙江联合产权交易所】标的1：哈尔滨联合农村商业银行股份有限公司阿城支行原牌路储蓄所营业…
      [科技识别] 标题是否科技相关: 否
      [SKIP] 标题非科技相关，不进入详情爬取

  [35/40] 标题: 闻集镇齐菜园村招商银行建设大棚租赁
      [科技识别] 标题是否科技相关: 否
      [SKIP] 标题非科技相关，不进入详情爬取

  [36/40] 标题: 紫金农商银行2026年度金融科技通用人力外包现场服务采购项目中标候选人公示
      [科技识别] 标题是否科技相关: 否
      [SKIP] 标题非科技相关，不进入详情爬取

  [37/40] 标题: 中国邮政储蓄银行黑龙江省分行2026年信用卡业务营销能力提升培训服务采购项目中标候选人公示
      [科技识别] 标题是否科技相关: 否
      [SKIP] 标题非科技相关，不进入详情爬取

  [38/40] 标题: 中国邮政储蓄银行黑龙江省分行2026年-2028年全省通信线路租赁服务入围采购项目（第二标…
      [科技识别] 标题是否科技相关: 否
      [SKIP] 标题非科技相关，不进入详情爬取

  [39/40] 标题: 中国邮政储蓄银行黑龙江省分行2026年-2028年全省通信线路租赁服务入围采购项目（第一标…
      [科技识别] 标题是否科技相关: 否
      [SKIP] 标题非科技相关，不进入详情爬取

  [40/40] 标题: 广发银行股份有限公司宁波分行食堂所需原材料供应及配送项目采购公告
      [科技识别] 标题是否科技相关: 否
      [SKIP] 标题非科技相关，不进入详情爬取

  [第 25 页]
  [DEBUG] 已检测到「条信息」，按整页详情链接解析
      [WARN] 未找到 .ssjg-leixing，info_type 将记为采招信息
  本页找到 40 条结果

  [1/40] 标题: 黑龙江富裕农村商业银行股份有限公司5处房地产分别转让交易公告
      [科技识别] 标题是否科技相关: 否
      [SKIP] 标题非科技相关，不进入详情爬取

  [2/40] 标题: 哈尔滨联合农村商业银行股份有限公司阿城支行2处营业用房分别转让交易公告
      [科技识别] 标题是否科技相关: 否
      [SKIP] 标题非科技相关，不进入详情爬取

  [3/40] 标题: 中国农业银行股份有限公司内蒙古自治区分行与中国长城资产管理股份有限公司内蒙古自治区分公司债…
      [科技识别] 标题是否科技相关: 否
      [SKIP] 标题非科技相关，不进入详情爬取

  [4/40] 标题: 招商银行采购结果公告-ZH00-20260309003
      [科技识别] 标题是否科技相关: 否
      [SKIP] 标题非科技相关，不进入详情爬取

  [5/40] 标题: 中国农业银行股份有限公司内蒙古自治区分行与中国长城资产管理股份有限公司内蒙古自治区分公司债…
      [科技识别] 标题是否科技相关: 否
      [SKIP] 标题非科技相关，不进入详情爬取

  [6/40] 标题: 亚洲开发银行贷款重庆创新与人力资源发展示范项目-工业互联网工程实训室设备采购（合同编号：G…
      [科技识别] 标题是否科技相关: 否
      [SKIP] 标题非科技相关，不进入详情爬取

  [7/40] 标题: 亚洲开发银行贷款重庆创新与人力资源发展示范项目-5G通信工程实训室设备采购（合同编号：GC…
      [科技识别] 标题是否科技相关: 否
      [SKIP] 标题非科技相关，不进入详情爬取

  [8/40] 标题: 湖北省交通运输厅世界银行贷款项目办公室2026年湖北省交通运输厅世界银行贷款项目办公室考试…
      [科技识别] 标题是否科技相关: 否
      [SKIP] 标题非科技相关，不进入详情爬取

  [9/40] 标题: 亚洲开发银行贷款重庆创新与人力资源发展示范项目-5G通信工程实训室设备采购（：GC-E25…
      [科技识别] 标题是否科技相关: 否
      [SKIP] 标题非科技相关，不进入详情爬取

  [10/40] 标题: 亚洲开发银行贷款重庆创新与人力资源发展示范项目-工业互联网工程实训室设备采购（：GC-E2…
      [科技识别] 标题是否科技相关: 否
      [SKIP] 标题非科技相关，不进入详情爬取

  [11/40] 标题: 内蒙古农村商业银行股份有限公司呼伦贝尔海拉尔区支行关于呼伦贝尔经济开发区仁和街仁和小区1-…
      [科技识别] 标题是否科技相关: 否
      [SKIP] 标题非科技相关，不进入详情爬取

  [12/40] 标题: 内蒙古农村商业银行股份有限公司呼伦贝尔海拉尔区支行关于呼伦贝尔经济开发区仁和街仁和小区1-…
      [科技识别] 标题是否科技相关: 否
      [SKIP] 标题非科技相关，不进入详情爬取

  [13/40] 标题: 合肥高新区财政局社保基金财政专户选择开户银行项目公开招标公告
      [科技识别] 标题是否科技相关: 否
      [SKIP] 标题非科技相关，不进入详情爬取

  [14/40] 标题: 内蒙古农村商业银行股份有限公司呼伦贝尔海拉尔区支行关于呼伦贝尔经济开发区仁和街仁和小区1-…
      [科技识别] 标题是否科技相关: 否
      [SKIP] 标题非科技相关，不进入详情爬取

  [15/40] 标题: 内蒙古农村商业银行股份有限公司呼伦贝尔海拉尔区支行关于呼伦贝尔经济开发区仁和街仁和小区1-…
      [科技识别] 标题是否科技相关: 否
      [SKIP] 标题非科技相关，不进入详情爬取

  [16/40] 标题: 合肥高新区财政局社保基金财政专户选择开户银行项目
      [科技识别] 标题是否科技相关: 否
      [SKIP] 标题非科技相关，不进入详情爬取

  [17/40] 标题: 内蒙古农村商业银行股份有限公司呼伦贝尔海拉尔区支行关于呼伦贝尔经济开发区仁和街仁和小区1-…
      [科技识别] 标题是否科技相关: 否
      [SKIP] 标题非科技相关，不进入详情爬取

  [18/40] 标题: 内蒙古农村商业银行股份有限公司呼伦贝尔海拉尔区支行关于呼伦贝尔经济开发区仁和街仁和小区1-…
      [科技识别] 标题是否科技相关: 否
      [SKIP] 标题非科技相关，不进入详情爬取

  [19/40] 标题: 内蒙古农村商业银行股份有限公司呼伦贝尔海拉尔区支行关于呼伦贝尔经济开发区仁和街仁和小区1-…
      [科技识别] 标题是否科技相关: 否
      [SKIP] 标题非科技相关，不进入详情爬取

  [20/40] 标题: 内蒙古农村商业银行股份有限公司呼伦贝尔海拉尔区支行关于呼伦贝尔经济开发区仁和街仁和小区1-…
      [科技识别] 标题是否科技相关: 否
      [SKIP] 标题非科技相关，不进入详情爬取

  [21/40] 标题: 内蒙古农村商业银行股份有限公司呼伦贝尔海拉尔区支行关于呼伦贝尔经济开发区仁和街仁和小区1-…
      [科技识别] 标题是否科技相关: 否
      [SKIP] 标题非科技相关，不进入详情爬取

  [22/40] 标题: 内蒙古农村商业银行股份有限公司呼伦贝尔海拉尔区支行关于呼伦贝尔经济开发区仁和街仁和小区1-…
      [科技识别] 标题是否科技相关: 否
      [SKIP] 标题非科技相关，不进入详情爬取

  [23/40] 标题: 中国邮政储蓄银行股份有限公司海南省分行2026-2029年招聘服务采购项目-招标公告
      [科技识别] 标题是否科技相关: 否
      [SKIP] 标题非科技相关，不进入详情爬取

  [24/40] 标题: 【招标】碳咨询服务商I中国建设银行陕西省分行碳排放咨询服务采购项目供应商征集公告
      [科技识别] 标题是否科技相关: 否
      [SKIP] 标题非科技相关，不进入详情爬取

  [25/40] 标题: 辽沈银行信贷系统群EAST5.0配套改造项目单一来源采购采前公示
      [科技识别] 标题是否科技相关: 否
      [SKIP] 标题非科技相关，不进入详情爬取

  [26/40] 标题: 吉林农商银行（省联社）存取款一体机入围项目招标公告
      [科技识别] 标题是否科技相关: 否
      [SKIP] 标题非科技相关，不进入详情爬取

  [27/40] 标题: 大连农商银行薪酬与职等职级体系优化项目公开招标公告
      [科技识别] 标题是否科技相关: 否
      [SKIP] 标题非科技相关，不进入详情爬取

  [28/40] 标题: 湖北银行2026年职工趣味运动会活动供应商采购项目竞争性谈判公告
      [科技识别] 标题是否科技相关: 否
      [SKIP] 标题非科技相关，不进入详情爬取

  [29/40] 标题: 长沙燃气集团2025年度银行账户清理及资金管理专项审计服务采购项目比选公告
      [科技识别] 标题是否科技相关: 否
      [SKIP] 标题非科技相关，不进入详情爬取

  [30/40] 标题: 长沙银行股份有限公司企业所得税资产损失鉴证服务项目磋商公告
      [科技识别] 标题是否科技相关: 否
      [SKIP] 标题非科技相关，不进入详情爬取

  [31/40] 标题: 中国农业发展银行湘西自治州分行本级物业服务采购项目中标结果公告
      [科技识别] 标题是否科技相关: 否
      [SKIP] 标题非科技相关，不进入详情爬取

  [32/40] 标题: 福建海峡银行股份有限公司应用前端运行监控项目中标结果公示
      [科技识别] 标题是否科技相关: 否
      [SKIP] 标题非科技相关，不进入详情爬取

  [33/40] 标题: 辽沈银行资产负债管理系统配合新信贷项目群配套改造项目单一来源采购采前公示
      [科技识别] 标题是否科技相关: 否
      [SKIP] 标题非科技相关，不进入详情爬取

  [34/40] 标题: 关于中国工商银行浙江舟山分行普陀支行营业室局部改造项目结果公示
      [科技识别] 标题是否科技相关: 否
      [SKIP] 标题非科技相关，不进入详情爬取

  [35/40] 标题: 四川银行凉山分行档案外包寄存项目采购项目
      [科技识别] 标题是否科技相关: 否
      [SKIP] 标题非科技相关，不进入详情爬取

  [36/40] 标题: 吉林农商银行（省联社）智慧柜台入围项目招标公告
      [科技识别] 标题是否科技相关: 否
      [SKIP] 标题非科技相关，不进入详情爬取

  [37/40] 标题: 泰安市总工会资金存放银行选定及泰安市工人文化宫基本账户开户银行采购项目变更公告
      [科技识别] 标题是否科技相关: 否
      [SKIP] 标题非科技相关，不进入详情爬取

  [38/40] 标题: 铁岭银行统一办公平台（OA系统）建设项目中标结果公示
      [科技识别] 标题是否科技相关: 是
      [过滤-排除词] 命中「办公」→ 跳过

  [39/40] 标题: 新疆银行光学字符识别（OCR）平台采购项目变更公告
      [科技识别] 标题是否科技相关: 是
      [过滤-排除词] 未命中，通过
      [过滤-关键词] 包含「银行」，通过
      [OK] 通过全部筛选，进入详情爬取
    [PDF] 路由拦截成功，共 154929 字节
    [PDF] 扫描版/少字 PDF 共 1 页，转为图片 OCR...
    [OCR] 识别第 1/1 页 ...
    [OCR] 全部 1 页识别完成
    [PDF] 响应拦截解析完成，共 399 字
    [已保存] output\2026-04-01\银行\招标公告_新疆银行光学字符识别（OCR）平台采购项目变更公告_074532.json

  [40/40] 标题: 招商银行石家庄体育南大街支行局部改造工程-项目审批情况
      [科技识别] 标题是否科技相关: 否
      [SKIP] 标题非科技相关，不进入详情爬取

  [第 26 页]
  [DEBUG] 已检测到「条信息」，按整页详情链接解析
      [WARN] 未找到 .ssjg-leixing，info_type 将记为采招信息
  本页找到 22 条结果

  [1/22] 标题: 辽沈银行一表通报送系统配合新信贷项目群改造项目单一来源采前公示
      [科技识别] 标题是否科技相关: 是
      [过滤-排除词] 未命中，通过
      [过滤-关键词] 包含「银行」，通过
      [OK] 通过全部筛选，进入详情爬取
    [已保存] output\2026-04-01\银行\招标公告_辽沈银行一表通报送系统配合新信贷项目群改造项目单一来源采前公示_074702.json

  [2/22] 标题: 郑州银行数据实时同步工具采购项目公开比选公告
      [科技识别] 标题是否科技相关: 否
      [SKIP] 标题非科技相关，不进入详情爬取

  [3/22] 标题: 中国银行丹东分行档案库房消防设备采购项目招标公告
      [科技识别] 标题是否科技相关: 否
      [SKIP] 标题非科技相关，不进入详情爬取

  [4/22] 标题: 哈尔滨银行股份有限公司沈阳铁西支行装修改造项目成交结果公示
      [科技识别] 标题是否科技相关: 否
      [SKIP] 标题非科技相关，不进入详情爬取

  [5/22] 标题: 吉林农村商业银行股份有限公司东辽支行零星维修服务采购项目招标公告
      [科技识别] 标题是否科技相关: 否
      [SKIP] 标题非科技相关，不进入详情爬取

  [6/22] 标题: 泉州银行UKEY采购项目采购公告
      [科技识别] 标题是否科技相关: 否
      [SKIP] 标题非科技相关，不进入详情爬取

  [7/22] 标题: 云南丘北农村商业银行股份有限公司“同业”新一代系统所需清分机采购项目成交公示
      [科技识别] 标题是否科技相关: 否
      [SKIP] 标题非科技相关，不进入详情爬取

  [8/22] 标题: 上海市体育发展服务中心2026年资金存放服务银行选择项目招标公告
      [科技识别] 标题是否科技相关: 否
      [SKIP] 标题非科技相关，不进入详情爬取

  [9/22] 标题: 福清汇通农商银行2026年收单商户云音箱采购招标公告
      [科技识别] 标题是否科技相关: 否
      [SKIP] 标题非科技相关，不进入详情爬取

  [10/22] 标题: 兴业银行关于泰安和园社区支行网点装修工程项目供应商征集调研公告
      [科技识别] 标题是否科技相关: 否
      [SKIP] 标题非科技相关，不进入详情爬取

  [11/22] 标题: 兴业银行西安分行关于零售AUM提升专项活动项目供应商征集调研公告
      [科技识别] 标题是否科技相关: 否
      [SKIP] 标题非科技相关，不进入详情爬取

  [12/22] 标题: 兴业银行北京分行关于区域基金投资管理系统项目供应商征集调研公告
      [科技识别] 标题是否科技相关: 否
      [SKIP] 标题非科技相关，不进入详情爬取

  [13/22] 标题: 泰安市岱岳区人民法院关于泰安岱岳农村商业银行股份有限公司股金200万股（第一次拍卖）的公告
      [科技识别] 标题是否科技相关: 否
      [SKIP] 标题非科技相关，不进入详情爬取

  [14/22] 标题: 兴业银行台州分行关于2026-2027年信用卡司法清收项目供应商征集公告
      [科技识别] 标题是否科技相关: 否
      [SKIP] 标题非科技相关，不进入详情爬取

  [15/22] 标题: 泉州银行股份有限公司公务用车（别克GL8）竞价采购项目
      [科技识别] 标题是否科技相关: 否
      [SKIP] 标题非科技相关，不进入详情爬取

  [16/22] 标题: 泰安市岱岳区人民法院关于泰安岱岳农村商业银行股份有限公司股金200万股（第一次拍卖）的公告
      [科技识别] 标题是否科技相关: 否
      [SKIP] 标题非科技相关，不进入详情爬取

  [17/22] 标题: 兴业银行杭州分行关于优质水果采购项目供应商征集调研公告
      [科技识别] 标题是否科技相关: 否
      [SKIP] 标题非科技相关，不进入详情爬取

  [18/22] 标题: 河北霸州农村商业银行股份有限公司信安支行新建营业楼项目（EPC）
      [科技识别] 标题是否科技相关: 否
      [SKIP] 标题非科技相关，不进入详情爬取

  [19/22] 标题: 兴业银行合肥分行关于装修类零星维修项目（二次）供应商征集公告
      [科技识别] 标题是否科技相关: 否
      [SKIP] 标题非科技相关，不进入详情爬取

  [20/22] 标题: 兴业银行关于2026—2027年度数据中心网络设备备件及技术服务项目供应商征集调研公告
      [科技识别] 标题是否科技相关: 是
      [过滤-排除词] 未命中，通过
      [过滤-关键词] 包含「银行」，通过
      [OK] 通过全部筛选，进入详情爬取
    [已保存] output\2026-04-01\银行\招标公告_兴业银行关于2026—2027年度数据中心网络设备备件及技术服务项目供应商征集调研公告_074731.json

  [21/22] 标题: 兴业银行合肥分行关于空调类零星维修保养项目供应商征集公告
      [科技识别] 标题是否科技相关: 否
      [SKIP] 标题非科技相关，不进入详情爬取

  [22/22] 标题: 兴业银行关于滨州天成花园社区支行网点装修工程项目供应商征集调研公告
      [科技识别] 标题是否科技相关: 否
      [SKIP] 标题非科技相关，不进入详情爬取

  [第 27 页]
  [DEBUG] 已检测到「条信息」，按整页详情链接解析
      [WARN] 未找到 .ssjg-leixing，info_type 将记为采招信息
  本页找到 22 条结果
  本页链接均已在之前页处理过，视为重复页，停止翻页。
  [OK] 「银行」爬取结束，正在关闭标签页…

  「银行」完成：成功 95 篇，失败 0 篇
  [OK] 等待 2~6 秒后继续下一关键词…

====================================================
  [2/10] 关键词：「资产管理」

────────────────────────────────────────────────────
  关键词：「资产管理」  输出目录：output\2026-04-01\资产管理/
  [OK] 搜索结果页 -> https://search.bidcenter.com.cn/search?keywords=%e8%b5%84%e4%ba%a7%e7%ae%a1%e7%90%86&mod=0
  [OK] 已点击「标题搜索」
  [OK] 标题搜索结果页 -> https://search.bidcenter.com.cn/search?keywords=%E8%B5%84%E4%BA%A7%E7%AE%A1%E7%90%86&tag=1&mod=0
  [时间筛选] 2026-04-01 ~ 2026-04-01
  [OK] 时间筛选已应用 -> https://search.bidcenter.com.cn/search?keywords=%E8%B5%84%E4%BA%A7%E7%AE%A1%E7%90%86&tag=1&mod=0&time=5&stime=2026-04-01&endtime=2026-04-01

  [第 1 页]
  [DEBUG] 已检测到「条信息」，按整页详情链接解析
      [WARN] 未找到 .ssjg-leixing，info_type 将记为采招信息
  本页找到 40 条结果

  [1/40] 标题: 青岛恒诺资产管理有限公司110kV林河线#88-#90杆迁改工程设计施工总承包竞争性谈判采…
      [科技识别] 标题是否科技相关: 否
      [SKIP] 标题非科技相关，不进入详情爬取

  [2/40] 标题: 四川省省级机关国有资产管理中心国有资产处置劳务外包服务采购项目竞争性磋商公告
      [科技识别] 标题是否科技相关: 否
      [SKIP] 标题非科技相关，不进入详情爬取

  [3/40] 标题: 红塔证券2026-2028年度资产管理监管报送系统租用采购项目（二次）招标公告
      [科技识别] 标题是否科技相关: 是
      [过滤-排除词] 命中「租用」→ 跳过

  [4/40] 标题: 西双版纳傣族自治州审计局勐腊县人民政府主要领导履行自然资源资产管理和生态环境保护责任情况审…
      [科技识别] 标题是否科技相关: 否
      [SKIP] 标题非科技相关，不进入详情爬取

  [5/40] 标题: 西双版纳傣族自治州审计局西双版纳州本级2023年-2025年国有企业经营性资产管理运营审计…
      [科技识别] 标题是否科技相关: 否
      [SKIP] 标题非科技相关，不进入详情爬取

  [6/40] 标题: （降价）延安西路67号众厦大楼3处资产转让（持有方：贵州省机关事务管理局国有资产管理服务中…
      [科技识别] 标题是否科技相关: 否
      [SKIP] 标题非科技相关，不进入详情爬取

  [7/40] 标题: （降价）环东路151号两处资产转让（持有方：贵州省机关事务管理局国有资产管理服务中心）(二…
      [科技识别] 标题是否科技相关: 否
      [SKIP] 标题非科技相关，不进入详情爬取

  [8/40] 标题: （降价）宝山南路312号五栋12处资产转让（持有方：贵州省机关事务管理局国有资产管理服务中…
      [科技识别] 标题是否科技相关: 否
      [SKIP] 标题非科技相关，不进入详情爬取

  [9/40] 标题: 西安市农业农村局（本级）2026年04月至2026年05月政府采购意向-衔接资金项目及资产…
      [科技识别] 标题是否科技相关: 否
      [SKIP] 标题非科技相关，不进入详情爬取

  [10/40] 标题: （降价）筑匀大厦A栋22层转让（持有方：贵州省机关事务管理局国有资产管理服务中心）(二次挂…
      [科技识别] 标题是否科技相关: 否
      [SKIP] 标题非科技相关，不进入详情爬取

  [11/40] 标题: （降价）花溪区霞晖路静晖街J-09号转让（持有方：贵州省机关事务管理局国有资产管理服务中心…
      [科技识别] 标题是否科技相关: 否
      [SKIP] 标题非科技相关，不进入详情爬取

  [12/40] 标题: （降价）云岩区山林路2处资产转让（持有方：贵州省机关事务管理局国有资产管理服务中心）(二次…
      [科技识别] 标题是否科技相关: 否
      [SKIP] 标题非科技相关，不进入详情爬取

  [13/40] 标题: （降价）白沙南巷7号2栋2处资产转让（持有方：持有方：贵州省机关事务管理局国有资产管理服务…
      [科技识别] 标题是否科技相关: 否
      [SKIP] 标题非科技相关，不进入详情爬取

  [14/40] 标题: （降价）遵义巷273号2处资产转让（持有方：贵州省机关事务管理局国有资产管理服务中心）(二…
      [科技识别] 标题是否科技相关: 否
      [SKIP] 标题非科技相关，不进入详情爬取

  [15/40] 标题: （降价）溪山御景25处资产转让（持有方：贵州省机关事务管理局国有资产管理服务中心）(二次挂…
      [科技识别] 标题是否科技相关: 否
      [SKIP] 标题非科技相关，不进入详情爬取

  [16/40] 标题: （降价）护国路153号3单元8层22号住宅转让（持有方：贵州省机关事务管理局国有资产管理服…
      [科技识别] 标题是否科技相关: 否
      [SKIP] 标题非科技相关，不进入详情爬取

  [17/40] 标题: （降价）金顶山46幢1单元8层1号住宅转让（持有方：贵州省机关事务管理局国有资产管理服务中…
      [科技识别] 标题是否科技相关: 否
      [SKIP] 标题非科技相关，不进入详情爬取

  [18/40] 标题: （降价）兴关路11号、16号两项资产转让（持有方：贵州省机关事务管理局国有资产管理服务中心…
      [科技识别] 标题是否科技相关: 否
      [SKIP] 标题非科技相关，不进入详情爬取

  [19/40] 标题: （降价）北京市通州区宋庄镇疃里新村25号楼2处资产转让（持有方：贵州省机关事务管理局国有资…
      [科技识别] 标题是否科技相关: 否
      [SKIP] 标题非科技相关，不进入详情爬取

  [20/40] 标题: （降价）环城东路万东商贸城丙一排04号、05号门面转让（持有方：贵州省机关事务管理局国有资…
      [科技识别] 标题是否科技相关: 否
      [SKIP] 标题非科技相关，不进入详情爬取

  [21/40] 标题: （降价）花溪大道北段128号B栋3-4层转让（持有方：贵州省机关事务管理局国有资产管理服务…
      [科技识别] 标题是否科技相关: 否
      [SKIP] 标题非科技相关，不进入详情爬取

  [22/40] 标题: 资产管理总部上海地区员工体检服务项目结果公告
      [科技识别] 标题是否科技相关: 否
      [SKIP] 标题非科技相关，不进入详情爬取

  [23/40] 标题: 常州市新北区西夏墅财政和资产管理办公室常州市新北区西夏墅镇人民政府关于洗脸巾的网上商城采购…
      [科技识别] 标题是否科技相关: 否
      [SKIP] 标题非科技相关，不进入详情爬取

  [24/40] 标题: 常州市新北区西夏墅财政和资产管理办公室常州市新北区西夏墅镇人民政府关于墨水的网上商城采购项…
      [科技识别] 标题是否科技相关: 否
      [SKIP] 标题非科技相关，不进入详情爬取

  [25/40] 标题: 常州市新北区西夏墅财政和资产管理办公室常州市新北区西夏墅镇人民政府关于墨水的网上商城采购项…
      [科技识别] 标题是否科技相关: 否
      [SKIP] 标题非科技相关，不进入详情爬取

  [26/40] 标题: 常州市新北区西夏墅财政和资产管理办公室常州市新北区西夏墅镇人民政府关于教学仪器的网上商城采…
      [科技识别] 标题是否科技相关: 否
      [SKIP] 标题非科技相关，不进入详情爬取

  [27/40] 标题: 常州市新北区西夏墅财政和资产管理办公室常州市新北区西夏墅镇人民政府关于文具套装/礼盒的网上…
      [科技识别] 标题是否科技相关: 否
      [SKIP] 标题非科技相关，不进入详情爬取

  [28/40] 标题: 常州市新北区西夏墅财政和资产管理办公室常州市新北区西夏墅镇人民政府关于墨水的网上商城采购项…
      [科技识别] 标题是否科技相关: 否
      [SKIP] 标题非科技相关，不进入详情爬取

  [29/40] 标题: HBGXJT司库及资产管理平台实施服务竞争性谈判公告-ESTPFQ202603300001…
      [科技识别] 标题是否科技相关: 是
      [过滤-排除词] 未命中，通过
      [过滤-关键词] 包含「资产管理」，通过
      [OK] 通过全部筛选，进入详情爬取
    [已保存] output\2026-04-01\资产管理\招标公告_HBGXJT司库及资产管理平台实施服务竞争性谈判公告-ESTPFQ2026033000012_075011.json

  [30/40] 标题: 西安市农业农村局（本级）2026年04月至2026年05月政府采购意向-衔接资金项目及资产…
      [科技识别] 标题是否科技相关: 否
      [SKIP] 标题非科技相关，不进入详情爬取

  [31/40] 标题: 中国东方资产管理股份有限公司江苏省分公司公开处置宿迁市致富皮业有限公司等19户不良资产包公…
      [科技识别] 标题是否科技相关: 否
      [SKIP] 标题非科技相关，不进入详情爬取

  [32/40] 标题: 中国中信金融资产管理股份有限公司青海省分公司资产处置公告
      [科技识别] 标题是否科技相关: 否
      [SKIP] 标题非科技相关，不进入详情爬取

  [33/40] 标题: 中国中信金融资产管理股份有限公司青海省分公司资产处置公告
      [科技识别] 标题是否科技相关: 否
      [SKIP] 标题非科技相关，不进入详情爬取

  [34/40] 标题: 太平资本保险资产管理有限公司2026年法律股权池组建项目供应商征集公告
      [科技识别] 标题是否科技相关: 否
      [SKIP] 标题非科技相关，不进入详情爬取

  [35/40] 标题: 太平资本保险资产管理有限公司2026年法律债权池组建项目供应商征集公告
      [科技识别] 标题是否科技相关: 否
      [SKIP] 标题非科技相关，不进入详情爬取

  [36/40] 标题: 太平资本保险资产管理有限公司2026年信评池组建项目供应商征集公告
      [科技识别] 标题是否科技相关: 否
      [SKIP] 标题非科技相关，不进入详情爬取

  [37/40] 标题: 如东锦恒资产管理有限公司受托管理的所有经营性租赁住宅保洁服务项目
      [科技识别] 标题是否科技相关: 否
      [SKIP] 标题非科技相关，不进入详情爬取

  [38/40] 标题: 中国东方资产管理股份有限公司云南省分公司关于某地产项目合作机构的征集公告
      [科技识别] 标题是否科技相关: 否
      [SKIP] 标题非科技相关，不进入详情爬取

  [39/40] 标题: 中国人寿资产管理有限公司防火墙管理系统采购项目变更公告
      [科技识别] 标题是否科技相关: 是
      [过滤-排除词] 未命中，通过
      [过滤-关键词] 包含「资产管理」，通过
      [OK] 通过全部筛选，进入详情爬取
    [已保存] output\2026-04-01\资产管理\招标公告_中国人寿资产管理有限公司防火墙管理系统采购项目变更公告_075048.json

  [40/40] 标题: 2026年业务支撑域敏捷资产管理系统软件开发及运营支撑服务框架_中选结果公示
      [科技识别] 标题是否科技相关: 是
      [过滤-排除词] 未命中，通过
      [过滤-关键词] 包含「资产管理」，通过
      [OK] 通过全部筛选，进入详情爬取
    [已保存] output\2026-04-01\资产管理\中标结果_2026年业务支撑域敏捷资产管理系统软件开发及运营支撑服务框架_中选结果公示_075118.json

  [第 2 页]
  [DEBUG] 已检测到「条信息」，按整页详情链接解析
      [WARN] 未找到 .ssjg-leixing，info_type 将记为采招信息
  本页找到 40 条结果

  [1/40] 标题: 中国长城资产管理股份有限公司广东省分公司对饶平县友祥实业有限公司债权资产处置公告
      [科技识别] 标题是否科技相关: 否
      [SKIP] 标题非科技相关，不进入详情爬取

  [2/40] 标题: DFHK资产管理项目实施服务竞争性谈判公告-ESTPFQ2026033100004
      [科技识别] 标题是否科技相关: 否
      [SKIP] 标题非科技相关，不进入详情爬取

  [3/40] 标题: 天津滨海高新技术产业开发区资产管理办公室（天津滨海高新技术产业开发区基本建设管理办公室）渤…
      [科技识别] 标题是否科技相关: 否
      [SKIP] 标题非科技相关，不进入详情爬取

  [4/40] 标题: 海口凯域资产管理有限公司-蓝城印象安保服务项目-竞争性磋商公告
      [科技识别] 标题是否科技相关: 否
      [SKIP] 标题非科技相关，不进入详情爬取

  [5/40] 标题: 江西省金融资产管理股份有限公司持有的江西省通源地产集团有限公司1户不良债权转让项目
      [科技识别] 标题是否科技相关: 否
      [SKIP] 标题非科技相关，不进入详情爬取

  [6/40] 标题: 安徽担保资产管理有限公司关于电度表的网上超市采购项目合同履约验收公告
      [科技识别] 标题是否科技相关: 否
      [SKIP] 标题非科技相关，不进入详情爬取

  [7/40] 标题: 中国人寿资产管理有限公司防火墙管理系统采购项目变更公告
      [科技识别] 标题是否科技相关: 是
      [过滤-排除词] 未命中，通过
      [过滤-关键词] 包含「资产管理」，通过
      [OK] 通过全部筛选，进入详情爬取
    [已保存] output\2026-04-01\资产管理\招标公告_中国人寿资产管理有限公司防火墙管理系统采购项目变更公告_075246.json

  [8/40] 标题: 浦银金租数据资产管理平台运维项目采购成交结果公告
      [科技识别] 标题是否科技相关: 是
      [过滤-排除词] 未命中，通过
      [过滤-关键词] 包含「资产管理」，通过
      [OK] 通过全部筛选，进入详情爬取
    [已保存] output\2026-04-01\资产管理\中标结果_浦银金租数据资产管理平台运维项目采购成交结果公告_075323.json

  [9/40] 标题: 中国长城资产管理股份有限公司公开招标采购不动产数据及接入适配开发项目招标公告
      [科技识别] 标题是否科技相关: 是
      [过滤-排除词] 未命中，通过
      [过滤-关键词] 包含「资产管理」，通过
      [OK] 通过全部筛选，进入详情爬取
    [已保存] output\2026-04-01\资产管理\招标公告_中国长城资产管理股份有限公司公开招标采购不动产数据及接入适配开发项目招标公告_075358.json

  [10/40] 标题: 澄城县融媒体中心媒体资产管理系统项目（二次）中标（成交）结果公告
      [科技识别] 标题是否科技相关: 否
      [SKIP] 标题非科技相关，不进入详情爬取

  [11/40] 标题: 赣州市振龙资产管理有限公司关于拍卖紫金·晨星天宇公馆2号楼1601室的公告(第一次)
      [科技识别] 标题是否科技相关: 否
      [SKIP] 标题非科技相关，不进入详情爬取

  [12/40] 标题: 锦州医科大学医疗学院资产管理系统招标公告
      [科技识别] 标题是否科技相关: 否
      [SKIP] 标题非科技相关，不进入详情爬取

  [13/40] 标题: 固定资产管理系统采购比选公告
      [科技识别] 标题是否科技相关: 否
      [SKIP] 标题非科技相关，不进入详情爬取

  [14/40] 标题: 中国东方资产管理股份有限公司河南省分公司关于淇县京润塑料有限公司债权资产的公开竞价公告
      [科技识别] 标题是否科技相关: 否
      [SKIP] 标题非科技相关，不进入详情爬取

  [15/40] 标题: 【中标】上海东方证券资产管理有限公司信创集中式存储采购项目
      [科技识别] 标题是否科技相关: 否
      [SKIP] 标题非科技相关，不进入详情爬取

  [16/40] 标题: 惠州市惠阳区新源资产管理有限公司拟处置惠州市惠阳供销万村千乡连锁配送有限公司10%股权价值…
      [科技识别] 标题是否科技相关: 否
      [SKIP] 标题非科技相关，不进入详情爬取

  [17/40] 标题: 青海汇信资产管理有限责任公司（镁业、元品、新材料）化验试剂22项物资采购文件采购结果公示
      [科技识别] 标题是否科技相关: 否
      [SKIP] 标题非科技相关，不进入详情爬取

  [18/40] 标题: 中国中信金融资产管理股份有限公司湖北省分公司公开竞价公告
      [科技识别] 标题是否科技相关: 否
      [SKIP] 标题非科技相关，不进入详情爬取

  [19/40] 标题: 中国中信金融资产管理股份有限公司湖北省分公司公开竞价公告
      [科技识别] 标题是否科技相关: 否
      [SKIP] 标题非科技相关，不进入详情爬取

  [20/40] 标题: 中国长城资产管理股份有限公司云南省分公司持有的曲靖市沾益区汇洲经贸有限公司债权资产处置公告
      [科技识别] 标题是否科技相关: 否
      [SKIP] 标题非科技相关，不进入详情爬取

  [21/40] 标题: 广州国有资产管理集团有限公司关于一批机柜、ODF配线架、空调等废旧设备的公告
      [科技识别] 标题是否科技相关: 否
      [SKIP] 标题非科技相关，不进入详情爬取

  [22/40] 标题: 【资产管理处】2026-04-01上海中医药大学仪器设备结果公示-20260319询价
      [科技识别] 标题是否科技相关: 否
      [SKIP] 标题非科技相关，不进入详情爬取

  [23/40] 标题: 广东省资产管理中心办公家具（定制化服务）定点议价采购公告(2026-04-0114:58:…
      [科技识别] 标题是否科技相关: 否
      [SKIP] 标题非科技相关，不进入详情爬取

  [24/40] 标题: 广东省资产管理中心办公家具（定制化服务）定点采购定点议价成交公告-DDYJ-2026-17…
      [科技识别] 标题是否科技相关: 否
      [SKIP] 标题非科技相关，不进入详情爬取

  [25/40] 标题: 广东省资产管理中心办公家具（定制化服务）定点采购定点议价成交公告-DDYJ-2026-17…
      [科技识别] 标题是否科技相关: 否
      [SKIP] 标题非科技相关，不进入详情爬取

  [26/40] 标题: 江苏资产管理有限公司对徐州市立成精密机械制造有限公司1户债权资产处置公告
      [科技识别] 标题是否科技相关: 否
      [SKIP] 标题非科技相关，不进入详情爬取

  [27/40] 标题: 山东省金融资产管理股份有限公司对山东万通经贸有限公司等3户债权资产处置公告
      [科技识别] 标题是否科技相关: 否
      [SKIP] 标题非科技相关，不进入详情爬取

  [28/40] 标题: 山东省金融资产管理股份有限公司对山东晟曌建筑有限公司等3户债权资产处置公告
      [科技识别] 标题是否科技相关: 否
      [SKIP] 标题非科技相关，不进入详情爬取

  [29/40] 标题: 武汉信用资产管理有限公司关于沈阳市友谊时代广场A/B/C座会所的公告(第一次)
      [科技识别] 标题是否科技相关: 否
      [SKIP] 标题非科技相关，不进入详情爬取

  [30/40] 标题: 武汉信用资产管理有限公司关于沈阳市友谊时代广场B座写字间的公告(第一次)
      [科技识别] 标题是否科技相关: 否
      [SKIP] 标题非科技相关，不进入详情爬取

  [31/40] 标题: 武汉信用资产管理有限公司关于沈阳友谊时代广场A座大商业的公告(第一次)
      [科技识别] 标题是否科技相关: 否
      [SKIP] 标题非科技相关，不进入详情爬取

  [32/40] 标题: 海南省直属机关资产管理中心海南省救助管理站办公楼修缮政府采购合同公告
      [科技识别] 标题是否科技相关: 否
      [SKIP] 标题非科技相关，不进入详情爬取

  [33/40] 标题: 广东省资产管理中心办公家具（定制化服务）定点议价采购公告(2026-04-0114:31:…
      [科技识别] 标题是否科技相关: 否
      [SKIP] 标题非科技相关，不进入详情爬取

  [34/40] 标题: 广东省资产管理中心办公家具（定制化服务）定点议价采购公告(2026-04-0114:38:…
      [科技识别] 标题是否科技相关: 否
      [SKIP] 标题非科技相关，不进入详情爬取

  [35/40] 标题: 广东省资产管理中心办公家具（定制化服务）定点采购定点议价成交公告-DDYJ-2026-17…
      [科技识别] 标题是否科技相关: 否
      [SKIP] 标题非科技相关，不进入详情爬取

  [36/40] 标题: 中国银河资产管理有限责任公司关于青岛博创筑工建筑科技有限公司等三户债权资产的处置公告
      [科技识别] 标题是否科技相关: 否
      [SKIP] 标题非科技相关，不进入详情爬取

  [37/40] 标题: 中国东方资产管理股份有限公司福建省分公司公开处置福建涵祥光电有限公司等5户不良债权资产包的…
      [科技识别] 标题是否科技相关: 否
      [SKIP] 标题非科技相关，不进入详情爬取

  [38/40] 标题: 中国东方资产管理股份有限公司甘肃省分公司公开处置兰州通融机动车检测有限公司等18户不良资产…
      [科技识别] 标题是否科技相关: 否
      [SKIP] 标题非科技相关，不进入详情爬取

  [39/40] 标题: 财政绩效事前评估、成本绩效分析、重点评价、评价复核、资产管理评价复核项目成交公告采购包5-…
      [科技识别] 标题是否科技相关: 否
      [SKIP] 标题非科技相关，不进入详情爬取

  [40/40] 标题: 财政绩效事前评估、成本绩效分析、重点评价、评价复核、资产管理评价复核项目成交公告采购包1-…
      [科技识别] 标题是否科技相关: 否
      [SKIP] 标题非科技相关，不进入详情爬取

  [第 3 页]
  [DEBUG] 已检测到「条信息」，按整页详情链接解析
      [WARN] 未找到 .ssjg-leixing，info_type 将记为采招信息
  本页找到 40 条结果

  [1/40] 标题: 财政绩效事前评估、成本绩效分析、重点评价、评价复核、资产管理评价复核项目成交公告采购包2-…
      [科技识别] 标题是否科技相关: 否
      [SKIP] 标题非科技相关，不进入详情爬取

  [2/40] 标题: 财政绩效事前评估、成本绩效分析、重点评价、评价复核、资产管理评价复核项目成交公告采购包7-…
      [科技识别] 标题是否科技相关: 否
      [SKIP] 标题非科技相关，不进入详情爬取

  [3/40] 标题: 财政绩效事前评估、成本绩效分析、重点评价、评价复核、资产管理评价复核项目成交公告采购包9-…
      [科技识别] 标题是否科技相关: 否
      [SKIP] 标题非科技相关，不进入详情爬取

  [4/40] 标题: 财政绩效事前评估、成本绩效分析、重点评价、评价复核、资产管理评价复核项目成交公告采购包4-…
      [科技识别] 标题是否科技相关: 否
      [SKIP] 标题非科技相关，不进入详情爬取

  [5/40] 标题: 财政绩效事前评估、成本绩效分析、重点评价、评价复核、资产管理评价复核项目成交公告采购包11…
      [科技识别] 标题是否科技相关: 否
      [SKIP] 标题非科技相关，不进入详情爬取

  [6/40] 标题: 财政绩效事前评估、成本绩效分析、重点评价、评价复核、资产管理评价复核项目成交公告采购包3-…
      [科技识别] 标题是否科技相关: 否
      [SKIP] 标题非科技相关，不进入详情爬取

  [7/40] 标题: 财政绩效事前评估、成本绩效分析、重点评价、评价复核、资产管理评价复核项目成交公告采购包10…
      [科技识别] 标题是否科技相关: 否
      [SKIP] 标题非科技相关，不进入详情爬取

  [8/40] 标题: 财政绩效事前评估、成本绩效分析、重点评价、评价复核、资产管理评价复核项目成交公告采购包8-…
      [科技识别] 标题是否科技相关: 否
      [SKIP] 标题非科技相关，不进入详情爬取

  [9/40] 标题: 中国东方资产管理股份有限公司甘肃省分公司关于对兰州通融机动车检测有限公司等18户不良资产的…
      [科技识别] 标题是否科技相关: 否
      [SKIP] 标题非科技相关，不进入详情爬取

  [10/40] 标题: 财政绩效事前评估、成本绩效分析、重点评价、评价复核、资产管理评价复核项目成交公告采购包6-…
      [科技识别] 标题是否科技相关: 否
      [SKIP] 标题非科技相关，不进入详情爬取

  [11/40] 标题: 浦东新区教育局资产管理事务中心2026年度常务法律顾问项目
      [科技识别] 标题是否科技相关: 否
      [SKIP] 标题非科技相关，不进入详情爬取

  [12/40] 标题: 徐州市云龙区彭城七里老旧街区改造项目-户部山步行街北侧改造（云龙区）-徐州市状元府资产管理…
      [科技识别] 标题是否科技相关: 否
      [SKIP] 标题非科技相关，不进入详情爬取

  [13/40] 标题: 财政绩效事前评估、成本绩效分析、重点评价、评价复核、资产管理评价复核项目成交公告
      [科技识别] 标题是否科技相关: 否
      [SKIP] 标题非科技相关，不进入详情爬取

  [14/40] 标题: 青海汇信资产管理有限责任公司（元品、镁业）各分厂阀门等63物资项招标文件（自）
      [科技识别] 标题是否科技相关: 否
      [SKIP] 标题非科技相关，不进入详情爬取

  [15/40] 标题: 天津中车绿色科技发展有限公司退回案件受理费法律服务项目二次采购2026030003采购公告…
      [科技识别] 标题是否科技相关: 否
      [SKIP] 标题非科技相关，不进入详情爬取

  [16/40] 标题: 如东锦恒资产管理有限公司关于如东县城钟山路东侧、湘江路南侧地块(君安华庭)13幢109铺房…
      [科技识别] 标题是否科技相关: 否
      [SKIP] 标题非科技相关，不进入详情爬取

  [17/40] 标题: 2026年后续资产管理维修、改造提升项目-2026年后续资产管理维修、改造提升项目
      [科技识别] 标题是否科技相关: 否
      [SKIP] 标题非科技相关，不进入详情爬取

  [18/40] 标题: 如东锦恒资产管理有限公司关于如东县城钟山路东侧、湘江路南侧地块(君安华庭)13幢110铺房…
      [科技识别] 标题是否科技相关: 否
      [SKIP] 标题非科技相关，不进入详情爬取

  [19/40] 标题: 如东锦恒资产管理有限公司关于如东县城钟山路东侧、湘江路南侧地块(君安华庭)13幢111铺房…
      [科技识别] 标题是否科技相关: 否
      [SKIP] 标题非科技相关，不进入详情爬取

  [20/40] 标题: 如东锦恒资产管理有限公司关于如东县城钟山路东侧、湘江路南侧地块(君安华庭)13幢106铺房…
      [科技识别] 标题是否科技相关: 否
      [SKIP] 标题非科技相关，不进入详情爬取

  [21/40] 标题: 如东锦恒资产管理有限公司关于如东县城钟山路东侧、湘江路南侧地块(君安华庭)13幢104铺房…
      [科技识别] 标题是否科技相关: 否
      [SKIP] 标题非科技相关，不进入详情爬取

  [22/40] 标题: 如东锦恒资产管理有限公司关于如东县城钟山路东侧、湘江路南侧地块(君安华庭)13幢105铺房…
      [科技识别] 标题是否科技相关: 否
      [SKIP] 标题非科技相关，不进入详情爬取

  [23/40] 标题: 如东锦恒资产管理有限公司关于如东县城钟山路东侧、湘江路南侧地块(君安华庭)13幢108铺房…
      [科技识别] 标题是否科技相关: 否
      [SKIP] 标题非科技相关，不进入详情爬取

  [24/40] 标题: 如东锦恒资产管理有限公司关于如东县城钟山路东侧、湘江路南侧地块(君安华庭)13幢107铺房…
      [科技识别] 标题是否科技相关: 否
      [SKIP] 标题非科技相关，不进入详情爬取

  [25/40] 标题: 翁源县瑞致工贸资产管理有限公司7项物业公开招租交易结果公示（项目编号：CQ20260184…
      [科技识别] 标题是否科技相关: 否
      [SKIP] 标题非科技相关，不进入详情爬取

  [26/40] 标题: 平高电气资产管理分公司2026年污水处理在线监测系统运行维护项目公开谈判采购成交结果公告
      [科技识别] 标题是否科技相关: 否
      [SKIP] 标题非科技相关，不进入详情爬取

  [27/40] 标题: 2026年CREAMS楼宇资产管理系统招采直接采购结果公告
      [科技识别] 标题是否科技相关: 否
      [SKIP] 标题非科技相关，不进入详情爬取

  [28/40] 标题: 岷县人民检察院资产管理系统建设及办案设备采购项目招标公告
      [科技识别] 标题是否科技相关: 是
      [过滤-排除词] 未命中，通过
      [过滤-关键词] 包含「资产管理」，通过
      [OK] 通过全部筛选，进入详情爬取
    [已保存] output\2026-04-01\资产管理\招标公告_岷县人民检察院资产管理系统建设及办案设备采购项目招标公告_075527.json

  [29/40] 标题: 翁源县瑞致工贸资产管理有限公司7项物业公开招租交易结果公示（项目编号：CQ20260184…
      [科技识别] 标题是否科技相关: 否
      [SKIP] 标题非科技相关，不进入详情爬取

  [30/40] 标题: 中国长城资产管理股份有限公司四川省分公司对泸州老酒客酒庄贸易有限公司等20户债权处置公告
      [科技识别] 标题是否科技相关: 否
      [SKIP] 标题非科技相关，不进入详情爬取

  [31/40] 标题: 新疆通天河资产管理有限责任公司位于第二师21团桃园承包经营权公开拍卖流拍公示
      [科技识别] 标题是否科技相关: 否
      [SKIP] 标题非科技相关，不进入详情爬取

  [32/40] 标题: 如东锦恒资产管理有限公司关于如东县城钟山路东侧、湘江路南侧地块(君安华庭)13幢103铺房…
      [科技识别] 标题是否科技相关: 否
      [SKIP] 标题非科技相关，不进入详情爬取

  [33/40] 标题: 如东锦恒资产管理有限公司关于如东县城钟山路东侧、湘江路南侧地块(君安华庭)13幢102铺房…
      [科技识别] 标题是否科技相关: 否
      [SKIP] 标题非科技相关，不进入详情爬取

  [34/40] 标题: 重庆国际信托股份有限公司关于“重庆信托·新光控股企业破产服务信托计划”新光控股等35家企业…
      [科技识别] 标题是否科技相关: 否
      [SKIP] 标题非科技相关，不进入详情爬取

  [35/40] 标题: 国有资产管理部报废处置资产残值评估服务-编号：440001-2026-09864采购计划
      [科技识别] 标题是否科技相关: 否
      [SKIP] 标题非科技相关，不进入详情爬取

  [36/40] 标题: 【自采】-京西热电2026年碳资产管理委托服务项目结果公告-采购结果公告
      [科技识别] 标题是否科技相关: 否
      [SKIP] 标题非科技相关，不进入详情爬取

  [37/40] 标题: 昆明市土投资产管理有限公司办公用品及办公设备耗材供应服务项目询比公告
      [科技识别] 标题是否科技相关: 否
      [SKIP] 标题非科技相关，不进入详情爬取

  [38/40] 标题: 中国长城资产管理股份有限公司山东省分公司对山东汇通纺织有限公司等8户债权资产营销公告
      [科技识别] 标题是否科技相关: 否
      [SKIP] 标题非科技相关，不进入详情爬取

  [39/40] 标题: 中国长城资产管理股份有限公司宁夏回族自治区分公司对平罗县文艺巷富民购物广场4幢B号物权资产…
      [科技识别] 标题是否科技相关: 否
      [SKIP] 标题非科技相关，不进入详情爬取

  [40/40] 标题: 天津滨海建投资产管理有限公司招标代理服务机构库项目招标公告
      [科技识别] 标题是否科技相关: 否
      [SKIP] 标题非科技相关，不进入详情爬取

  [第 4 页]
  [DEBUG] 已检测到「条信息」，按整页详情链接解析
      [WARN] 未找到 .ssjg-leixing，info_type 将记为采招信息
  本页找到 40 条结果

  [1/40] 标题: 合肥北城国有资产管理有限责任公司关于高隔断/隔墙的网上超市采购项目成交公告
      [科技识别] 标题是否科技相关: 否
      [SKIP] 标题非科技相关，不进入详情爬取

  [2/40] 标题: 中国长城资产管理股份有限公司宁夏回族自治区分公司对平罗县文艺巷富民购物广场4幢B号物权资产…
      [科技识别] 标题是否科技相关: 否
      [SKIP] 标题非科技相关，不进入详情爬取

  [3/40] 标题: 广州资产管理关于广东合得利实业集团公司等43户债权资产的公告(第一次)
      [科技识别] 标题是否科技相关: 否
      [SKIP] 标题非科技相关，不进入详情爬取

  [4/40] 标题: 河南资产管理有限公司关于鹤壁宝发能源科技股份有限公司等5户不良债权转让项目补登公告（编号：…
      [科技识别] 标题是否科技相关: 否
      [SKIP] 标题非科技相关，不进入详情爬取

  [5/40] 标题: 2026年后续资产管理维修、改造提升项目
      [科技识别] 标题是否科技相关: 否
      [SKIP] 标题非科技相关，不进入详情爬取

  [6/40] 标题: 漯河郾城中原村镇银行有限责任公司与河南资产管理有限公司债权转让通知暨债务催收联合公告(编号…
      [科技识别] 标题是否科技相关: 否
      [SKIP] 标题非科技相关，不进入详情爬取

  [7/40] 标题: 中国东方资产管理股份有限公司河南省分公司关于河南恒美铝业有限公司等2户不良债权资产的处置公…
      [科技识别] 标题是否科技相关: 否
      [SKIP] 标题非科技相关，不进入详情爬取

  [8/40] 标题: 河南资产管理有限公司关于沁阳睿为视讯技术有限公司等2户（3笔）债权公开处置公告（编号：CZ…
      [科技识别] 标题是否科技相关: 否
      [SKIP] 标题非科技相关，不进入详情爬取

  [9/40] 标题: 河南资产管理有限公司关于河南省南街村（集团）有限公司等4户债权公开处置公告（编号：CZGG…
      [科技识别] 标题是否科技相关: 否
      [SKIP] 标题非科技相关，不进入详情爬取

  [10/40] 标题: 中国长城资产管理股份有限公司山东省分公司对山东宏诚置业有限公司等3户债权营销公告
      [科技识别] 标题是否科技相关: 否
      [SKIP] 标题非科技相关，不进入详情爬取

  [11/40] 标题: 青海汇信资产管理有限责任公司（元品、镁业）电伴热带、接线端子等14项产品采购文件采购结果公…
      [科技识别] 标题是否科技相关: 否
      [SKIP] 标题非科技相关，不进入详情爬取

  [12/40] 标题: 青海汇信资产管理有限责任公司（镁业、、元品）、新材料）办公室打印纸等163项物资采购文件采…
      [科技识别] 标题是否科技相关: 否
      [SKIP] 标题非科技相关，不进入详情爬取

  [13/40] 标题: 济南自贸试验区分行山东旅游职业学院高校物联网资产管理系统采购项目单一来源采前公示
      [科技识别] 标题是否科技相关: 否
      [SKIP] 标题非科技相关，不进入详情爬取

  [14/40] 标题: 来安县供销社资产管理有限责任公司位于来安县建阳中路原供销商场第三层西半部分商服用房招租项目
      [科技识别] 标题是否科技相关: 否
      [SKIP] 标题非科技相关，不进入详情爬取

  [15/40] 标题: 中国建设银行济南自贸试验区分行山东旅游职业学院高校物联网资产管理系统项目供应商征集公告
      [科技识别] 标题是否科技相关: 否
      [SKIP] 标题非科技相关，不进入详情爬取

  [16/40] 标题: 浙江省电信实业集团有限公司资产管理分公司萧山市心广场房屋租赁项目-中选候选人公示-1488…
      [科技识别] 标题是否科技相关: 否
      [SKIP] 标题非科技相关，不进入详情爬取

  [17/40] 标题: 中国长城资产管理股份有限公司宁夏回族自治区分公司关于对平罗县文艺巷富民购物广场4幢B号物权…
      [科技识别] 标题是否科技相关: 否
      [SKIP] 标题非科技相关，不进入详情爬取

  [18/40] 标题: 中国长城资产管理股份有限公司云南省分公司对云南正鼎咖啡有限公司债权进行公开竞价的公告
      [科技识别] 标题是否科技相关: 否
      [SKIP] 标题非科技相关，不进入详情爬取

  [19/40] 标题: 中国长城资产管理股份有限公司云南省分公司对云南金九地生物科技有限公司不良债权进行公开竞价的…
      [科技识别] 标题是否科技相关: 否
      [SKIP] 标题非科技相关，不进入详情爬取

  [20/40] 标题: 江苏资产管理有限公司关于不良资产处置服务商的招募公告
      [科技识别] 标题是否科技相关: 否
      [SKIP] 标题非科技相关，不进入详情爬取

  [21/40] 标题: 成都海科资产管理有限公司资产出租交易结果公示（2026年04月01日）
      [科技识别] 标题是否科技相关: 否
      [SKIP] 标题非科技相关，不进入详情爬取

  [22/40] 标题: 成都市市级机关国有资产管理服务中心资产出租竞价结果公示（2026年04月01日）
      [科技识别] 标题是否科技相关: 否
      [SKIP] 标题非科技相关，不进入详情爬取

  [23/40] 标题: 彭州市龙兴资产管理有限公司资产出租交易结果公示（2026年04月01日）
      [科技识别] 标题是否科技相关: 否
      [SKIP] 标题非科技相关，不进入详情爬取

  [24/40] 标题: 人保集团统一数据资产管理平台升级项目中选结果公告
      [科技识别] 标题是否科技相关: 是
      [过滤-排除词] 未命中，通过
      [过滤-关键词] 包含「资产管理」，通过
      [OK] 通过全部筛选，进入详情爬取
    [已保存] output\2026-04-01\资产管理\招标公告_人保集团统一数据资产管理平台升级项目中选结果公告_075655.json

  [25/40] 标题: 东莞市农村集体资产管理办公室东莞市农村集体资产管理办公室碎纸机电子卖场合同的合同公告-DD…
      [科技识别] 标题是否科技相关: 否
      [SKIP] 标题非科技相关，不进入详情爬取

  [26/40] 标题: 人保集团统一数据资产管理平台升级项目中选结果公告
      [科技识别] 标题是否科技相关: 是
      [过滤-排除词] 未命中，通过
      [过滤-关键词] 包含「资产管理」，通过
      [OK] 通过全部筛选，进入详情爬取
    [已保存] output\2026-04-01\资产管理\中标结果_人保集团统一数据资产管理平台升级项目中选结果公告_075725.json

  [27/40] 标题: 中国长城黑龙江省分公司关于中国长城资产管理股份有限公司黑龙江省分公司对齐齐哈尔市晶晶购物中…
      [科技识别] 标题是否科技相关: 否
      [SKIP] 标题非科技相关，不进入详情爬取

  [28/40] 标题: 长沙湘江资产管理有限公司关于湖南湘联节能科技股份有限公司等29户不良债权催收公告
      [科技识别] 标题是否科技相关: 否
      [SKIP] 标题非科技相关，不进入详情爬取

  [29/40] 标题: 长沙湘江资产管理有限公司关于湖南创大钒钨有限公司等3笔债权资产的公开竞价公告（第一次）
      [科技识别] 标题是否科技相关: 否
      [SKIP] 标题非科技相关，不进入详情爬取

  [30/40] 标题: 湖南科技职业学院国有资产管理处办公设备采购竞价终止公告-62026032614568532
      [科技识别] 标题是否科技相关: 否
      [SKIP] 标题非科技相关，不进入详情爬取

  [31/40] 标题: 华润渝康资产管理有限公司华润渝康资产管理有限公司公证服务项目采购询比采购结果公告
      [科技识别] 标题是否科技相关: 否
      [SKIP] 标题非科技相关，不进入详情爬取

  [32/40] 标题: 江苏扬子江国际冶金工业园财政和资产管理局关于接线板的网上商城采购项目成交公告-256110…
      [科技识别] 标题是否科技相关: 否
      [SKIP] 标题非科技相关，不进入详情爬取

  [33/40] 标题: 凉山州发展资产管理有限责任公司所持一批红酒公开处置
      [科技识别] 标题是否科技相关: 否
      [SKIP] 标题非科技相关，不进入详情爬取

  [34/40] 标题: 凉山州发展资产管理有限责任公司所持一批红酒公开处置-1200瓶
      [科技识别] 标题是否科技相关: 否
      [SKIP] 标题非科技相关，不进入详情爬取

  [35/40] 标题: 凉山州发展资产管理有限责任公司所持一批红酒公开处置-1800瓶
      [科技识别] 标题是否科技相关: 否
      [SKIP] 标题非科技相关，不进入详情爬取

  [36/40] 标题: 凉山州发展资产管理有限责任公司所持一批红酒公开处置-300瓶
      [科技识别] 标题是否科技相关: 否
      [SKIP] 标题非科技相关，不进入详情爬取

  [37/40] 标题: 凉山州发展资产管理有限责任公司所持一批红酒公开处置-300瓶
      [科技识别] 标题是否科技相关: 否
      [SKIP] 标题非科技相关，不进入详情爬取

  [38/40] 标题: 凉山州发展资产管理有限责任公司所持一批红酒公开处置-600瓶
      [科技识别] 标题是否科技相关: 否
      [SKIP] 标题非科技相关，不进入详情爬取

  [39/40] 标题: 凉山州发展资产管理有限责任公司所持一批红酒公开处置-2400瓶
      [科技识别] 标题是否科技相关: 否
      [SKIP] 标题非科技相关，不进入详情爬取

  [40/40] 标题: 凉山州发展资产管理有限责任公司所持一批红酒公开处置-1800瓶
      [科技识别] 标题是否科技相关: 否
      [SKIP] 标题非科技相关，不进入详情爬取

  [第 5 页]
  [DEBUG] 已检测到「条信息」，按整页详情链接解析
      [WARN] 未找到 .ssjg-leixing，info_type 将记为采招信息
  本页找到 20 条结果

  [1/20] 标题: 南昌三中高新校区固定资产管理(清查)服务采购竞价公告
      [科技识别] 标题是否科技相关: 否
      [SKIP] 标题非科技相关，不进入详情爬取

  [2/20] 标题: 中国长城资产管理股份有限公司内蒙古自治区分公司关于新增评估中介机构入库的公示
      [科技识别] 标题是否科技相关: 否
      [SKIP] 标题非科技相关，不进入详情爬取

  [3/20] 标题: 中国农业银行股份有限公司内蒙古自治区分行与中国长城资产管理股份有限公司内蒙古自治区分公司债…
      [科技识别] 标题是否科技相关: 否
      [SKIP] 标题非科技相关，不进入详情爬取

  [4/20] 标题: 【交易公告】哈密供销（集团）有限公司所持有的哈密鸿骏资产管理有限公司16.2%股权拍卖交易…
      [科技识别] 标题是否科技相关: 否
      [SKIP] 标题非科技相关，不进入详情爬取

  [5/20] 标题: 南昌三中高新校区固定资产管理(清查)服务采购
      [科技识别] 标题是否科技相关: 否
      [SKIP] 标题非科技相关，不进入详情爬取

  [6/20] 标题: 中国农业银行股份有限公司内蒙古自治区分行与中国长城资产管理股份有限公司内蒙古自治区分公司债…
      [科技识别] 标题是否科技相关: 否
      [SKIP] 标题非科技相关，不进入详情爬取

  [7/20] 标题: 武汉市东西湖区人民政府慈惠街道办事处慈惠街资产管理服务项目竞争性磋商公告
      [科技识别] 标题是否科技相关: 否
      [SKIP] 标题非科技相关，不进入详情爬取

  [8/20] 标题: 郯城县国有资产管理服务中心选聘2025年财务决算审计中介机构项目成交结果公告
      [科技识别] 标题是否科技相关: 否
      [SKIP] 标题非科技相关，不进入详情爬取

  [9/20] 标题: 菏泽市国有资产管理服务中心“三仓合一”维保运营服务项目成交公告
      [科技识别] 标题是否科技相关: 否
      [SKIP] 标题非科技相关，不进入详情爬取

  [10/20] 标题: 中国中信金融资产管理股份有限公司宁夏回族自治区分公司资产处置公告
      [科技识别] 标题是否科技相关: 否
      [SKIP] 标题非科技相关，不进入详情爬取

  [11/20] 标题: 中国中信金融资产管理股份有限公司资产处置公告
      [科技识别] 标题是否科技相关: 否
      [SKIP] 标题非科技相关，不进入详情爬取

  [12/20] 标题: 中国中信金融资产管理股份有限公司宁夏回族自治区分公司资产处置公告
      [科技识别] 标题是否科技相关: 否
      [SKIP] 标题非科技相关，不进入详情爬取

  [13/20] 标题: 中国中信金融资产管理股份有限公司黑龙江省分公司资产处置竞价公告
      [科技识别] 标题是否科技相关: 否
      [SKIP] 标题非科技相关，不进入详情爬取

  [14/20] 标题: 中国中信金融资产管理股份有限公司江苏省分公司资产处置公告
      [科技识别] 标题是否科技相关: 否
      [SKIP] 标题非科技相关，不进入详情爬取

  [15/20] 标题: 中国中信金融资产管理股份有限公司吉林省分公司债权催收公告
      [科技识别] 标题是否科技相关: 否
      [SKIP] 标题非科技相关，不进入详情爬取

  [16/20] 标题: 中国中信金融资产管理股份有限公司资产处置公告
      [科技识别] 标题是否科技相关: 否
      [SKIP] 标题非科技相关，不进入详情爬取

  [17/20] 标题: 中国中信金融资产管理股份有限公司黑龙江省分公司资产处置竞价公告
      [科技识别] 标题是否科技相关: 否
      [SKIP] 标题非科技相关，不进入详情爬取

  [18/20] 标题: 中国中信金融资产管理股份有限公司江苏省分公司资产处置公告
      [科技识别] 标题是否科技相关: 否
      [SKIP] 标题非科技相关，不进入详情爬取

  [19/20] 标题: 中国中信金融资产管理股份有限公司宁夏回族自治区分公司资产处置公告
      [科技识别] 标题是否科技相关: 否
      [SKIP] 标题非科技相关，不进入详情爬取

  [20/20] 标题: 江苏省连云港市东海绿色乳制品冷链物流产业园项目EPCO（江苏东海农发资产管理有限公司）
      [科技识别] 标题是否科技相关: 否
      [SKIP] 标题非科技相关，不进入详情爬取

  [第 6 页]
  [DEBUG] 已检测到「条信息」，按整页详情链接解析
      [WARN] 未找到 .ssjg-leixing，info_type 将记为采招信息
  本页找到 20 条结果
  本页链接均已在之前页处理过，视为重复页，停止翻页。
  [OK] 「资产管理」爬取结束，正在关闭标签页…

  「资产管理」完成：成功 9 篇，失败 0 篇
  [OK] 等待 2~6 秒后继续下一关键词…

====================================================
  [3/10] 关键词：「信托」

────────────────────────────────────────────────────
  关键词：「信托」  输出目录：output\2026-04-01\信托/
  [OK] 搜索结果页 -> https://search.bidcenter.com.cn/search?keywords=%e4%bf%a1%e6%89%98&mod=0
  [OK] 已点击「标题搜索」
  [OK] 标题搜索结果页 -> https://search.bidcenter.com.cn/search?keywords=%E4%BF%A1%E6%89%98&tag=1&mod=0
  [时间筛选] 2026-04-01 ~ 2026-04-01
  [OK] 时间筛选已应用 -> https://search.bidcenter.com.cn/search?keywords=%E4%BF%A1%E6%89%98&tag=1&mod=0&time=5&stime=2026-04-01&endtime=2026-04-01

  [第 1 页]
  [DEBUG] 已检测到「条信息」，按整页详情链接解析
      [WARN] 未找到 .ssjg-leixing，info_type 将记为采招信息
  本页找到 33 条结果

  [1/33] 标题: 中国信托登记有限责任公司统一运维监控平台软件维保服务采购项目竞争性谈判结果公告
      [科技识别] 标题是否科技相关: 是
      [过滤-排除词] 未命中，通过
      [过滤-关键词] 包含「信托」，通过
      [OK] 通过全部筛选，进入详情爬取
    [已保存] output\2026-04-01\信托\中标结果_中国信托登记有限责任公司统一运维监控平台软件维保服务采购项目竞争性谈判结果公告_080045.json

  [2/33] 标题: （2024）苏0921破49号江苏德龙镍业有限公司等30家公司实质合并重整案关于公开招募信…
      [科技识别] 标题是否科技相关: 否
      [SKIP] 标题非科技相关，不进入详情爬取

  [3/33] 标题: 华能贵诚信托贵阳办公区楼顶广告牌检测服务项目结果公告
      [科技识别] 标题是否科技相关: 否
      [SKIP] 标题非科技相关，不进入详情爬取

  [4/33] 标题: 华能贵诚信托文化宣传设计服务项目（二次）结果公告
      [科技识别] 标题是否科技相关: 否
      [SKIP] 标题非科技相关，不进入详情爬取

  [5/33] 标题: 华能贵诚信托2026年金证TA系统一阶段优化升级服务项目结果公告
      [科技识别] 标题是否科技相关: 否
      [SKIP] 标题非科技相关，不进入详情爬取

  [6/33] 标题: 甘肃华能天竣能源集合信托私募债权服务谈判采购项目【重新采购】采购公告
      [科技识别] 标题是否科技相关: 否
      [SKIP] 标题非科技相关，不进入详情爬取

  [7/33] 标题: 国联信托安付系统业务功能模块采购项目
      [科技识别] 标题是否科技相关: 否
      [SKIP] 标题非科技相关，不进入详情爬取

  [8/33] 标题: 四川天府信托有限公司生产环境服务器第二批次采购项目中标候选人公示
      [科技识别] 标题是否科技相关: 是
      [过滤-排除词] 未命中，通过
      [过滤-关键词] 包含「信托」，通过
      [OK] 通过全部筛选，进入详情爬取
    [已保存] output\2026-04-01\信托\中标结果_四川天府信托有限公司生产环境服务器第二批次采购项目中标候选人公示_080117.json

  [9/33] 标题: 四川天府信托有限公司生产环境服务器第二批次采购项目(第二次)中标候选人公示
      [科技识别] 标题是否科技相关: 是
      [过滤-排除词] 未命中，通过
      [过滤-关键词] 包含「信托」，通过
      [OK] 通过全部筛选，进入详情爬取
    [已保存] output\2026-04-01\信托\中标结果_四川天府信托有限公司生产环境服务器第二批次采购项目(第二次)中标候选人公示_080146.json

  [10/33] 标题: 重庆国际信托股份有限公司关于“重庆信托·新光控股企业破产服务信托计划”新光控股等35家企业…
      [科技识别] 标题是否科技相关: 否
      [SKIP] 标题非科技相关，不进入详情爬取

  [11/33] 标题: 华宝信托主体评级服务
      [科技识别] 标题是否科技相关: 否
      [SKIP] 标题非科技相关，不进入详情爬取

  [12/33] 标题: 陕西省国际信托股份有限公司智能交易辅助平台项目招标公告
      [科技识别] 标题是否科技相关: 是
      [过滤-排除词] 未命中，通过
      [过滤-关键词] 包含「信托」，通过
      [OK] 通过全部筛选，进入详情爬取
    [已保存] output\2026-04-01\信托\招标公告_陕西省国际信托股份有限公司智能交易辅助平台项目招标公告_080223.json

  [13/33] 标题: 重庆国际信托股份有限公司关于“重庆信托·新光控股企业破产服务信托计划”新光控股等35家企业…
      [科技识别] 标题是否科技相关: 否
      [SKIP] 标题非科技相关，不进入详情爬取

  [14/33] 标题: 财信信托信托合同等相关文件印刷供应商库采购项目[第4次采购]
      [科技识别] 标题是否科技相关: 否
      [SKIP] 标题非科技相关，不进入详情爬取

  [15/33] 标题: 广州朗豪酒店商业不动产投资信托基金(REITs)项目财务顾问选聘项目（第二次）-招标公告
      [科技识别] 标题是否科技相关: 否
      [SKIP] 标题非科技相关，不进入详情爬取

  [16/33] 标题: 重庆国际信托股份有限公司关于“重庆信托·新光控股企业破产服务信托计划”新光控股等35家企业…
      [科技识别] 标题是否科技相关: 否
      [SKIP] 标题非科技相关，不进入详情爬取

  [17/33] 标题: 重庆国际信托股份有限公司关于“重庆信托·新光控股企业破产服务信托计划”新光控股等35家企业…
      [科技识别] 标题是否科技相关: 否
      [SKIP] 标题非科技相关，不进入详情爬取

  [18/33] 标题: 重庆国际信托股份有限公司关于“重庆信托·新光控股企业破产服务信托计划”新光控股等35家企业…
      [科技识别] 标题是否科技相关: 否
      [SKIP] 标题非科技相关，不进入详情爬取

  [19/33] 标题: 广州朗豪酒店商业不动产投资信托基金(REITs)项目财务顾问服务选聘项目废标公告
      [科技识别] 标题是否科技相关: 否
      [SKIP] 标题非科技相关，不进入详情爬取

  [20/33] 标题: 中国华电集团产融控股有限公司华鑫信托风险合规现场检查和内控监督评价项目预成交公示
      [科技识别] 标题是否科技相关: 否
      [SKIP] 标题非科技相关，不进入详情爬取

  [21/33] 标题: 人保投资控股有限公司对嘉兴市信托投资公司10%股权转让（预公告）-2026-04-01
      [科技识别] 标题是否科技相关: 否
      [SKIP] 标题非科技相关，不进入详情爬取

  [22/33] 标题: 中信信托京城大厦办公区入室保洁采购项目招标公告
      [科技识别] 标题是否科技相关: 否
      [SKIP] 标题非科技相关，不进入详情爬取

  [23/33] 标题: 重庆国际信托股份有限公司关于“重庆信托·新光控股企业破产服务信托计划”新光控股等35家企业…
      [科技识别] 标题是否科技相关: 否
      [SKIP] 标题非科技相关，不进入详情爬取

  [24/33] 标题: 重庆国际信托股份有限公司关于“重庆信托·新光控股企业破产服务信托计划”新光控股等35家企业…
      [科技识别] 标题是否科技相关: 否
      [SKIP] 标题非科技相关，不进入详情爬取

  [25/33] 标题: 中信信托京城大厦办公区入室保洁采购项目-公开招标公告
      [科技识别] 标题是否科技相关: 否
      [SKIP] 标题非科技相关，不进入详情爬取

  [26/33] 标题: 重庆国际信托股份有限公司关于“重庆信托·新光控股企业破产服务信托计划”新光控股等35家企业…
      [科技识别] 标题是否科技相关: 否
      [SKIP] 标题非科技相关，不进入详情爬取

  [27/33] 标题: 山东省国际信托股份有限公司2026-2028年度年报审计及中期审阅服务项目（第二次）-SD…
      [科技识别] 标题是否科技相关: 否
      [SKIP] 标题非科技相关，不进入详情爬取

  [28/33] 标题: 山东省国际信托股份有限公司2026-2028年度年报审计及中期审阅服务项目流标公告-SDL…
      [科技识别] 标题是否科技相关: 否
      [SKIP] 标题非科技相关，不进入详情爬取

  [29/33] 标题: 山东省国际信托股份有限公司2026-2028年度年报审计及中期审阅服务项目招标公告（第二次…
      [科技识别] 标题是否科技相关: 否
      [SKIP] 标题非科技相关，不进入详情爬取

  [30/33] 标题: 山东省国际信托股份有限公司2026-2028年度年报审计及中期审阅服务项目流标公告
      [科技识别] 标题是否科技相关: 否
      [SKIP] 标题非科技相关，不进入详情爬取

  [31/33] 标题: 中铁信托有限责任公司投资交易系统二次开发项目中标候选人公示
      [科技识别] 标题是否科技相关: 是
      [过滤-排除词] 未命中，通过
      [过滤-关键词] 包含「信托」，通过
      [OK] 通过全部筛选，进入详情爬取
    [已保存] output\2026-04-01\信托\中标结果_中铁信托有限责任公司投资交易系统二次开发项目中标候选人公示_080259.json

  [32/33] 标题: 合肥市九玺花园小区信托制物业服务公开招标公告
      [科技识别] 标题是否科技相关: 否
      [SKIP] 标题非科技相关，不进入详情爬取

  [33/33] 标题: 合肥市九玺花园小区信托制物业服务
      [科技识别] 标题是否科技相关: 否
      [SKIP] 标题非科技相关，不进入详情爬取

  [第 2 页]
  [DEBUG] 已检测到「条信息」，按整页详情链接解析
      [WARN] 未找到 .ssjg-leixing，info_type 将记为采招信息
  本页找到 33 条结果
  本页链接均已在之前页处理过，视为重复页，停止翻页。
  [OK] 「信托」爬取结束，正在关闭标签页…

  「信托」完成：成功 5 篇，失败 0 篇
  [OK] 等待 2~6 秒后继续下一关键词…

====================================================
  [4/10] 关键词：「消费金融」

────────────────────────────────────────────────────
  关键词：「消费金融」  输出目录：output\2026-04-01\消费金融/
  [OK] 搜索结果页 -> https://search.bidcenter.com.cn/search?keywords=%e6%b6%88%e8%b4%b9%e9%87%91%e8%9e%8d&mod=0
  [OK] 已点击「标题搜索」
  [OK] 标题搜索结果页 -> https://search.bidcenter.com.cn/search?keywords=%E6%B6%88%E8%B4%B9%E9%87%91%E8%9E%8D&tag=1&mod=0
  [时间筛选] 2026-04-01 ~ 2026-04-01
  [OK] 时间筛选已应用 -> https://search.bidcenter.com.cn/search?keywords=%E6%B6%88%E8%B4%B9%E9%87%91%E8%9E%8D&tag=1&mod=0&time=5&stime=2026-04-01&endtime=2026-04-01

  [第 1 页]
  [DEBUG] 已检测到「条信息」，按整页详情链接解析
      [WARN] 未找到 .ssjg-leixing，info_type 将记为采招信息
  本页找到 40 条结果

  [1/40] 标题: 河南中原消费金融股份有限公司2026年智能语音供应商入围项目-入围候选人公示
      [科技识别] 标题是否科技相关: 否
      [SKIP] 标题非科技相关，不进入详情爬取

  [2/40] 标题: 四川省唯品富邦消费金融有限公司关于关于对倪某华的个人抵押债权的转让的公告
      [科技识别] 标题是否科技相关: 否
      [SKIP] 标题非科技相关，不进入详情爬取

  [3/40] 标题: 四川省唯品富邦消费金融有限公司关于关于对李某1的个人抵押债权的转让的公告
      [科技识别] 标题是否科技相关: 否
      [SKIP] 标题非科技相关，不进入详情爬取

  [4/40] 标题: 四川省唯品富邦消费金融有限公司关于关于对李某余的个人抵押债权的转让的公告
      [科技识别] 标题是否科技相关: 否
      [SKIP] 标题非科技相关，不进入详情爬取

  [5/40] 标题: 四川省唯品富邦消费金融有限公司关于关于对杨某的个人抵押债权的转让的公告
      [科技识别] 标题是否科技相关: 否
      [SKIP] 标题非科技相关，不进入详情爬取

  [6/40] 标题: 四川省唯品富邦消费金融有限公司关于关于对袁某的个人抵押债权的转让的公告
      [科技识别] 标题是否科技相关: 否
      [SKIP] 标题非科技相关，不进入详情爬取

  [7/40] 标题: 四川省唯品富邦消费金融有限公司关于关于对蹇某的个人抵押债权的转让的公告
      [科技识别] 标题是否科技相关: 否
      [SKIP] 标题非科技相关，不进入详情爬取

  [8/40] 标题: 四川省唯品富邦消费金融有限公司关于关于对余某荣的个人抵押债权的转让的公告
      [科技识别] 标题是否科技相关: 否
      [SKIP] 标题非科技相关，不进入详情爬取

  [9/40] 标题: 四川省唯品富邦消费金融有限公司关于关于对阮某星的个人抵押债权的转让的公告
      [科技识别] 标题是否科技相关: 否
      [SKIP] 标题非科技相关，不进入详情爬取

  [10/40] 标题: 四川省唯品富邦消费金融有限公司关于关于对唐某的个人抵押债权的转让的公告
      [科技识别] 标题是否科技相关: 否
      [SKIP] 标题非科技相关，不进入详情爬取

  [11/40] 标题: 四川省唯品富邦消费金融有限公司关于关于对黄某杰的个人抵押债权的转让的公告
      [科技识别] 标题是否科技相关: 否
      [SKIP] 标题非科技相关，不进入详情爬取

  [12/40] 标题: 四川省唯品富邦消费金融有限公司关于关于对张某的个人抵押债权的转让的公告
      [科技识别] 标题是否科技相关: 否
      [SKIP] 标题非科技相关，不进入详情爬取

  [13/40] 标题: 四川省唯品富邦消费金融有限公司关于关于对田某苹的个人抵押债权的转让的公告
      [科技识别] 标题是否科技相关: 否
      [SKIP] 标题非科技相关，不进入详情爬取

  [14/40] 标题: 四川省唯品富邦消费金融有限公司关于关于对王某的个人抵押债权的转让的公告
      [科技识别] 标题是否科技相关: 否
      [SKIP] 标题非科技相关，不进入详情爬取

  [15/40] 标题: 四川省唯品富邦消费金融有限公司关于关于对汤某鑫的个人抵押债权的转让的公告
      [科技识别] 标题是否科技相关: 否
      [SKIP] 标题非科技相关，不进入详情爬取

  [16/40] 标题: 四川省唯品富邦消费金融有限公司关于关于对柯某希的个人抵押债权的转让的公告
      [科技识别] 标题是否科技相关: 否
      [SKIP] 标题非科技相关，不进入详情爬取

  [17/40] 标题: 四川省唯品富邦消费金融有限公司关于关于对王某贲的个人抵押债权的转让的公告
      [科技识别] 标题是否科技相关: 否
      [SKIP] 标题非科技相关，不进入详情爬取

  [18/40] 标题: 四川省唯品富邦消费金融有限公司关于关于对王某1的个人抵押债权的转让的公告
      [科技识别] 标题是否科技相关: 否
      [SKIP] 标题非科技相关，不进入详情爬取

  [19/40] 标题: 四川省唯品富邦消费金融有限公司关于关于对余某波的个人抵押债权的转让的公告
      [科技识别] 标题是否科技相关: 否
      [SKIP] 标题非科技相关，不进入详情爬取

  [20/40] 标题: 四川省唯品富邦消费金融有限公司关于关于对王某2的个人抵押债权的转让的公告
      [科技识别] 标题是否科技相关: 否
      [SKIP] 标题非科技相关，不进入详情爬取

  [21/40] 标题: 四川省唯品富邦消费金融有限公司关于关于对赵某泉的个人抵押债权的转让的公告
      [科技识别] 标题是否科技相关: 否
      [SKIP] 标题非科技相关，不进入详情爬取

  [22/40] 标题: 四川省唯品富邦消费金融有限公司关于关于对刘某琦的个人抵押债权转让的公告(重新处置)
      [科技识别] 标题是否科技相关: 否
      [SKIP] 标题非科技相关，不进入详情爬取

  [23/40] 标题: 四川省唯品富邦消费金融有限公司关于关于对全某的个人抵押债权转让的公告(重新处置)
      [科技识别] 标题是否科技相关: 否
      [SKIP] 标题非科技相关，不进入详情爬取

  [24/40] 标题: 四川省唯品富邦消费金融有限公司关于关于对刘某4的个人抵押债权转让的公告(重新处置)
      [科技识别] 标题是否科技相关: 否
      [SKIP] 标题非科技相关，不进入详情爬取

  [25/40] 标题: 四川省唯品富邦消费金融有限公司关于关于对刘某山的个人抵押债权转让的公告(重新处置)
      [科技识别] 标题是否科技相关: 否
      [SKIP] 标题非科技相关，不进入详情爬取

  [26/40] 标题: 四川省唯品富邦消费金融有限公司关于关于对傅某烨的个人抵押债权转让的公告(重新处置)
      [科技识别] 标题是否科技相关: 否
      [SKIP] 标题非科技相关，不进入详情爬取

  [27/40] 标题: 四川省唯品富邦消费金融有限公司关于关于对何某洪的个人抵押债权转让的公告(重新处置)
      [科技识别] 标题是否科技相关: 否
      [SKIP] 标题非科技相关，不进入详情爬取

  [28/40] 标题: 四川省唯品富邦消费金融有限公司关于关于对李某洪的个人抵押债权转让的公告(重新处置)
      [科技识别] 标题是否科技相关: 否
      [SKIP] 标题非科技相关，不进入详情爬取

  [29/40] 标题: 四川省唯品富邦消费金融有限公司关于关于对莫某的个人抵押债权转让的公告(重新处置)
      [科技识别] 标题是否科技相关: 否
      [SKIP] 标题非科技相关，不进入详情爬取

  [30/40] 标题: 四川省唯品富邦消费金融有限公司关于关于对陈某平1的个人抵押债权转让的公告(重新处置)
      [科技识别] 标题是否科技相关: 否
      [SKIP] 标题非科技相关，不进入详情爬取

  [31/40] 标题: 四川省唯品富邦消费金融有限公司关于关于对严某1的个人抵押债权转让的公告(重新处置)
      [科技识别] 标题是否科技相关: 否
      [SKIP] 标题非科技相关，不进入详情爬取

  [32/40] 标题: 四川省唯品富邦消费金融有限公司关于关于对朱某艳的个人抵押债权转让的公告(重新处置)
      [科技识别] 标题是否科技相关: 否
      [SKIP] 标题非科技相关，不进入详情爬取

  [33/40] 标题: 四川省唯品富邦消费金融有限公司关于关于对赖某超的个人抵押债权转让的公告(重新处置)
      [科技识别] 标题是否科技相关: 否
      [SKIP] 标题非科技相关，不进入详情爬取

  [34/40] 标题: 四川省唯品富邦消费金融有限公司关于关于对万某的个人抵押债权转让的公告(重新处置)
      [科技识别] 标题是否科技相关: 否
      [SKIP] 标题非科技相关，不进入详情爬取

  [35/40] 标题: 四川省唯品富邦消费金融有限公司关于关于对王某2的个人抵押债权转让的公告(重新处置)
      [科技识别] 标题是否科技相关: 否
      [SKIP] 标题非科技相关，不进入详情爬取

  [36/40] 标题: 四川省唯品富邦消费金融有限公司关于关于对宋某博的个人抵押债权转让的公告(重新处置)
      [科技识别] 标题是否科技相关: 否
      [SKIP] 标题非科技相关，不进入详情爬取

  [37/40] 标题: 四川省唯品富邦消费金融有限公司关于关于对邹某洪的个人抵押债权转让的公告(重新处置)
      [科技识别] 标题是否科技相关: 否
      [SKIP] 标题非科技相关，不进入详情爬取

  [38/40] 标题: 四川省唯品富邦消费金融有限公司关于关于对谭某洲的个人抵押债权转让的公告(重新处置)
      [科技识别] 标题是否科技相关: 否
      [SKIP] 标题非科技相关，不进入详情爬取

  [39/40] 标题: 四川省唯品富邦消费金融有限公司关于关于对车某勇的个人抵押债权转让的公告(重新处置)
      [科技识别] 标题是否科技相关: 否
      [SKIP] 标题非科技相关，不进入详情爬取

  [40/40] 标题: 四川省唯品富邦消费金融有限公司关于关于对黄某强的个人抵押债权的转让的公告
      [科技识别] 标题是否科技相关: 否
      [SKIP] 标题非科技相关，不进入详情爬取

  [第 2 页]
  [DEBUG] 已检测到「条信息」，按整页详情链接解析
      [WARN] 未找到 .ssjg-leixing，info_type 将记为采招信息
  本页找到 7 条结果

  [1/7] 标题: 四川省唯品富邦消费金融有限公司关于关于对谢某辉的个人抵押债权的转让的公告
      [科技识别] 标题是否科技相关: 否
      [SKIP] 标题非科技相关，不进入详情爬取

  [2/7] 标题: 四川省唯品富邦消费金融有限公司关于关于对查某根的个人抵押债权的转让的公告
      [科技识别] 标题是否科技相关: 否
      [SKIP] 标题非科技相关，不进入详情爬取

  [3/7] 标题: 四川省唯品富邦消费金融有限公司关于关于对罗某丹的个人抵押债权的转让的公告
      [科技识别] 标题是否科技相关: 否
      [SKIP] 标题非科技相关，不进入详情爬取

  [4/7] 标题: 中邮消费金融有限公司2026-2027年度权益类服务采购项目更正公告
      [科技识别] 标题是否科技相关: 否
      [SKIP] 标题非科技相关，不进入详情爬取

  [5/7] 标题: 湖南长银五八消费金融股份有限公司反欺诈体系建设咨询服务集中采购项目中标候选人公示
      [科技识别] 标题是否科技相关: 否
      [SKIP] 标题非科技相关，不进入详情爬取

  [6/7] 标题: HBT-12324102-261790-1湖北消费金融股份有限公司2026年核心及渠道运营…
      [科技识别] 标题是否科技相关: 否
      [SKIP] 标题非科技相关，不进入详情爬取

  [7/7] 标题: 内蒙古蒙商消费金融股份有限公司北京主机房交换机设备采购项目竞争性谈判公告
      [科技识别] 标题是否科技相关: 是
      [过滤-排除词] 未命中，通过
      [过滤-关键词] 包含「消费金融」，通过
      [OK] 通过全部筛选，进入详情爬取
    [PDF] 路由拦截成功，共 246675 字节
    [PDF] 响应拦截解析完成，共 4076 字
    [已保存] output\2026-04-01\消费金融\招标公告_内蒙古蒙商消费金融股份有限公司北京主机房交换机设备采购项目竞争性谈判公告_080629.json

  [第 3 页]
  [DEBUG] 已检测到「条信息」，按整页详情链接解析
      [WARN] 未找到 .ssjg-leixing，info_type 将记为采招信息
  本页找到 7 条结果
  本页链接均已在之前页处理过，视为重复页，停止翻页。
  [OK] 「消费金融」爬取结束，正在关闭标签页…

  「消费金融」完成：成功 1 篇，失败 0 篇
  [OK] 等待 2~6 秒后继续下一关键词…

====================================================
  [5/10] 关键词：「汽车金融」

────────────────────────────────────────────────────
  关键词：「汽车金融」  输出目录：output\2026-04-01\汽车金融/
  [OK] 搜索结果页 -> https://search.bidcenter.com.cn/search?keywords=%e6%b1%bd%e8%bd%a6%e9%87%91%e8%9e%8d&mod=0
  [OK] 已点击「标题搜索」
  [OK] 标题搜索结果页 -> https://search.bidcenter.com.cn/search?keywords=%E6%B1%BD%E8%BD%A6%E9%87%91%E8%9E%8D&tag=1&mod=0
  [时间筛选] 2026-04-01 ~ 2026-04-01
  [OK] 时间筛选已应用 -> https://search.bidcenter.com.cn/search?keywords=%E6%B1%BD%E8%BD%A6%E9%87%91%E8%9E%8D&tag=1&mod=0&time=5&stime=2026-04-01&endtime=2026-04-01

  [第 1 页]
  [DEBUG] 已检测到「条信息」，按整页详情链接解析
      [WARN] 未找到 .ssjg-leixing，info_type 将记为采招信息
  本页找到 2 条结果

  [1/2] 标题: 北汽汽车金融（杭州）有限公司汽车金融库融业务第三方监管供应商采购项目比选公告
      [科技识别] 标题是否科技相关: 否
      [SKIP] 标题非科技相关，不进入详情爬取

  [2/2] 标题: 直接采购项目批前公示—新一代汽车金融核心业务系统
      [科技识别] 标题是否科技相关: 是
      [过滤-排除词] 未命中，通过
      [过滤-关键词] 包含「汽车金融」，通过
      [OK] 通过全部筛选，进入详情爬取
    [已保存] output\2026-04-01\汽车金融\招标公告_直接采购项目批前公示—新一代汽车金融核心业务系统_080908.json

  [第 2 页]
  [DEBUG] 已检测到「条信息」，按整页详情链接解析
      [WARN] 未找到 .ssjg-leixing，info_type 将记为采招信息
  本页找到 2 条结果
  本页链接均已在之前页处理过，视为重复页，停止翻页。
  [OK] 「汽车金融」爬取结束，正在关闭标签页…

  「汽车金融」完成：成功 1 篇，失败 0 篇
  [OK] 等待 2~6 秒后继续下一关键词…

====================================================
  [6/10] 关键词：「农村信用」

────────────────────────────────────────────────────
  关键词：「农村信用」  输出目录：output\2026-04-01\农村信用/
  [OK] 搜索结果页 -> https://search.bidcenter.com.cn/search?keywords=%e5%86%9c%e6%9d%91%e4%bf%a1%e7%94%a8&mod=0
  [OK] 已点击「标题搜索」
  [OK] 标题搜索结果页 -> https://search.bidcenter.com.cn/search?keywords=%E5%86%9C%E6%9D%91%E4%BF%A1%E7%94%A8&tag=1&mod=0
  [时间筛选] 2026-04-01 ~ 2026-04-01
  [OK] 时间筛选已应用 -> https://search.bidcenter.com.cn/search?keywords=%E5%86%9C%E6%9D%91%E4%BF%A1%E7%94%A8&tag=1&mod=0&time=5&stime=2026-04-01&endtime=2026-04-01

  [第 1 页]
  [DEBUG] 已检测到「条信息」，按整页详情链接解析
      [WARN] 未找到 .ssjg-leixing，info_type 将记为采招信息
  本页找到 27 条结果

  [1/27] 标题: 安徽省农村信用社联合社第三代核心业务系统项目群管理（PMO）服务项目流标公告
      [科技识别] 标题是否科技相关: 是
      [过滤-排除词] 未命中，通过
      [过滤-关键词] 包含「农村信用」，通过
      [OK] 通过全部筛选，进入详情爬取
    [已保存] output\2026-04-01\农村信用\招标公告_安徽省农村信用社联合社第三代核心业务系统项目群管理（PMO）服务项目流标公告_081151.json

  [2/27] 标题: 岑巩县农村信用合作联社恒河·城市之心大楼租赁权拍租（2026年）成交公示
      [科技识别] 标题是否科技相关: 否
      [SKIP] 标题非科技相关，不进入详情爬取

  [3/27] 标题: 岑巩县农村信用合作联社恒河·城市之心大楼租赁权拍租（2026年）流拍公示
      [科技识别] 标题是否科技相关: 否
      [SKIP] 标题非科技相关，不进入详情爬取

  [4/27] 标题: 阳高县农村信用合作联社入围2026年招标代理机构项目招标公告
      [科技识别] 标题是否科技相关: 否
      [SKIP] 标题非科技相关，不进入详情爬取

  [5/27] 标题: 宜宾市翠屏区永兴镇永兴村农贸市场往农村信用社第7、8间门面出租流转公告
      [科技识别] 标题是否科技相关: 否
      [SKIP] 标题非科技相关，不进入详情爬取

  [6/27] 标题: 岑巩县农村信用合作联社恒河·城市之心大楼租赁权拍租（2026年）成交公示
      [科技识别] 标题是否科技相关: 否
      [SKIP] 标题非科技相关，不进入详情爬取

  [7/27] 标题: 岑巩县农村信用合作联社恒河·城市之心大楼租赁权拍租（2026年）流拍公示
      [科技识别] 标题是否科技相关: 否
      [SKIP] 标题非科技相关，不进入详情爬取

  [8/27] 标题: 甘谷县农村信用合作联社关于2026年4月-甘肃农商银行甘谷支行（原甘谷县联社）优质资产推介…
      [科技识别] 标题是否科技相关: 否
      [SKIP] 标题非科技相关，不进入详情爬取

  [9/27] 标题: 湖北省农村信用社联合社网络信息中心办公设备电脑采购项目（第二次）竞争性谈判采购公告
      [科技识别] 标题是否科技相关: 是
      [过滤-排除词] 命中「办公」→ 跳过

  [10/27] 标题: 容县农村信用合作联社食堂食材供应及配送采购（重）公开招标公告
      [科技识别] 标题是否科技相关: 否
      [SKIP] 标题非科技相关，不进入详情爬取

  [11/27] 标题: 海林市农村信用合作联社15处房产分别转让交易公告
      [科技识别] 标题是否科技相关: 否
      [SKIP] 标题非科技相关，不进入详情爬取

  [12/27] 标题: 宜宾市翠屏区永兴镇永兴村农贸市场往农村信用社第6间门面流转公告
      [科技识别] 标题是否科技相关: 否
      [SKIP] 标题非科技相关，不进入详情爬取

  [13/27] 标题: 杭州文化产权交易所关于福建宁德福安市农村信用合作联社个人股金398426股公开竞价的公告(…
      [科技识别] 标题是否科技相关: 否
      [SKIP] 标题非科技相关，不进入详情爬取

  [14/27] 标题: 舞阳县农村信用合作联社统一更换网点标识项目竞争性磋商公告
      [科技识别] 标题是否科技相关: 否
      [SKIP] 标题非科技相关，不进入详情爬取

  [15/27] 标题: 象山县农村信用合作联社关于象山农商银行丹阳路房产出租竞买公告的公告(第一次)
      [科技识别] 标题是否科技相关: 否
      [SKIP] 标题非科技相关，不进入详情爬取

  [16/27] 标题: （2023）豫0181破22号关于鹤淇投资公司收购淇县亿源牧业开发有限公司公司持有的淇县农…
      [科技识别] 标题是否科技相关: 否
      [SKIP] 标题非科技相关，不进入详情爬取

  [17/27] 标题: 福鼎市农村信用合作联社金融服务价格标准（免费项目）
      [科技识别] 标题是否科技相关: 否
      [SKIP] 标题非科技相关，不进入详情爬取

  [18/27] 标题: 杭州文化产权交易所关于四川阿坝州农村信用社股的公告(第一次)
      [科技识别] 标题是否科技相关: 否
      [SKIP] 标题非科技相关，不进入详情爬取

  [19/27] 标题: 中标结果发布|安宁市农村信用合作联社2026年积分兑换宣传品采购项目(一标段)中标结果公告…
      [科技识别] 标题是否科技相关: 否
      [SKIP] 标题非科技相关，不进入详情爬取

  [20/27] 标题: 黑龙江省农村信用社联合社品牌VI标准化规范升级项目招标公告
      [科技识别] 标题是否科技相关: 否
      [SKIP] 标题非科技相关，不进入详情爬取

  [21/27] 标题: 尤溪县农村信用合作联社“2026年赋能工程?三精辅导固化项目培训采购项目”单一来源采购公示
      [科技识别] 标题是否科技相关: 否
      [SKIP] 标题非科技相关，不进入详情爬取

  [22/27] 标题: 邱县农村信用合作联社后勤人员及临时用工服务采购项目中标候选人公示
      [科技识别] 标题是否科技相关: 否
      [SKIP] 标题非科技相关，不进入详情爬取

  [23/27] 标题: 威宁县农村信用合作联社关于广园路奥体花园A1区一楼临街商铺公开竞价招租的公告(再次)
      [科技识别] 标题是否科技相关: 否
      [SKIP] 标题非科技相关，不进入详情爬取

  [24/27] 标题: 闽清县农村信用合作联社宣传品采购项目中标候选人公示
      [科技识别] 标题是否科技相关: 否
      [SKIP] 标题非科技相关，不进入详情爬取

  [25/27] 标题: 钦州市区农村信用合作联社安防设备升级改造项目竞争性磋商公告
      [科技识别] 标题是否科技相关: 否
      [SKIP] 标题非科技相关，不进入详情爬取

  [26/27] 标题: 盐山县农村信用联社股份有限公司北大街分社装修改造工程
      [科技识别] 标题是否科技相关: 否
      [SKIP] 标题非科技相关，不进入详情爬取

  [27/27] 标题: 南平市建阳区农村信用合作联社武夷山水城营业大楼装修工程
      [科技识别] 标题是否科技相关: 否
      [SKIP] 标题非科技相关，不进入详情爬取

  [第 2 页]
  [DEBUG] 已检测到「条信息」，按整页详情链接解析
      [WARN] 未找到 .ssjg-leixing，info_type 将记为采招信息
  本页找到 27 条结果
  本页链接均已在之前页处理过，视为重复页，停止翻页。
  [OK] 「农村信用」爬取结束，正在关闭标签页…

  「农村信用」完成：成功 1 篇，失败 0 篇
  [OK] 等待 2~6 秒后继续下一关键词…

====================================================
  [7/10] 关键词：「金融租赁」

────────────────────────────────────────────────────
  关键词：「金融租赁」  输出目录：output\2026-04-01\金融租赁/
  [OK] 搜索结果页 -> https://search.bidcenter.com.cn/search?keywords=%e9%87%91%e8%9e%8d%e7%a7%9f%e8%b5%81&mod=0
  [OK] 已点击「标题搜索」
  [OK] 标题搜索结果页 -> https://search.bidcenter.com.cn/search?keywords=%E9%87%91%E8%9E%8D%E7%A7%9F%E8%B5%81&tag=1&mod=0
  [时间筛选] 2026-04-01 ~ 2026-04-01
  [OK] 时间筛选已应用 -> https://search.bidcenter.com.cn/search?keywords=%E9%87%91%E8%9E%8D%E7%A7%9F%E8%B5%81&tag=1&mod=0&time=5&stime=2026-04-01&endtime=2026-04-01

  [第 1 页]
  [DEBUG] 已检测到「条信息」，按整页详情链接解析
      [WARN] 未找到 .ssjg-leixing，info_type 将记为采招信息
  本页找到 7 条结果

  [1/7] 标题: 宏泰新航金融租赁有限公司2026年金融债券牵头主承销商选聘采购项目更正公告（二次）
      [科技识别] 标题是否科技相关: 否
      [SKIP] 标题非科技相关，不进入详情爬取

  [2/7] 标题: 天银金融租赁股份有限公司洗钱风险自评估服务采购项目成交结果公示
      [科技识别] 标题是否科技相关: 否
      [SKIP] 标题非科技相关，不进入详情爬取

  [3/7] 标题: 华运金融租赁股份有限公司61857.1429万股股份（占总股本的43.3%）
      [科技识别] 标题是否科技相关: 否
      [SKIP] 标题非科技相关，不进入详情爬取

  [4/7] 标题: 珠江金融租赁有限公司2026年办公场所日常保洁采购项目成交结果公告
      [科技识别] 标题是否科技相关: 否
      [SKIP] 标题非科技相关，不进入详情爬取

  [5/7] 标题: 珠江金融租赁有限公司2025年度企业所得税汇算清缴及财损税务服务和2026年度日常咨询服务…
      [科技识别] 标题是否科技相关: 否
      [SKIP] 标题非科技相关，不进入详情爬取

  [6/7] 标题: 珠江金融租赁有限公司2025年金融基础数据报表生成系统软件服务、“五篇大文章”本地校验结果…
      [科技识别] 标题是否科技相关: 是
      [过滤-排除词] 未命中，通过
      [过滤-关键词] 包含「金融租赁」，通过
      [OK] 通过全部筛选，进入详情爬取
    [已保存] output\2026-04-01\金融租赁\中标结果_珠江金融租赁有限公司2025年金融基础数据报表生成系统软件服务、“五篇大文章”本地校验结果报文和重报报文项目成交结果公告_081429.json

  [7/7] 标题: 天长市广陵路南侧平安路东侧天长市文旅发展（集团）有限公司金融大楼102、104、201、2…
      [科技识别] 标题是否科技相关: 否
      [SKIP] 标题非科技相关，不进入详情爬取

  [第 2 页]
  [DEBUG] 已检测到「条信息」，按整页详情链接解析
      [WARN] 未找到 .ssjg-leixing，info_type 将记为采招信息
  本页找到 7 条结果
  本页链接均已在之前页处理过，视为重复页，停止翻页。
  [OK] 「金融租赁」爬取结束，正在关闭标签页…

  「金融租赁」完成：成功 1 篇，失败 0 篇
  [OK] 等待 2~6 秒后继续下一关键词…

====================================================
  [8/10] 关键词：「金融控股」

────────────────────────────────────────────────────
  关键词：「金融控股」  输出目录：output\2026-04-01\金融控股/
  [OK] 搜索结果页 -> https://search.bidcenter.com.cn/search?keywords=%e9%87%91%e8%9e%8d%e6%8e%a7%e8%82%a1&mod=0
  [OK] 已点击「标题搜索」
  [OK] 标题搜索结果页 -> https://search.bidcenter.com.cn/search?keywords=%E9%87%91%E8%9E%8D%E6%8E%A7%E8%82%A1&tag=1&mod=0
  [时间筛选] 2026-04-01 ~ 2026-04-01
  [OK] 时间筛选已应用 -> https://search.bidcenter.com.cn/search?keywords=%E9%87%91%E8%9E%8D%E6%8E%A7%E8%82%A1&tag=1&mod=0&time=5&stime=2026-04-01&endtime=2026-04-01

  [第 1 页]
  [DEBUG] 已检测到「条信息」，按整页详情链接解析
      [WARN] 未找到 .ssjg-leixing，info_type 将记为采招信息
  本页找到 3 条结果

  [1/3] 标题: 成都产业资本控股集团有限公司2026-2027年度综合金融服务单位选聘项目中选结果公布
      [科技识别] 标题是否科技相关: 否
      [SKIP] 标题非科技相关，不进入详情爬取

  [2/3] 标题: 中国中信金融资产国际控股有限公司资产处置公告
      [科技识别] 标题是否科技相关: 否
      [SKIP] 标题非科技相关，不进入详情爬取

  [3/3] 标题: 中国中信金融资产国际控股有限公司资产处置公告
      [科技识别] 标题是否科技相关: 否
      [SKIP] 标题非科技相关，不进入详情爬取

  [第 2 页]
  [DEBUG] 已检测到「条信息」，按整页详情链接解析
      [WARN] 未找到 .ssjg-leixing，info_type 将记为采招信息
  本页找到 3 条结果
  本页链接均已在之前页处理过，视为重复页，停止翻页。
  [OK] 「金融控股」爬取结束，正在关闭标签页…

  「金融控股」完成：成功 0 篇，失败 0 篇
  [OK] 等待 2~6 秒后继续下一关键词…

====================================================
  [9/10] 关键词：「财务公司」

────────────────────────────────────────────────────
  关键词：「财务公司」  输出目录：output\2026-04-01\财务公司/
  [OK] 搜索结果页 -> https://search.bidcenter.com.cn/search?keywords=%e8%b4%a2%e5%8a%a1%e5%85%ac%e5%8f%b8&mod=0
  [OK] 已点击「标题搜索」
  [OK] 标题搜索结果页 -> https://search.bidcenter.com.cn/search?keywords=%E8%B4%A2%E5%8A%A1%E5%85%AC%E5%8F%B8&tag=1&mod=0
  [时间筛选] 2026-04-01 ~ 2026-04-01
  [OK] 时间筛选已应用 -> https://search.bidcenter.com.cn/search?keywords=%E8%B4%A2%E5%8A%A1%E5%85%AC%E5%8F%B8&tag=1&mod=0&time=5&stime=2026-04-01&endtime=2026-04-01

  [第 1 页]
  [DEBUG] 已检测到「条信息」，按整页详情链接解析
      [WARN] 未找到 .ssjg-leixing，info_type 将记为采招信息
  本页找到 40 条结果

  [1/40] 标题: 东方经济开发区发展控股集团有限公司财务管理平台升级服务竞争性磋商公告
      [科技识别] 标题是否科技相关: 是
      [过滤-排除词] 未命中，通过
      [过滤-关键词] 标题不包含「财务公司」→ 跳过

  [2/40] 标题: 企业专区-驻马店市融通投资发展有限公司2025年度财务审计项目
      [科技识别] 标题是否科技相关: 否
      [SKIP] 标题非科技相关，不进入详情爬取

  [3/40] 标题: 南方电网财务有限公司云南分公司2026-2028年房屋租赁中介服务零星采购零星采购澄清公告
      [科技识别] 标题是否科技相关: 否
      [SKIP] 标题非科技相关，不进入详情爬取

  [4/40] 标题: 庐山市赣庐矿业有限公司2025年财务报表审计-会计师事务所服务
      [科技识别] 标题是否科技相关: 否
      [SKIP] 标题非科技相关，不进入详情爬取

  [5/40] 标题: 并购武汉绿曦、湖北绿和、青岛绿和等18个公司股权的财务尽调、专项审计、过渡期审计业务服务（…
      [科技识别] 标题是否科技相关: 否
      [SKIP] 标题非科技相关，不进入详情爬取

  [6/40] 标题: 北京经纬信息技术有限公司财务共享系统配置基础数据维护服务项目公开询价公告
      [科技识别] 标题是否科技相关: 否
      [SKIP] 标题非科技相关，不进入详情爬取

  [7/40] 标题: 龙川县绿鑫新能源发展有限公司2025年度财务审计
      [科技识别] 标题是否科技相关: 否
      [SKIP] 标题非科技相关，不进入详情爬取

  [8/40] 标题: 中国铁塔股份有限公司烟台市分公司2026年财务智能报账柜采购项目成交结果公示
      [科技识别] 标题是否科技相关: 否
      [SKIP] 标题非科技相关，不进入详情爬取

  [9/40] 标题: 中国铁塔股份有限公司烟台市分公司2026年财务智能报账柜采购项目成交结果公示
      [科技识别] 标题是否科技相关: 否
      [SKIP] 标题非科技相关，不进入详情爬取

  [10/40] 标题: 温州招采拍卖有限公司关于平阳县中诚控股集团有限公司2024-2025年财务审计合并报告编制…
      [科技识别] 标题是否科技相关: 否
      [SKIP] 标题非科技相关，不进入详情爬取

  [11/40] 标题: 浙江宇康工程管理咨询有限公司关于绍兴市上虞园林市政集团有限公司2026年度园林市政集团内审…
      [科技识别] 标题是否科技相关: 否
      [SKIP] 标题非科技相关，不进入详情爬取

  [12/40] 标题: 广州局集团公司工程管理所广梅汕铁路揭阳南站货运设施改造工程结算审价及竣工财务决算审核单一来…
      [科技识别] 标题是否科技相关: 否
      [SKIP] 标题非科技相关，不进入详情爬取

  [13/40] 标题: 毕节市黔城产业开发有限责任公司财务咨询服务采购项目中标（成交）结果公告
      [科技识别] 标题是否科技相关: 否
      [SKIP] 标题非科技相关，不进入详情爬取

  [14/40] 标题: 2026年南网数字运营软件科技（广东）有限公司新一代财务数智化系统物理模型咨询服务等2个标…
      [科技识别] 标题是否科技相关: 是
      [过滤-排除词] 未命中，通过
      [过滤-关键词] 标题不包含「财务公司」→ 跳过

  [15/40] 标题: 盐城经开城市发展投资集团有限公司财务审计及信用评级相关财务咨询服务项目中标候选人公示
      [科技识别] 标题是否科技相关: 否
      [SKIP] 标题非科技相关，不进入详情爬取

  [16/40] 标题: 关于为【重庆绿发实业集团有限公司2025年财务报表年度审计服务】公开选取【会计师事务所服务…
      [科技识别] 标题是否科技相关: 否
      [SKIP] 标题非科技相关，不进入详情爬取

  [17/40] 标题: 重庆绿发实业集团有限公司2025年财务报表年度审计服务
      [科技识别] 标题是否科技相关: 否
      [SKIP] 标题非科技相关，不进入详情爬取

  [18/40] 标题: 龙川县绿鑫新能源发展有限公司2025年度财务审计-采购公告
      [科技识别] 标题是否科技相关: 否
      [SKIP] 标题非科技相关，不进入详情爬取

  [19/40] 标题: 安文旅集团及子公司年度单体及合并财务数据服务项目成交结果公告
      [科技识别] 标题是否科技相关: 否
      [SKIP] 标题非科技相关，不进入详情爬取

  [20/40] 标题: 2026年随州联通某公司财务软件建设项目直接采购评审结果公示
      [科技识别] 标题是否科技相关: 是
      [过滤-排除词] 未命中，通过
      [过滤-关键词] 标题不包含「财务公司」→ 跳过

  [21/40] 标题: 【询比采购】中化集团财务有限责任公司专项鉴证服务项目/0747-2660SCCZK104采…
      [科技识别] 标题是否科技相关: 否
      [SKIP] 标题非科技相关，不进入详情爬取

  [22/40] 标题: 信阳市产业投资集团有限公司2026年度第一季度、第二季度和第三季度财务报表及科目明细审阅项…
      [科技识别] 标题是否科技相关: 否
      [SKIP] 标题非科技相关，不进入详情爬取

  [23/40] 标题: 上饶汽运集团有限公司广丰镇村公交分公司2025年度财务收支审计-会计师事务所服务
      [科技识别] 标题是否科技相关: 否
      [SKIP] 标题非科技相关，不进入详情爬取

  [24/40] 标题: 北海中蓝公司2025年度财务报表审计服务采购
      [科技识别] 标题是否科技相关: 否
      [SKIP] 标题非科技相关，不进入详情爬取

  [25/40] 标题: 云南寻甸农村商业银行股份有限公司地方政府专项债券“一案两书”财务咨询服务项目中标候选人公示
      [科技识别] 标题是否科技相关: 否
      [SKIP] 标题非科技相关，不进入详情爬取

  [26/40] 标题: 石家庄市鹿泉区产业发展投资有限公司收费收益权资产支持证券（ABS）财务综合服务谈判公告
      [科技识别] 标题是否科技相关: 否
      [SKIP] 标题非科技相关，不进入详情爬取

  [27/40] 标题: 2026年南网数字运营软件科技（广东）有限公司新一代财务数智化系统物理模型咨询服务等2个标…
      [科技识别] 标题是否科技相关: 是
      [过滤-排除词] 未命中，通过
      [过滤-关键词] 标题不包含「财务公司」→ 跳过

  [28/40] 标题: 置业公司国能科慧（北京）置业有限责任公司2026-2029年往来款清查财务服务询价采购项目…
      [科技识别] 标题是否科技相关: 否
      [SKIP] 标题非科技相关，不进入详情爬取

  [29/40] 标题: 江苏长源国际港务有限公司2025年财务审计和税审项目成交公告
      [科技识别] 标题是否科技相关: 否
      [SKIP] 标题非科技相关，不进入详情爬取

  [30/40] 标题: 对合资公司开展财务审计-会计师事务所服务
      [科技识别] 标题是否科技相关: 否
      [SKIP] 标题非科技相关，不进入详情爬取

  [31/40] 标题: 关于为【重庆绿发实业集团有限公司2025年度财务核算体系规范化及辅助核算专项审计服务】公开…
      [科技识别] 标题是否科技相关: 否
      [SKIP] 标题非科技相关，不进入详情爬取

  [32/40] 标题: 江西省铁航科技有限公司轨道交通类股权并购选聘财务顾问服务项目
      [科技识别] 标题是否科技相关: 否
      [SKIP] 标题非科技相关，不进入详情爬取

  [33/40] 标题: 关于白沙现代农业科技园区建设项目财务决算公司遴选结果的公示
      [科技识别] 标题是否科技相关: 否
      [SKIP] 标题非科技相关，不进入详情爬取

  [34/40] 标题: 遂溪县遂发新能源有限公司2025年财务报表审计项目-采购公告
      [科技识别] 标题是否科技相关: 否
      [SKIP] 标题非科技相关，不进入详情爬取

  [35/40] 标题: 关于《滨州市滨城区泰达土地发展有限公司2025年度财务报表审计》选取中介机构的公告
      [科技识别] 标题是否科技相关: 否
      [SKIP] 标题非科技相关，不进入详情爬取

  [36/40] 标题: 关于《山东惠达海河农业发展有限公司2025年度财务报表审计》选取中选机构的公告
      [科技识别] 标题是否科技相关: 否
      [SKIP] 标题非科技相关，不进入详情爬取

  [37/40] 标题: 淄博市能源集团有限责任公司法国开发署贷款项目自立项至工程竣工期间财务、建设、资金使用等方面…
      [科技识别] 标题是否科技相关: 否
      [SKIP] 标题非科技相关，不进入详情爬取

  [38/40] 标题: 关于为【北鼎公司2025年度财务报表审计】公开选取【会计师事务所服务】机构的公告
      [科技识别] 标题是否科技相关: 否
      [SKIP] 标题非科技相关，不进入详情爬取

  [39/40] 标题: 淄博市能源集团有限责任公司法国开发署贷款项目自立项至工程竣工期间财务、建设、资金使用等方面…
      [科技识别] 标题是否科技相关: 否
      [SKIP] 标题非科技相关，不进入详情爬取

  [40/40] 标题: 关于为【增持灼华（珠海横琴）私募基金管理有限公司14.89%股权投前论证财务尽调采购】公开…
      [科技识别] 标题是否科技相关: 否
      [SKIP] 标题非科技相关，不进入详情爬取

  [第 2 页]
  [DEBUG] 已检测到「条信息」，按整页详情链接解析
      [WARN] 未找到 .ssjg-leixing，info_type 将记为采招信息
  本页找到 40 条结果

  [1/40] 标题: 皖能资本公司财务尽职调查（估值）供应商招募项目征集公告
      [科技识别] 标题是否科技相关: 否
      [SKIP] 标题非科技相关，不进入详情爬取

  [2/40] 标题: 关于浙江分公司工程竣工财务决算审计服务采购项目重新采购公告
      [科技识别] 标题是否科技相关: 否
      [SKIP] 标题非科技相关，不进入详情爬取

  [3/40] 标题: 兰州国资利民集团有限公司2025年末及2026年全年财务报告审计项目公开招标公告
      [科技识别] 标题是否科技相关: 否
      [SKIP] 标题非科技相关，不进入详情爬取

  [4/40] 标题: 仙桃市财务开发公司普通复印纸协议定点结果公告
      [科技识别] 标题是否科技相关: 否
      [SKIP] 标题非科技相关，不进入详情爬取

  [5/40] 标题: 鹤壁龙宇新材料有限公司项目竣工财务决算审核服务采购公告
      [科技识别] 标题是否科技相关: 否
      [SKIP] 标题非科技相关，不进入详情爬取

  [6/40] 标题: 足投公司季报和半年报财务咨询服务-中选公告
      [科技识别] 标题是否科技相关: 否
      [SKIP] 标题非科技相关，不进入详情爬取

  [7/40] 标题: 关于凯新公司财务年度审计报告询价公告
      [科技识别] 标题是否科技相关: 否
      [SKIP] 标题非科技相关，不进入详情爬取

  [8/40] 标题: 关于【足投公司季报和半年报财务咨询服务】中选结果的公告
      [科技识别] 标题是否科技相关: 否
      [SKIP] 标题非科技相关，不进入详情爬取

  [9/40] 标题: 龙游县双江水利开发有限公司2026-2027年度工程竣工财务决算审核服务招标公告
      [科技识别] 标题是否科技相关: 否
      [SKIP] 标题非科技相关，不进入详情爬取

  [10/40] 标题: 关于《山东惠民黄河三角洲实业有限公司2025年度财务报表审计报告(二次)》选取中介机构的公…
      [科技识别] 标题是否科技相关: 否
      [SKIP] 标题非科技相关，不进入详情爬取

  [11/40] 标题: 2026年崂山湾能源有限公司新增地方政府专项债券（项目实施方案、项目收益与融资自求平衡财务…
      [科技识别] 标题是否科技相关: 否
      [SKIP] 标题非科技相关，不进入详情爬取

  [12/40] 标题: 中石化石油工程技术研究院有限公司工程院有限公司2026年计划财务部电脑充电器采购询比采购采…
      [科技识别] 标题是否科技相关: 否
      [SKIP] 标题非科技相关，不进入详情爬取

  [13/40] 标题: 区财政局对广州市安税财务咨询有限公司补（换）代理记账许可证书业务的办理结果
      [科技识别] 标题是否科技相关: 否
      [SKIP] 标题非科技相关，不进入详情爬取

  [14/40] 标题: 华能河南分公司清能公风电项目财务顾问技术服务结果公告
      [科技识别] 标题是否科技相关: 否
      [SKIP] 标题非科技相关，不进入详情爬取

  [15/40] 标题: 上饶市供晟冷链物流有限公司2025年度财务审计报告-会计师事务所服务
      [科技识别] 标题是否科技相关: 否
      [SKIP] 标题非科技相关，不进入详情爬取

  [16/40] 标题: 黑河市国有资本运营有限公司财务审计服务-竞争性磋商公告
      [科技识别] 标题是否科技相关: 否
      [SKIP] 标题非科技相关，不进入详情爬取

  [17/40] 标题: 中国华电科工集团有限公司财务共享北京分中心网络安全设备升级改造项目询比采购询比采购公告_采…
      [科技识别] 标题是否科技相关: 是
      [过滤-排除词] 未命中，通过
      [过滤-关键词] 标题不包含「财务公司」→ 跳过

  [18/40] 标题: 【公开招标】无锡市滨湖国有资产运营(集团)有限公司及无锡市滨湖国有资产联合投资有限公司20…
      [科技识别] 标题是否科技相关: 否
      [SKIP] 标题非科技相关，不进入详情爬取

  [19/40] 标题: 中国石油技术开发有限公司财务支持专项服务项目
      [科技识别] 标题是否科技相关: 否
      [SKIP] 标题非科技相关，不进入详情爬取

  [20/40] 标题: 关于【宁都县永生农业投资集团有限公司及下属子公司2025年度审计报告及配套财务资料】中选结…
      [科技识别] 标题是否科技相关: 否
      [SKIP] 标题非科技相关，不进入详情爬取

  [21/40] 标题: [中国华能集团有限公司战略财务系统建设咨询项目]候选人公示
      [科技识别] 标题是否科技相关: 是
      [过滤-排除词] 未命中，通过
      [过滤-关键词] 标题不包含「财务公司」→ 跳过

  [22/40] 标题: 合肥新能汉星新能源有限公司财务尽调成交候选人公示
      [科技识别] 标题是否科技相关: 否
      [SKIP] 标题非科技相关，不进入详情爬取

  [23/40] 标题: 贵州省贵鑫瑞和创业投资管理有限责任公司投后管理专项财务顾问采购谈判采购公告
      [科技识别] 标题是否科技相关: 否
      [SKIP] 标题非科技相关，不进入详情爬取

  [24/40] 标题: 贵州省贵鑫瑞和创业投资管理有限责任公司投后管理专项财务顾问采购谈判采购公告
      [科技识别] 标题是否科技相关: 否
      [SKIP] 标题非科技相关，不进入详情爬取

  [25/40] 标题: 机械公司财务咨询服务项目（重招）成交候选人公示
      [科技识别] 标题是否科技相关: 否
      [SKIP] 标题非科技相关，不进入详情爬取

  [26/40] 标题: 上海欣宇创业进出口有限公司财务账册上记载的对外应收款项
      [科技识别] 标题是否科技相关: 否
      [SKIP] 标题非科技相关，不进入详情爬取

  [27/40] 标题: 机械公司财务咨询服务项目（重招）中标候选人公示
      [科技识别] 标题是否科技相关: 否
      [SKIP] 标题非科技相关，不进入详情爬取

  [28/40] 标题: 内蒙古自治区烟草公司呼和浩特市公司2026年-2029年旧财务整合系统维保服务项目单一来源…
      [科技识别] 标题是否科技相关: 是
      [过滤-排除词] 未命中，通过
      [过滤-关键词] 标题不包含「财务公司」→ 跳过

  [29/40] 标题: 肥城矿业集团有限责任公司拟编制2025年财务报告涉及的投资性房地产公允价值评估项目采购公告
      [科技识别] 标题是否科技相关: 否
      [SKIP] 标题非科技相关，不进入详情爬取

  [30/40] 标题: 南玻院（宿迁）新材料有限公司财务审计一批询价
      [科技识别] 标题是否科技相关: 否
      [SKIP] 标题非科技相关，不进入详情爬取

  [31/40] 标题: 盘江新能源发电（镇宁）有限公司-2026.03.16-镇宁县本寨镇鱼凹农业光伏电站EPC总…
      [科技识别] 标题是否科技相关: 否
      [SKIP] 标题非科技相关，不进入详情爬取

  [32/40] 标题: 徐工财务公司电子档案升级与集成-中标公告
      [科技识别] 标题是否科技相关: 否
      [SKIP] 标题非科技相关，不进入详情爬取

  [33/40] 标题: 华电（云南）新能源发电有限公司5个风电扩建项目财务竣工决算编制服务询比采购公告_采购信息
      [科技识别] 标题是否科技相关: 否
      [SKIP] 标题非科技相关，不进入详情爬取

  [34/40] 标题: 股权并购之财务顾问（证券公司）服务采购项目招标公告
      [科技识别] 标题是否科技相关: 否
      [SKIP] 标题非科技相关，不进入详情爬取

  [35/40] 标题: 财务公司常年法律顾问采购项目（二次）项目成交公告
      [科技识别] 标题是否科技相关: 否
      [SKIP] 标题非科技相关，不进入详情爬取

  [36/40] 标题: 关于为【云梦县城关镇星秀幼儿园有限公司】公开选取【学校财务审计报告】机构的公告
      [科技识别] 标题是否科技相关: 否
      [SKIP] 标题非科技相关，不进入详情爬取

  [37/40] 标题: 贵州双龙航空港建设投资有限公司项目竣工财务决算报告编制服务竞争性磋商公告
      [科技识别] 标题是否科技相关: 否
      [SKIP] 标题非科技相关，不进入详情爬取

  [38/40] 标题: 西气东输公司财务专项工作审计检查咨询服务采购项目-非招标候选人公示
      [科技识别] 标题是否科技相关: 否
      [SKIP] 标题非科技相关，不进入详情爬取

  [39/40] 标题: 审计服务采购项目（舟石化公司财务收支审计项目（含下属子公司）、绿色石化基地管廊工程投资情况…
      [科技识别] 标题是否科技相关: 否
      [SKIP] 标题非科技相关，不进入详情爬取

  [40/40] 标题: 关于【恩平市恩州粮食购销有限公司2025年度财务报表审计和清产核资专项审计服务采购】中选结…
      [科技识别] 标题是否科技相关: 否
      [SKIP] 标题非科技相关，不进入详情爬取

  [第 3 页]
  [DEBUG] 已检测到「条信息」，按整页详情链接解析
      [WARN] 未找到 .ssjg-leixing，info_type 将记为采招信息
  本页找到 25 条结果

  [1/25] 标题: 内江融通高科先进材料有限公司正极材料绿色制造及产业链数字赋能综合性平台建设项目-【终验要件…
      [科技识别] 标题是否科技相关: 否
      [SKIP] 标题非科技相关，不进入详情爬取

  [2/25] 标题: 2025年数字抚州公司财务审计服务任务
      [科技识别] 标题是否科技相关: 否
      [SKIP] 标题非科技相关，不进入详情爬取

  [3/25] 标题: 中国电信股份有限公司宜宾分公司2026年工会财务票据处理及综合服务业务外包项目（第二次）询…
      [科技识别] 标题是否科技相关: 否
      [SKIP] 标题非科技相关，不进入详情爬取

  [4/25] 标题: 中节能财务有限公司成员单位名册专项审计项目采购结果公示
      [科技识别] 标题是否科技相关: 否
      [SKIP] 标题非科技相关，不进入详情爬取

  [5/25] 标题: 亿嘉碧环保科技（南京）有限公司亿嘉碧公司3年财务审计服务成交结果公示
      [科技识别] 标题是否科技相关: 否
      [SKIP] 标题非科技相关，不进入详情爬取

  [6/25] 标题: 运城经济开发区建设发展有限公司2025年度财务合并报告审计服务成交结果公告
      [科技识别] 标题是否科技相关: 否
      [SKIP] 标题非科技相关，不进入详情爬取

  [7/25] 标题: 巴中市恩阳区国有资本投资运营集团有限公司财务审计服务采购项目磋商公告
      [科技识别] 标题是否科技相关: 否
      [SKIP] 标题非科技相关，不进入详情爬取

  [8/25] 标题: 安溪白濑水库移民工程开发建设有限公司内部审计及财务税务顾问服务项目-采购公告
      [科技识别] 标题是否科技相关: 否
      [SKIP] 标题非科技相关，不进入详情爬取

  [9/25] 标题: 五矿集团财务有限责任公司办公用房装修改造工程造价咨询服务
      [科技识别] 标题是否科技相关: 否
      [SKIP] 标题非科技相关，不进入详情爬取

  [10/25] 标题: 淮安市某水务公司股权转让项目财务审计服务成交公示
      [科技识别] 标题是否科技相关: 否
      [SKIP] 标题非科技相关，不进入详情爬取

  [11/25] 标题: 关于为【重庆长越汽车内饰件有限公司破产财务审计】公开选取【破产业务服务】机构的公告
      [科技识别] 标题是否科技相关: 否
      [SKIP] 标题非科技相关，不进入详情爬取

  [12/25] 标题: 华润资产经营有限公司华润资产经营有限公司资金财务部采购驻场服务供应商询比采购结果公告
      [科技识别] 标题是否科技相关: 否
      [SKIP] 标题非科技相关，不进入详情爬取

  [13/25] 标题: 江苏长江口开发集团有限公司采购江苏瀚思瑞半导体科技有限公司财务尽调服务项目终止公告
      [科技识别] 标题是否科技相关: 否
      [SKIP] 标题非科技相关，不进入详情爬取

  [14/25] 标题: 宁波中天宝实业集团有限公司2025年度财务报表审计项目
      [科技识别] 标题是否科技相关: 否
      [SKIP] 标题非科技相关，不进入详情爬取

  [15/25] 标题: 关于内蒙古交通集团有限公司呼伦贝尔分公司招标代理、财务审计服务机构入围流标/废标公告
      [科技识别] 标题是否科技相关: 否
      [SKIP] 标题非科技相关，不进入详情爬取

  [16/25] 标题: 中交资本及下属6家子公司财务基础服务项目询比采购公告
      [科技识别] 标题是否科技相关: 否
      [SKIP] 标题非科技相关，不进入详情爬取

  [17/25] 标题: 中交资本及下属6家子公司财务基础服务项目询比采购公告
      [科技识别] 标题是否科技相关: 否
      [SKIP] 标题非科技相关，不进入详情爬取

  [18/25] 标题: 中交资本及下属6家子公司财务基础服务项目询比采购公告
      [科技识别] 标题是否科技相关: 否
      [SKIP] 标题非科技相关，不进入详情爬取

  [19/25] 标题: 关于【萍乡市安源区远昌项目投资有限公司2025年度财务报表审计】中选结果的公告
      [科技识别] 标题是否科技相关: 否
      [SKIP] 标题非科技相关，不进入详情爬取

  [20/25] 标题: 浙江省交通投资集团有限公司招标采购管理中心信贷、同业、投资系统建设（财务公司）公开招标项目…
      [科技识别] 标题是否科技相关: 是
      [过滤-排除词] 未命中，通过
      [过滤-关键词] 包含「财务公司」，通过
      [OK] 通过全部筛选，进入详情爬取
    [已保存] output\2026-04-01\财务公司\招标公告_浙江省交通投资集团有限公司招标采购管理中心信贷、同业、投资系统建设（财务公司）公开招标项目流标公告_082050.json

  [21/25] 标题: 中交长江（重庆）水利水电工程有限公司2025年度财务报告审计服务直接采购公告
      [科技识别] 标题是否科技相关: 否
      [SKIP] 标题非科技相关，不进入详情爬取

  [22/25] 标题: 中交长江（重庆）水利水电工程有限公司2025年度财务报告审计服务直接采购公告
      [科技识别] 标题是否科技相关: 否
      [SKIP] 标题非科技相关，不进入详情爬取

  [23/25] 标题: 大连口岸物流网股份有限公司2026悦支付运营推广项目财务审计成交候选人公示
      [科技识别] 标题是否科技相关: 否
      [SKIP] 标题非科技相关，不进入详情爬取

  [24/25] 标题: 关于【常熟市碧溪新区城乡一体化建设有限公司企业单位财务审计服务】【邀请选取】【出具验资报告…
      [科技识别] 标题是否科技相关: 否
      [SKIP] 标题非科技相关，不进入详情爬取

  [25/25] 标题: 邵东市城市运营管理有限公司及所属子公司2025年度财务审计服务采购项目磋商邀请公告
      [科技识别] 标题是否科技相关: 否
      [SKIP] 标题非科技相关，不进入详情爬取

  [第 4 页]
  [DEBUG] 已检测到「条信息」，按整页详情链接解析
      [WARN] 未找到 .ssjg-leixing，info_type 将记为采招信息
  本页找到 25 条结果
  本页链接均已在之前页处理过，视为重复页，停止翻页。
  [OK] 「财务公司」爬取结束，正在关闭标签页…

  「财务公司」完成：成功 1 篇，失败 0 篇
  [OK] 等待 2~6 秒后继续下一关键词…

====================================================
  [10/10] 关键词：「理财」

────────────────────────────────────────────────────
  关键词：「理财」  输出目录：output\2026-04-01\理财/
  [OK] 搜索结果页 -> https://search.bidcenter.com.cn/search?keywords=%e7%90%86%e8%b4%a2&mod=0
  [OK] 已点击「标题搜索」
  [OK] 标题搜索结果页 -> https://search.bidcenter.com.cn/search?keywords=%E7%90%86%E8%B4%A2&tag=1&mod=0
  [时间筛选] 2026-04-01 ~ 2026-04-01
  [OK] 时间筛选已应用 -> https://search.bidcenter.com.cn/search?keywords=%E7%90%86%E8%B4%A2&tag=1&mod=0&time=5&stime=2026-04-01&endtime=2026-04-01

  [第 1 页]
  [DEBUG] 已检测到「条信息」，按整页详情链接解析
      [WARN] 未找到 .ssjg-leixing，info_type 将记为采招信息
  本页找到 4 条结果

  [1/4] 标题: 新疆维吾尔自治区卫生健康委员会新疆维吾尔自治区卫生健康委员会关于委托整理财务档案业务的竞价…
      [科技识别] 标题是否科技相关: 否
      [SKIP] 标题非科技相关，不进入详情爬取

  [2/4] 标题: 温州银行股份有限公司关于理财资管系统改造项目（2026年）的中标(成交)结果公告
      [科技识别] 标题是否科技相关: 是
      [过滤-排除词] 未命中，通过
      [过滤-关键词] 包含「理财」，通过
      [OK] 通过全部筛选，进入详情爬取
    [已保存] output\2026-04-01\理财\中标结果_温州银行股份有限公司关于理财资管系统改造项目（2026年）的中标(成交)结果公告_082329.json

  [3/4] 标题: 关于内蒙古交通集团有限公司呼伦贝尔分公司招标代理、财务审计服务机构入围流标/废标公告
      [科技识别] 标题是否科技相关: 否
      [SKIP] 标题非科技相关，不进入详情爬取

  [4/4] 标题: 上海浦银理财物业服务中心-上海浦银理财-上海浦银理财项目2026年清洁服务成交候选人公示
      [科技识别] 标题是否科技相关: 否
      [SKIP] 标题非科技相关，不进入详情爬取

  [第 2 页]
  [DEBUG] 已检测到「条信息」，按整页详情链接解析
      [WARN] 未找到 .ssjg-leixing，info_type 将记为采招信息
  本页找到 4 条结果
  本页链接均已在之前页处理过，视为重复页，停止翻页。
  [OK] 「理财」爬取结束，正在关闭标签页…

  「理财」完成：成功 1 篇，失败 0 篇

  [OK] 全部关键词已处理完毕。

====================================================
  [完成] 全部关键词爬取结束！
  关键词数：10 个
  成功保存：115 篇
  失败跳过：0 篇
  输出根目录：E:\caizhaowang_full\caizhaowang\output\2026-04-01/  （output/2026-04-01/）
====================================================


  关键词目录: 信托（10 个 JSON）
  [3] 入库: 中铁信托有限责任公司投资交易系统二次开发项目中标候选人公示... | sub_type=中标结果 | product_related=软件相关
  [4] 入库: 中铁信托有限责任公司投资交易系统二次开发项目中标候选人公示... | sub_type=中标结果 | product_related=软件相关

  关键词目录: 农村信用（2 个 JSON）
  [1] 入库: 安徽省农村信用社联合社第三代核心业务系统项目群管理（PMO）服务项目流标公告... | sub_type=招标公告 | product_related=软件相关
  [2] 入库: 安徽省农村信用社联合社第三代核心业务系统项目群管理（PMO）服务项目流标公告... | sub_type=招标公告 | product_related=软件相关

  关键词目录: 汽车金融（2 个 JSON）
  [1] 入库: 直接采购项目批前公示—新一代汽车金融核心业务系统... | sub_type=招标公告 | product_related=软件相关
  [2] 入库: 直接采购项目批前公示—新一代汽车金融核心业务系统... | sub_type=招标公告 | product_related=软件相关

  关键词目录: 消费金融（2 个 JSON）

  关键词目录: 理财（2 个 JSON）

  关键词目录: 财务公司（2 个 JSON）
  [1] 跳过(非金融采购主体): AI判定采购主体非金融机构 | 浙江省交通投资集团有限公司招标采购管理中心信贷、同业、投资系统建设（财务公司）公开招标项目流标公告
  [2] 跳过(非金融采购主体): AI判定采购主体非金融机构 | 浙江省交通投资集团有限公司招标采购管理中心信贷、同业、投资系统建设（财务公司）公开招标项目流标公告

  关键词目录: 资产管理（18 个 JSON）
  [1] 跳过(非金融采购主体): AI判定采购主体非金融机构 | 2026年业务支撑域敏捷资产管理系统软件开发及运营支撑服务框架_中选结果公示
  [2] 跳过(非金融采购主体): AI判定采购主体非金融机构 | 2026年业务支撑域敏捷资产管理系统软件开发及运营支撑服务框架_中选结果公示
  [7] 跳过(非金融采购主体): AI判定采购主体非金融机构 | HBGXJT司库及资产管理平台实施服务竞争性谈判公告-ESTPFQ2026033000012
  [8] 跳过(非金融采购主体): AI判定采购主体非金融机构 | HBGXJT司库及资产管理平台实施服务竞争性谈判公告-ESTPFQ2026033000012
  [17] 跳过(非金融采购主体): AI判定采购主体非金融机构 | 岷县人民检察院资产管理系统建设及办案设备采购项目招标公告
  [18] 跳过(非金融采购主体): AI判定采购主体非金融机构 | 岷县人民检察院资产管理系统建设及办案设备采购项目招标公告

  关键词目录: 金融租赁（2 个 JSON）
  [1] 入库: 珠江金融租赁有限公司2025年金融基础数据报表生成系统软件服务、“五篇大文章”本地校验结果报文和重报... | sub_type=中标结果 | product_related=软件相关
  [2] 入库: 珠江金融租赁有限公司2025年金融基础数据报表生成系统软件服务、“五篇大文章”本地校验结果报文和重报... | sub_type=中标结果 | product_related=软件相关

  关键词目录: 银行（190 个 JSON）
  [1] 入库: 【北京农商银行2026-2029年信息科技开发类软件外包服务商价格入围项目】中标结果公示... | sub_type=中标结果 | product_related=软件相关
  [2] 入库: 【北京农商银行2026-2029年信息科技开发类软件外包服务商价格入围项目】中标结果公示... | sub_type=中标结果 | product_related=软件相关
  [7] 跳过(非金融采购主体): AI判定采购主体非金融机构 | 中国人民银行芜湖市分行关于交换机的网上超市采购项目成交公告
  [9] 入库: 中国工商银行河北省分行唐山市中级人民法院系统改造升级合作项目... | sub_type=中标结果 | product_related=软件相关
  [10] 入库: 中国工商银行河北省分行唐山市中级人民法院系统改造升级合作项目... | sub_type=中标结果 | product_related=软件相关
  [17] 入库: 中国邮政储蓄银行股份有限公司苏州市分行苏州市地方征信平台服务采购项目成交结果公告... | sub_type=中标结果 | product_related=软件相关
  [18] 入库: 中国邮政储蓄银行股份有限公司苏州市分行苏州市地方征信平台服务采购项目成交结果公告... | sub_type=中标结果 | product_related=软件相关
  [19] 入库: 中国邮政储蓄银行股份有限公司赣州市分行某县住房保障管理平台集成建设项目成交候选人公示... | sub_type=中标结果 | product_related=软件相关
  [20] 入库: 中国邮政储蓄银行股份有限公司赣州市分行某县住房保障管理平台集成建设项目成交候选人公示... | sub_type=中标结果 | product_related=软件相关
  [23] 入库: 保定银行综合业务数据备份系统维保采购项目成交公告... | sub_type=中标结果 | product_related=软件相关
  [24] 入库: 保定银行综合业务数据备份系统维保采购项目成交公告... | sub_type=中标结果 | product_related=软件相关
  [27] 入库: 关于江苏昆山农村商业银行股份有限公司昆山物业公共服务平台软件产品服务费项目采购结果公示... | sub_type=中标结果 | product_related=软件相关
  [28] 入库: 关于江苏昆山农村商业银行股份有限公司昆山物业公共服务平台软件产品服务费项目采购结果公示... | sub_type=中标结果 | product_related=软件相关
  [29] 入库: 关于江苏昆山农村商业银行股份有限公司移动信贷对接特资平台优化项目采购结果公示... | sub_type=中标结果 | product_related=软件相关
  [30] 入库: 关于江苏昆山农村商业银行股份有限公司移动信贷对接特资平台优化项目采购结果公示... | sub_type=中标结果 | product_related=软件相关
  [31] 入库: 兴业银行信用卡中心2026年-2027年信用卡微信平台支付服务项目采购结果公告... | sub_type=中标结果 | product_related=软件相关
  [32] 入库: 兴业银行信用卡中心2026年-2027年信用卡微信平台支付服务项目采购结果公告... | sub_type=中标结果 | product_related=软件相关
  [43] 入库: 宁夏银行AI大模型服务器资源扩容项目... | sub_type=中标结果 | product_related=硬件相关
  [44] 入库: 宁夏银行AI大模型服务器资源扩容项目... | sub_type=中标结果 | product_related=硬件相关
  [45] 入库: 徽商银行关于金电公司相关系统维保采购项目成交结果公告... | sub_type=中标结果 | product_related=软件相关
  [46] 入库: 徽商银行关于金电公司相关系统维保采购项目成交结果公告... | sub_type=中标结果 | product_related=软件相关
  [47] 入库: 成都银行“成都市商品房预售款监管服务平台”银行端特色系统软件服务采购项目中标结果公告... | sub_type=中标结果 | product_related=软件相关
  [48] 入库: 成都银行“成都市商品房预售款监管服务平台”银行端特色系统软件服务采购项目中标结果公告... | sub_type=中标结果 | product_related=软件相关
  [59] 入库: 沧州银行机房基础设施维护项目（第二次）... | sub_type=中标结果 | product_related=硬件相关
  [61] 入库: 沧州银行机房基础设施维护项目（第二次）... | sub_type=中标结果 | product_related=硬件相关
  [77] 跳过(类型=拍卖转让): 安徽凤台农村商业银行股份有限公司关于凤台县朱马店镇新华路的机房和商住楼的公告
  [78] 跳过(类型=拍卖转让): 安徽凤台农村商业银行股份有限公司关于凤台县朱马店镇新华路的机房和商住楼的公告^C
===== 周五 2026/04/03  6:27:42.44 开始 run_pipeline --t-minus-1 =====
====================================================
  招投标采集链路：爬取 → 入库 → 推送今日摘要
  配置来源： E:\caizhaowang_full\caizhaowang\config.ini
  读取的日期：start_date='T-1 (2026-04-02)'  end_date='T-1 (2026-04-02)'
  关键词： ['银行', '资产管理', '信托', '消费金融', '汽车金融', '农村信用', '金融租赁', '金融控股', '财务公司', '理财']
  时间范围： 2026-04-02 ~ 2026-04-02
====================================================

====================================================
  采招网信息爬取工具（标题搜索）
  关键词：['银行', '资产管理', '信托', '消费金融', '汽车金融', '农村信用', '金融租赁', '金融控股', '财务公司', '理财']
  时间范围：2026-04-02 ~ 2026-04-02
  每词最多 100 页  |  输出格式：json  |  根目录：output/
====================================================

====================================================
  步骤1：登录
  [OK] 登录成功 -> https://www.bidcenter.com.cn/

====================================================
  [1/10] 关键词：「银行」

────────────────────────────────────────────────────
  关键词：「银行」  输出目录：output\2026-04-02\银行/
  [OK] 搜索结果页 -> https://search.bidcenter.com.cn/search?keywords=%e9%93%b6%e8%a1%8c&mod=0
  [OK] 已点击「标题搜索」
  [OK] 标题搜索结果页 -> https://search.bidcenter.com.cn/search?keywords=%E9%93%B6%E8%A1%8C&tag=1&mod=0
  [时间筛选] 2026-04-02 ~ 2026-04-02
  [OK] 时间筛选已应用 -> https://search.bidcenter.com.cn/search?keywords=%E9%93%B6%E8%A1%8C&tag=1&mod=0&time=5&stime=2026-04-02&endtime=2026-04-02

  [第 1 页]
  [DEBUG] 已检测到「条信息」，按整页详情链接解析
      [WARN] 未找到 .ssjg-leixing，info_type 将记为采招信息
  本页找到 40 条结果

  [1/40] 标题: 兰州银行股份有限公司飞天支行名下位于兰州市城关区拱星墩街道段家滩路671-721号-1层0…
      [科技识别] 标题是否科技相关: 否
      [SKIP] 标题非科技相关，不进入详情爬取

  [2/40] 标题: 兰州银行股份有限公司彭家坪支行名下位于甘肃省平凉市崆峒区东大街103号世纪金鼎1幢3层3-…
      [科技识别] 标题是否科技相关: 否
      [SKIP] 标题非科技相关，不进入详情爬取

  [3/40] 标题: 兰州银行股份有限公司飞天支行支行名下位于兰州市城关区拱星墩街道段家滩路671-721号-1…
      [科技识别] 标题是否科技相关: 否
      [SKIP] 标题非科技相关，不进入详情爬取

  [4/40] 标题: 兰州银行股份有限公司彭家坪支行名下位于甘肃省平凉市崆峒区东大街103号世纪金鼎1幢3层3-…
      [科技识别] 标题是否科技相关: 否
      [SKIP] 标题非科技相关，不进入详情爬取

  [5/40] 标题: 兰州银行股份有限公司临夏分行名下位于永靖县刘家峡镇川南路209号（电力大厦斜对面）公开竞价…
      [科技识别] 标题是否科技相关: 否
      [SKIP] 标题非科技相关，不进入详情爬取

  [6/40] 标题: 内蒙古农商银行磴口支行所拥有位于内蒙古巴彦淖尔市磴口县巴彦高勒镇河套市场B9-116号门店
      [科技识别] 标题是否科技相关: 否
      [SKIP] 标题非科技相关，不进入详情爬取

  [7/40] 标题: 兰州银行股份有限公司彭家坪支行名下位于甘肃省平凉市崆峒区郑家沟3号阳光花园小区10号楼1层…
      [科技识别] 标题是否科技相关: 否
      [SKIP] 标题非科技相关，不进入详情爬取

  [8/40] 标题: 兰州银行股份有限公司彭家坪支行名下位于甘肃省平凉市崆峒区东大街103号世纪金鼎1幢3层3-…
      [科技识别] 标题是否科技相关: 否
      [SKIP] 标题非科技相关，不进入详情爬取

  [9/40] 标题: 内蒙古农商银行磴口支行所拥有位于内蒙古巴彦淖尔市磴口县嘉德小区4号楼部分资产
      [科技识别] 标题是否科技相关: 否
      [SKIP] 标题非科技相关，不进入详情爬取

  [10/40] 标题: 内蒙古农商银行磴口支行所拥有位于内蒙古巴彦淖尔市磴口县巴彦高勒镇河套市场C8-0-111商…
      [科技识别] 标题是否科技相关: 否
      [SKIP] 标题非科技相关，不进入详情爬取

  [11/40] 标题: 兰州银行股份有限公司彭家坪支行名下位于甘肃省平凉市崆峒区东大街103号世纪金鼎1幢3层3-…
      [科技识别] 标题是否科技相关: 否
      [SKIP] 标题非科技相关，不进入详情爬取

  [12/40] 标题: 兰州银行股份有限公司彭家坪支行名下位于甘肃省平凉市崆峒区郑家沟3号阳光花园小区10号楼1-…
      [科技识别] 标题是否科技相关: 否
      [SKIP] 标题非科技相关，不进入详情爬取

  [13/40] 标题: 兰州银行股份有限公司临夏分行名下和政县横街7号宁河商贸城2号楼二层商铺房产公开竞价活动
      [科技识别] 标题是否科技相关: 否
      [SKIP] 标题非科技相关，不进入详情爬取

  [14/40] 标题: 兰州银行股份有限公司临夏分行名下临夏市光华东路天元新城花邸小区1号楼二层8-16轴、临夏市…
      [科技识别] 标题是否科技相关: 否
      [SKIP] 标题非科技相关，不进入详情爬取

  [15/40] 标题: 兰州银行股份有限公司临夏分行名下临夏市环城西路英丰佳园小区7间商铺公开竞价活动
      [科技识别] 标题是否科技相关: 否
      [SKIP] 标题非科技相关，不进入详情爬取

  [16/40] 标题: 兰州银行股份有限公司临夏分行名下位于和政县西街英丰商厦一、二楼商铺房产公开竞价活动
      [科技识别] 标题是否科技相关: 否
      [SKIP] 标题非科技相关，不进入详情爬取

  [17/40] 标题: 兰州银行股份有限公司临夏分行名下位于和政县横街7#宁河商贸街2#“宁河商贸城”一层、负一层…
      [科技识别] 标题是否科技相关: 否
      [SKIP] 标题非科技相关，不进入详情爬取

  [18/40] 标题: 兰州银行股份有限公司临夏分行名下位于永靖县刘家峡镇祁家渡口大平地公开竞价活动
      [科技识别] 标题是否科技相关: 否
      [SKIP] 标题非科技相关，不进入详情爬取

  [19/40] 标题: 兰州银行股份有限公司临夏分行名下位于临夏县双城新区万惠仁居3#商铺二层房产公开竞价活动
      [科技识别] 标题是否科技相关: 否
      [SKIP] 标题非科技相关，不进入详情爬取

  [20/40] 标题: 中国民生银行股份有限公司深圳分行票递服务业务外包项目招标中标候选人公示
      [科技识别] 标题是否科技相关: 否
      [SKIP] 标题非科技相关，不进入详情爬取

  [21/40] 标题: 新疆农商银行阜康市支行保安服务项目中标结果公示
      [科技识别] 标题是否科技相关: 否
      [SKIP] 标题非科技相关，不进入详情爬取

  [22/40] 标题: 黑龙江明水农村商业银行股份有限公司关于明水县经济开发区业一路与明林路交口西北侧的公告(第二…
      [科技识别] 标题是否科技相关: 否
      [SKIP] 标题非科技相关，不进入详情爬取

  [23/40] 标题: 广东大埔农村商业银行股份有限公司关于转让广东省大埔县西岩茶叶集团有限公司不良贷款债权的公告…
      [科技识别] 标题是否科技相关: 否
      [SKIP] 标题非科技相关，不进入详情爬取

  [24/40] 标题: 中国邮政储蓄银行昭通市分行2026-2028年法律服务入围采购公开竞争性磋商公告
      [科技识别] 标题是否科技相关: 否
      [SKIP] 标题非科技相关，不进入详情爬取

  [25/40] 标题: 兰州银行股份有限公司彭家坪支行名下位于甘肃省平凉市崆峒区东大街103号世纪金鼎1幢3层3-…
      [科技识别] 标题是否科技相关: 否
      [SKIP] 标题非科技相关，不进入详情爬取

  [26/40] 标题: 兰州银行股份有限公司彭家坪支行名下位于甘肃省平凉市崆峒区东大街103号世纪金鼎1幢3层3-…
      [科技识别] 标题是否科技相关: 否
      [SKIP] 标题非科技相关，不进入详情爬取

  [27/40] 标题: 兰州银行股份有限公司彭家坪支行名下位于甘肃省平凉市崆峒区东大街103号世纪金鼎1幢3层3-…
      [科技识别] 标题是否科技相关: 否
      [SKIP] 标题非科技相关，不进入详情爬取

  [28/40] 标题: 兰州银行股份有限公司彭家坪支行名下位于甘肃省平凉市崆峒区东大街103号世纪金鼎1幢3层3-…
      [科技识别] 标题是否科技相关: 否
      [SKIP] 标题非科技相关，不进入详情爬取

  [29/40] 标题: 兰州银行股份有限公司彭家坪支行名下位于甘肃省平凉市崆峒区郑家沟3号阳光花园小区10号楼1-…
      [科技识别] 标题是否科技相关: 否
      [SKIP] 标题非科技相关，不进入详情爬取

  [30/40] 标题: 兰州银行股份有限公司飞天支行支行名下位于兰州市永登县城关镇独立街6号玫瑰花园6套商铺公开竞…
      [科技识别] 标题是否科技相关: 否
      [SKIP] 标题非科技相关，不进入详情爬取

  [31/40] 标题: 兰州银行股份有限公司彭家坪支行名下位于甘肃省平凉市崆峒区东大街103号世纪金鼎1幢3层3-…
      [科技识别] 标题是否科技相关: 否
      [SKIP] 标题非科技相关，不进入详情爬取

  [32/40] 标题: 兰州银行股份有限公司飞天支行支行名下位于兰州市城关区拱星墩街道段家滩路671-721号-1…
      [科技识别] 标题是否科技相关: 否
      [SKIP] 标题非科技相关，不进入详情爬取

  [33/40] 标题: 兰州银行股份有限公司彭家坪支行名下位于甘肃省平凉市崆峒区郑家沟3号阳光花园小区10号楼1层…
      [科技识别] 标题是否科技相关: 否
      [SKIP] 标题非科技相关，不进入详情爬取

  [34/40] 标题: 兰州银行股份有限公司彭家坪支行名下位于甘肃省平凉市崆峒区东大街103号世纪金鼎1幢13层1…
      [科技识别] 标题是否科技相关: 否
      [SKIP] 标题非科技相关，不进入详情爬取

  [35/40] 标题: 兰州银行股份有限公司彭家坪支行名下位于平凉市崆峒区东大街103号世纪金鼎1幢4层4-7号公…
      [科技识别] 标题是否科技相关: 否
      [SKIP] 标题非科技相关，不进入详情爬取

  [36/40] 标题: 兰州银行股份有限公司彭家坪支行名下位于平凉市崆峒区东大街103号世纪金鼎9套商铺公开竞价公…
      [科技识别] 标题是否科技相关: 否
      [SKIP] 标题非科技相关，不进入详情爬取

  [37/40] 标题: 兰州银行股份有限公司彭家坪支行关于平凉市崆峒区北后街118号金鼎时代公馆1单元1601室公…
      [科技识别] 标题是否科技相关: 否
      [SKIP] 标题非科技相关，不进入详情爬取

  [38/40] 标题: 兰州银行股份有限公司武威西城支行名下位于甘肃省嘉峪关市商业步行街4栋2-23号商铺公开竞价
      [科技识别] 标题是否科技相关: 否
      [SKIP] 标题非科技相关，不进入详情爬取

  [39/40] 标题: 山东临沂兰山农村商业银行股份有限公司盒抽采购项目中标结果公示
      [科技识别] 标题是否科技相关: 否
      [SKIP] 标题非科技相关，不进入详情爬取

  [40/40] 标题: 云南楚雄市农村商业银行股份有限公司总行及珑曦苑综合业务用房消防值守（含门卫服务）及消防设施…
      [科技识别] 标题是否科技相关: 否
      [SKIP] 标题非科技相关，不进入详情爬取

  [第 2 页]
  [DEBUG] 已检测到「条信息」，按整页详情链接解析
      [WARN] 未找到 .ssjg-leixing，info_type 将记为采招信息
  本页找到 40 条结果

  [1/40] 标题: 2026年中国联通潍坊市分公司某银行GPU算力服务采购项目采购公告
      [科技识别] 标题是否科技相关: 是
      [过滤-排除词] 未命中，通过
      [过滤-关键词] 包含「银行」，通过
      [OK] 通过全部筛选，进入详情爬取
    [已保存] output\2026-04-02\银行\招标公告_2026年中国联通潍坊市分公司某银行GPU算力服务采购项目采购公告_063024.json

  [2/40] 标题: 招商银行无锡分行28周年行庆“点亮无锡”电子屏广告项目供应商征集公告
      [科技识别] 标题是否科技相关: 否
      [SKIP] 标题非科技相关，不进入详情爬取

  [3/40] 标题: 广发银行股份有限公司长沙分行招标代理服务招标公告
      [科技识别] 标题是否科技相关: 否
      [SKIP] 标题非科技相关，不进入详情爬取

  [4/40] 标题: 中国人民银行临沧市分行职工2026年节日慰问品采购项目（二次）流标公告
      [科技识别] 标题是否科技相关: 否
      [SKIP] 标题非科技相关，不进入详情爬取

  [5/40] 标题: 黑龙江明水农村商业银行股份有限公司关于明水县增汇茗苑小区八幢一层2号车库的公告(第一次)
      [科技识别] 标题是否科技相关: 否
      [SKIP] 标题非科技相关，不进入详情爬取

  [6/40] 标题: 黑龙江明水农村商业银行股份有限公司关于明水县东风街工商局综合楼二幢1、2层商服的公告(再次…
      [科技识别] 标题是否科技相关: 否
      [SKIP] 标题非科技相关，不进入详情爬取

  [7/40] 标题: 黑龙江明水农村商业银行股份有限公司关于明水县革新社区怡和苑小区综合楼十四幢1-2层19号的…
      [科技识别] 标题是否科技相关: 否
      [SKIP] 标题非科技相关，不进入详情爬取

  [8/40] 标题: 黑龙江明水农村商业银行股份有限公司关于明水县育新社区丽江锦绣家园小区综合楼十四幢1-2层南…
      [科技识别] 标题是否科技相关: 否
      [SKIP] 标题非科技相关，不进入详情爬取

  [9/40] 标题: 广东大埔农村商业银行股份有限公司关于转让梅州市博皇家居建材市场经营管理有限公司不良贷款债权…
      [科技识别] 标题是否科技相关: 否
      [SKIP] 标题非科技相关，不进入详情爬取

  [10/40] 标题: 黑龙江明水农村商业银行股份有限公司关于明水县革新社区玉德家苑小区综合楼B幢1-2层1号的公…
      [科技识别] 标题是否科技相关: 否
      [SKIP] 标题非科技相关，不进入详情爬取

  [11/40] 标题: 黑龙江明水农村商业银行股份有限公司关于明水县育新社区丽江锦绣家园小区综合楼二幢东侧商服1-…
      [科技识别] 标题是否科技相关: 否
      [SKIP] 标题非科技相关，不进入详情爬取

  [12/40] 标题: 黑龙江明水农村商业银行股份有限公司关于明水县育新街商利荣达家园小区综合楼二（A）幢1-2层…
      [科技识别] 标题是否科技相关: 否
      [SKIP] 标题非科技相关，不进入详情爬取

  [13/40] 标题: 黑龙江明水农村商业银行股份有限公司关于明水县革新社区宇泰盛世景园小区（二区）8号楼1-2层…
      [科技识别] 标题是否科技相关: 否
      [SKIP] 标题非科技相关，不进入详情爬取

  [14/40] 标题: 黑龙江明水农村商业银行股份有限公司关于明水县革新社区怡和苑小区综合楼十四幢1-2层20号的…
      [科技识别] 标题是否科技相关: 否
      [SKIP] 标题非科技相关，不进入详情爬取

  [15/40] 标题: 黑龙江明水农村商业银行股份有限公司关于明水县育新社区丽江锦绣家园小区综合楼三幢一层14号（…
      [科技识别] 标题是否科技相关: 否
      [SKIP] 标题非科技相关，不进入详情爬取

  [16/40] 标题: 黑龙江明水农村商业银行股份有限公司关于明水县育新社区劳动和社会保障局综合楼二幢一层3号、二…
      [科技识别] 标题是否科技相关: 否
      [SKIP] 标题非科技相关，不进入详情爬取

  [17/40] 标题: 黑龙江明水农村商业银行股份有限公司关于明水县革新社区宇泰盛世景园小区综合楼一区一幢1-2层…
      [科技识别] 标题是否科技相关: 否
      [SKIP] 标题非科技相关，不进入详情爬取

  [18/40] 标题: 黑龙江明水农村商业银行股份有限公司关于明水县育新社区丽江锦绣家园小区综合楼十四幢1-2层南…
      [科技识别] 标题是否科技相关: 否
      [SKIP] 标题非科技相关，不进入详情爬取

  [19/40] 标题: 黑龙江明水农村商业银行股份有限公司关于明水县育新社区丽江锦绣家园小区综合楼二幢东侧商服1-…
      [科技识别] 标题是否科技相关: 否
      [SKIP] 标题非科技相关，不进入详情爬取

  [20/40] 标题: 黑龙江明水农村商业银行股份有限公司关于明水县革新社区兰庭雅苑小区综合楼三幢南侧续建1-3层…
      [科技识别] 标题是否科技相关: 否
      [SKIP] 标题非科技相关，不进入详情爬取

  [21/40] 标题: 黑龙江明水农村商业银行股份有限公司关于明水县育新社区丽江锦绣家园小区综合楼十五幢1-2层北…
      [科技识别] 标题是否科技相关: 否
      [SKIP] 标题非科技相关，不进入详情爬取

  [22/40] 标题: 黑龙江明水农村商业银行股份有限公司关于明水县育新社区丽江锦绣家园小区综合楼三幢东侧商服1-…
      [科技识别] 标题是否科技相关: 否
      [SKIP] 标题非科技相关，不进入详情爬取

  [23/40] 标题: 黑龙江明水农村商业银行股份有限公司关于明水县育新社区阳光嘉园小区综合楼四幢1-2层24号的…
      [科技识别] 标题是否科技相关: 否
      [SKIP] 标题非科技相关，不进入详情爬取

  [24/40] 标题: 娄烦农商银行招标代理机构遴选项目(001标段)竞争性磋商公告
      [科技识别] 标题是否科技相关: 否
      [SKIP] 标题非科技相关，不进入详情爬取

  [25/40] 标题: 内蒙古农商银行磴口支行所拥有位于内蒙古巴彦淖尔市磴口县巴彦高勒镇河套市场B6-111号商业…
      [科技识别] 标题是否科技相关: 否
      [SKIP] 标题非科技相关，不进入详情爬取

  [26/40] 标题: 内蒙古农商银行磴口支行所拥有位于巴彦淖尔市磴口县友谊饭店西侧
      [科技识别] 标题是否科技相关: 否
      [SKIP] 标题非科技相关，不进入详情爬取

  [27/40] 标题: 赣州市章贡区商品房预售资金监管业务银行选入项目（项目编号：JXYG2026-ZG-G001…
      [科技识别] 标题是否科技相关: 否
      [SKIP] 标题非科技相关，不进入详情爬取

  [28/40] 标题: 广东大埔农村商业银行股份有限公司关于广东大埔农村商业银行股份有限公司关于转让梅州市胜强实业…
      [科技识别] 标题是否科技相关: 否
      [SKIP] 标题非科技相关，不进入详情爬取

  [29/40] 标题: 内蒙古农商银行赛罕区支行物业服务
      [科技识别] 标题是否科技相关: 否
      [SKIP] 标题非科技相关，不进入详情爬取

  [30/40] 标题: 自贡农商银行保安劳务外包服务采购项目招标公告
      [科技识别] 标题是否科技相关: 否
      [SKIP] 标题非科技相关，不进入详情爬取

  [31/40] 标题: 渤海银行2026年海光PC服务器扩容采购项目更正公告第1号
      [科技识别] 标题是否科技相关: 是
      [过滤-排除词] 未命中，通过
      [过滤-关键词] 包含「银行」，通过
      [OK] 通过全部筛选，进入详情爬取
    [已保存] output\2026-04-02\银行\招标公告_渤海银行2026年海光PC服务器扩容采购项目更正公告第1号_063100.json

  [32/40] 标题: 华夏银行福州分行关于华夏银行股份有限公司福州分行关于福建省福州市晋安区鼓山镇福兴大道3号福…
      [科技识别] 标题是否科技相关: 否
      [SKIP] 标题非科技相关，不进入详情爬取

  [33/40] 标题: 广东大埔农村商业银行股份有限公司关于广东大埔农村商业银行股份有限公司关于转让梅州市邦诚实业…
      [科技识别] 标题是否科技相关: 否
      [SKIP] 标题非科技相关，不进入详情爬取

  [34/40] 标题: 中国民生银行股份有限公司海口分行办公用品及耗材集中采购项目征询公告（变更）（第1次变更公告…
      [科技识别] 标题是否科技相关: 否
      [SKIP] 标题非科技相关，不进入详情爬取

  [35/40] 标题: 山东临沂兰山农村商业银行股份有限公司智慧柜员机维保服务合同续签项目采购结果公示
      [科技识别] 标题是否科技相关: 否
      [SKIP] 标题非科技相关，不进入详情爬取

  [36/40] 标题: 中国邮政储蓄银行昆明市分行2026-2028年法律服务入围采购公开竞争性磋商公告
      [科技识别] 标题是否科技相关: 否
      [SKIP] 标题非科技相关，不进入详情爬取

  [37/40] 标题: 中国民生银行股份有限公司海口分行办公用品及耗材集中采购项目征询公告（变更）
      [科技识别] 标题是否科技相关: 否
      [SKIP] 标题非科技相关，不进入详情爬取

  [38/40] 标题: 广发银行郑州分行分行办公区域及同城支行绿植租摆服务项目中选结果公示
      [科技识别] 标题是否科技相关: 否
      [SKIP] 标题非科技相关，不进入详情爬取

  [39/40] 标题: 中国工商银行淄博分行职工食堂管理服务项目招标公告
      [科技识别] 标题是否科技相关: 否
      [SKIP] 标题非科技相关，不进入详情爬取

  [40/40] 标题: 蒙商银行股份有限公司关于蒙商银行位于乌兰察布市四子王旗乌兰花镇建国路路东、统建路北侧独栋商…
      [科技识别] 标题是否科技相关: 否
      [SKIP] 标题非科技相关，不进入详情爬取

  [第 3 页]
  [DEBUG] 已检测到「条信息」，按整页详情链接解析
      [WARN] 未找到 .ssjg-leixing，info_type 将记为采招信息
  本页找到 40 条结果

  [1/40] 标题: 招商银行唐山分行运营人员能力提升培训采购项目供应商征集公告
      [科技识别] 标题是否科技相关: 否
      [SKIP] 标题非科技相关，不进入详情爬取

  [2/40] 标题: 招商银行唐山分行反假货币培训及效果测评采购项目供应商征集公告
      [科技识别] 标题是否科技相关: 否
      [SKIP] 标题非科技相关，不进入详情爬取

  [3/40] 标题: 中国农业银行股份有限公司浙江省分行全省农行营业网点建设造价咨询公司项目包件1：杭州（含萧山…
      [科技识别] 标题是否科技相关: 否
      [SKIP] 标题非科技相关，不进入详情爬取

  [4/40] 标题: 渤海银行2026年海光PC服务器扩容采购项目更正公告第1号
      [科技识别] 标题是否科技相关: 是
      [过滤-排除词] 未命中，通过
      [过滤-关键词] 包含「银行」，通过
      [OK] 通过全部筛选，进入详情爬取
    [已保存] output\2026-04-02\银行\招标公告_渤海银行2026年海光PC服务器扩容采购项目更正公告第1号_063227.json

  [5/40] 标题: 中国农业银行股份有限公司浙江省分行全省农行营业网点建设造价咨询公司项目包件2：温州+丽水变…
      [科技识别] 标题是否科技相关: 否
      [SKIP] 标题非科技相关，不进入详情爬取

  [6/40] 标题: 杭州文化产权交易所关于（银行股权）中山农村商业银行自然人股13万股，带股权证的公告(第一次…
      [科技识别] 标题是否科技相关: 否
      [SKIP] 标题非科技相关，不进入详情爬取

  [7/40] 标题: 杭州文化产权交易所关于（银行股权）江门农村商业银行自然人股1974股，带股权证的公告(第一…
      [科技识别] 标题是否科技相关: 否
      [SKIP] 标题非科技相关，不进入详情爬取

  [8/40] 标题: 广发银行股份有限公司梅州分行2026-2028年网络通讯专线服务项目采购公告
      [科技识别] 标题是否科技相关: 否
      [SKIP] 标题非科技相关，不进入详情爬取

  [9/40] 标题: 交通银行江西省分行南昌高新科技支行提升改造项目[JXZT-2026-10942]-招标公告
      [科技识别] 标题是否科技相关: 否
      [SKIP] 标题非科技相关，不进入详情爬取

  [10/40] 标题: 梅州分行“广发银行股份有限公司梅州分行2026-2028年网络通讯专线服务项目”的采购公告
      [科技识别] 标题是否科技相关: 否
      [SKIP] 标题非科技相关，不进入详情爬取

  [11/40] 标题: 罗住建消验备[2026]007号建设工程消防验收备案凭证（中国邮政储蓄银行股份有限公司罗定…
      [科技识别] 标题是否科技相关: 否
      [SKIP] 标题非科技相关，不进入详情爬取

  [12/40] 标题: 罗住建消验备[2026]008号建设工程消防验收备案凭证（中国邮政储蓄银行股份有限公司罗定…
      [科技识别] 标题是否科技相关: 否
      [SKIP] 标题非科技相关，不进入详情爬取

  [13/40] 标题: 中国银行股份有限公司深圳市分行深圳公明支行迁址装修工程项目
      [科技识别] 标题是否科技相关: 否
      [SKIP] 标题非科技相关，不进入详情爬取

  [14/40] 标题: 中国银行股份有限公司深圳市分行深圳大学智能财务管理系统（二期）项目
      [科技识别] 标题是否科技相关: 否
      [SKIP] 标题非科技相关，不进入详情爬取

  [15/40] 标题: 中国银行股份有限公司【上海市分行】2026年上海市分行篮球大赛活动项目采购邀请公告
      [科技识别] 标题是否科技相关: 否
      [SKIP] 标题非科技相关，不进入详情爬取

  [16/40] 标题: 中国农业银行股份有限公司浙江省分行全省农行营业网点建设造价咨询公司项目包件5：金华（含义乌…
      [科技识别] 标题是否科技相关: 否
      [SKIP] 标题非科技相关，不进入详情爬取

  [17/40] 标题: 中国农业银行股份有限公司牡丹江分行车辆维修定点单位入围项目中标候选人公示
      [科技识别] 标题是否科技相关: 否
      [SKIP] 标题非科技相关，不进入详情爬取

  [18/40] 标题: 中国农业银行股份有限公司浙江省分行全省农行营业网点建设造价咨询公司项目包件4：绍兴+台州变…
      [科技识别] 标题是否科技相关: 否
      [SKIP] 标题非科技相关，不进入详情爬取

  [19/40] 标题: 中国农业银行股份有限公司浙江省分行全省农行营业网点建设造价咨询公司项目包件3：嘉兴+湖州变…
      [科技识别] 标题是否科技相关: 否
      [SKIP] 标题非科技相关，不进入详情爬取

  [20/40] 标题: 交通银行包头分行2026年5月-2029年4月个金辅助业务及收单商户与外拓维护业务外包服务…
      [科技识别] 标题是否科技相关: 否
      [SKIP] 标题非科技相关，不进入详情爬取

  [21/40] 标题: 中国银行股份有限公司【上海市分行】2026年度张江园区高低压配电运维项目采购邀请公告
      [科技识别] 标题是否科技相关: 是
      [过滤-排除词] 未命中，通过
      [过滤-关键词] 包含「银行」，通过
      [OK] 通过全部筛选，进入详情爬取
    [已保存] output\2026-04-02\银行\招标公告_中国银行股份有限公司【上海市分行】2026年度张江园区高低压配电运维项目采购邀请公告_063305.json

  [22/40] 标题: 新疆银行电子签章平台项目-招标公告
      [科技识别] 标题是否科技相关: 是
      [过滤-排除词] 未命中，通过
      [过滤-关键词] 包含「银行」，通过
      [OK] 通过全部筛选，进入详情爬取
    [已保存] output\2026-04-02\银行\招标公告_新疆银行电子签章平台项目-招标公告_063340.json

  [23/40] 标题: 中国工商银行安徽省分行智慧收单场景设备采购项目答疑公告04
      [科技识别] 标题是否科技相关: 否
      [SKIP] 标题非科技相关，不进入详情爬取

  [24/40] 标题: 英德市人民法院关于被执行人陆世清持有的英德农村商业银行股份有限公司营业部账号5000000…
      [科技识别] 标题是否科技相关: 否
      [SKIP] 标题非科技相关，不进入详情爬取

  [25/40] 标题: 中国民生银行股份有限公司人脸辨识算法软件采购项目征询公告（第1次变更公告）
      [科技识别] 标题是否科技相关: 是
      [过滤-排除词] 未命中，通过
      [过滤-关键词] 包含「银行」，通过
      [OK] 通过全部筛选，进入详情爬取
    [已保存] output\2026-04-02\银行\招标公告_中国民生银行股份有限公司人脸辨识算法软件采购项目征询公告（第1次变更公告）_063418.json

  [26/40] 标题: 拉萨市住建局2026年商品房预售资金监管银行遴选项目意向公告
      [科技识别] 标题是否科技相关: 否
      [SKIP] 标题非科技相关，不进入详情爬取

  [27/40] 标题: 息县人民法院关于保证人陈某某持有的河南息县农村商业银行股份有限公司100万股股权（变卖）的…
      [科技识别] 标题是否科技相关: 否
      [SKIP] 标题非科技相关，不进入详情爬取

  [28/40] 标题: 仁化县人民法院关于广东仁化农村商业银行股份有限公司的股金5000股（第一次拍卖）的公告
      [科技识别] 标题是否科技相关: 否
      [SKIP] 标题非科技相关，不进入详情爬取

  [29/40] 标题: 招商银行大连分行招牌灯箱制作、安装及维修服务采购项目采购结果公示-DL01-2026032…
      [科技识别] 标题是否科技相关: 否
      [SKIP] 标题非科技相关，不进入详情爬取

  [30/40] 标题: 招商银行采购结果公告-YI01-20260122001
      [科技识别] 标题是否科技相关: 否
      [SKIP] 标题非科技相关，不进入详情爬取

  [31/40] 标题: 招商银行采购结果公告(招商银行东莞分行数据库估值报告采购项目)-DG01-20260319…
      [科技识别] 标题是否科技相关: 是
      [过滤-排除词] 未命中，通过
      [过滤-关键词] 包含「银行」，通过
      [OK] 通过全部筛选，进入详情爬取
    [已保存] output\2026-04-02\银行\中标结果_招商银行采购结果公告(招商银行东莞分行数据库估值报告采购项目)-DG01-20260319001_063456.json

  [32/40] 标题: 招商银行采购结果公告-YI01-20260122001
      [科技识别] 标题是否科技相关: 否
      [SKIP] 标题非科技相关，不进入详情爬取

  [33/40] 标题: 兴业银行深圳分行信用卡中心关于2026年商事调解机构项目中标候选人公示
      [科技识别] 标题是否科技相关: 否
      [SKIP] 标题非科技相关，不进入详情爬取

  [34/40] 标题: 中国民生银行股份有限公司深圳分行票递服务业务外包项目中选候选人公示
      [科技识别] 标题是否科技相关: 否
      [SKIP] 标题非科技相关，不进入详情爬取

  [35/40] 标题: 中国民生银行股份有限公司人脸辨识算法软件采购项目征询公告
      [科技识别] 标题是否科技相关: 是
      [过滤-排除词] 未命中，通过
      [过滤-关键词] 包含「银行」，通过
      [OK] 通过全部筛选，进入详情爬取
    [已保存] output\2026-04-02\银行\招标公告_中国民生银行股份有限公司人脸辨识算法软件采购项目征询公告_063526.json

  [36/40] 标题: 中国农业银行股份有限公司吉林市江北支行关于繁育母猪75头的公告(第一次)
      [科技识别] 标题是否科技相关: 否
      [SKIP] 标题非科技相关，不进入详情爬取

  [37/40] 标题: 内蒙古农商银行磴口支行所拥有位于内蒙古巴彦淖尔磴口县巴彦高勒镇黄河管区康远小区4号楼1单元…
      [科技识别] 标题是否科技相关: 否
      [SKIP] 标题非科技相关，不进入详情爬取

  [38/40] 标题: 交通银行浙江省分行单一来源采购公示(2026年第一次）
      [科技识别] 标题是否科技相关: 否
      [SKIP] 标题非科技相关，不进入详情爬取

  [39/40] 标题: 济宁农村商业银行股份有限公司零星印刷服务供应商框架协议入围项目谈判采购公告
      [科技识别] 标题是否科技相关: 否
      [SKIP] 标题非科技相关，不进入详情爬取

  [40/40] 标题: 山东临沂兰山农村商业银行股份有限公司小微贷营销辅助业务劳务派遣服务合同续签项目采购结果公示
      [科技识别] 标题是否科技相关: 否
      [SKIP] 标题非科技相关，不进入详情爬取

  [第 4 页]
  [DEBUG] 已检测到「条信息」，按整页详情链接解析
      [WARN] 未找到 .ssjg-leixing，info_type 将记为采招信息
  本页找到 40 条结果

  [1/40] 标题: 济宁农村商业银行股份有限公司门楣及户外广告制作安装维修服务供应商框架协议入围项目谈判采购公…
      [科技识别] 标题是否科技相关: 否
      [SKIP] 标题非科技相关，不进入详情爬取

  [2/40] 标题: 济宁农村商业银行股份有限公司车辆维修服务供应商框架协议入围项目谈判采购公告
      [科技识别] 标题是否科技相关: 否
      [SKIP] 标题非科技相关，不进入详情爬取

  [3/40] 标题: 济宁农村商业银行股份有限公司零星维修服务供应商框架协议入围项目谈判采购公告
      [科技识别] 标题是否科技相关: 否
      [SKIP] 标题非科技相关，不进入详情爬取

  [4/40] 标题: 山东临沂兰山农村商业银行股份有限公司生活用纸采购项目中标结果公示
      [科技识别] 标题是否科技相关: 否
      [SKIP] 标题非科技相关，不进入详情爬取

  [5/40] 标题: 兴业银行股份有限公司平顶山分行本部原址改造装修项目招标公告
      [科技识别] 标题是否科技相关: 否
      [SKIP] 标题非科技相关，不进入详情爬取

  [6/40] 标题: 中国光大银行股份有限公司宿州分行2026-2027年度保安服务采购项目招标公告
      [科技识别] 标题是否科技相关: 否
      [SKIP] 标题非科技相关，不进入详情爬取

  [7/40] 标题: 中国工商银行股份有限公司山东省分行通用研发资源服务外包采购项目中标公示
      [科技识别] 标题是否科技相关: 否
      [SKIP] 标题非科技相关，不进入详情爬取

  [8/40] 标题: 中国人民银行巴州分行食堂食材采购项目-三次成交公告
      [科技识别] 标题是否科技相关: 否
      [SKIP] 标题非科技相关，不进入详情爬取

  [9/40] 标题: 辽宁农商银行沈阳中心支行2026年度保安服务采购项目-公开招标公告
      [科技识别] 标题是否科技相关: 否
      [SKIP] 标题非科技相关，不进入详情爬取

  [10/40] 标题: 天津农商银行遴选工程类招标采购代理服务机构项目中标公告
      [科技识别] 标题是否科技相关: 否
      [SKIP] 标题非科技相关，不进入详情爬取

  [11/40] 标题: 中国邮政储蓄银行中国邮政储蓄银行昭通市分行2026-2028年法律服务入围采购公开竞争性磋…
      [科技识别] 标题是否科技相关: 否
      [SKIP] 标题非科技相关，不进入详情爬取

  [12/40] 标题: 广东华润银行股份有限公司惠州分行广东华润银行惠州惠阳支行迁址装饰工程变更公告
      [科技识别] 标题是否科技相关: 否
      [SKIP] 标题非科技相关，不进入详情爬取

  [13/40] 标题: 中国人民银行龙岩市分行机关食堂食材配送项目更正公告
      [科技识别] 标题是否科技相关: 否
      [SKIP] 标题非科技相关，不进入详情爬取

  [14/40] 标题: 广西北部湾银行百色分行隆林支行职工食堂食材采购及配送服务项目（BS20260401）询价采…
      [科技识别] 标题是否科技相关: 否
      [SKIP] 标题非科技相关，不进入详情爬取

  [15/40] 标题: 中国邮政储蓄银行股份有限公司哈密、塔城、乌鲁木齐等7家分行武装押运服务和现金寄库外包项目-…
      [科技识别] 标题是否科技相关: 否
      [SKIP] 标题非科技相关，不进入详情爬取

  [16/40] 标题: 中国邮政储蓄银行股份有限公司哈密、塔城、乌鲁木齐等7家分行武装押运服务和现金寄库外包项目-…
      [科技识别] 标题是否科技相关: 否
      [SKIP] 标题非科技相关，不进入详情爬取

  [17/40] 标题: 广西农村商业联合银行股份有限公司一卡通共享平台重构项目招标公告
      [科技识别] 标题是否科技相关: 是
      [过滤-排除词] 未命中，通过
      [过滤-关键词] 包含「银行」，通过
      [OK] 通过全部筛选，进入详情爬取
    [已保存] output\2026-04-02\银行\招标公告_广西农村商业联合银行股份有限公司一卡通共享平台重构项目招标公告_063655.json

  [18/40] 标题: 日照东港农村商业银行股份有限公司2026年智慧柜员机维保服务采购项目谈判采购公告
      [科技识别] 标题是否科技相关: 否
      [SKIP] 标题非科技相关，不进入详情爬取

  [19/40] 标题: 关于浙商银行惠州分行食堂服务采购项目（二次）的公开招标公告
      [科技识别] 标题是否科技相关: 否
      [SKIP] 标题非科技相关，不进入详情爬取

  [20/40] 标题: 国家开发银行黑龙江省分行机房整体维保服务项目（2026-2029年度）招标公告
      [科技识别] 标题是否科技相关: 是
      [过滤-排除词] 未命中，通过
      [过滤-关键词] 包含「银行」，通过
      [OK] 通过全部筛选，进入详情爬取
    [已保存] output\2026-04-02\银行\招标公告_国家开发银行黑龙江省分行机房整体维保服务项目（2026-2029年度）招标公告_063732.json

  [21/40] 标题: 招商银行采购结果公告
      [科技识别] 标题是否科技相关: 否
      [SKIP] 标题非科技相关，不进入详情爬取

  [22/40] 标题: 招商银行采购结果公告
      [科技识别] 标题是否科技相关: 否
      [SKIP] 标题非科技相关，不进入详情爬取

  [23/40] 标题: 中国银行股份有限公司上海市分行2026年汉口路50号保安服务项目采购邀请公告
      [科技识别] 标题是否科技相关: 否
      [SKIP] 标题非科技相关，不进入详情爬取

  [24/40] 标题: 中国建设银行河南省分行商丘市中医院新院区“建融智医”结算一体化平台项目变更公告
      [科技识别] 标题是否科技相关: 是
      [过滤-排除词] 未命中，通过
      [过滤-关键词] 包含「银行」，通过
      [OK] 通过全部筛选，进入详情爬取
    [已保存] output\2026-04-02\银行\招标公告_中国建设银行河南省分行商丘市中医院新院区“建融智医”结算一体化平台项目变更公告_063807.json

  [25/40] 标题: 内蒙古农商银行磴口支行所拥有位于内蒙古巴彦淖尔市磴口县巴彦高勒镇阳光小区二期西1-0-10…
      [科技识别] 标题是否科技相关: 否
      [SKIP] 标题非科技相关，不进入详情爬取

  [26/40] 标题: 广发银行股份有限公司新乡分行档案管理服务外包采购项目招标公告
      [科技识别] 标题是否科技相关: 否
      [SKIP] 标题非科技相关，不进入详情爬取

  [27/40] 标题: 新疆银行2026年机房硬件设备采购入围项目-招标公告
      [科技识别] 标题是否科技相关: 是
      [过滤-排除词] 未命中，通过
      [过滤-关键词] 包含「银行」，通过
      [OK] 通过全部筛选，进入详情爬取
    [已保存] output\2026-04-02\银行\招标公告_新疆银行2026年机房硬件设备采购入围项目-招标公告_063843.json

  [28/40] 标题: 广东华润银行股份有限公司惠州分行广东华润银行惠州惠阳支行迁址装饰工程变更公告
      [科技识别] 标题是否科技相关: 否
      [SKIP] 标题非科技相关，不进入详情爬取

  [29/40] 标题: 山西交城农村商业银行股份有限公司保安服务采购(001标段)中标结果公示
      [科技识别] 标题是否科技相关: 否
      [SKIP] 标题非科技相关，不进入详情爬取

  [30/40] 标题: 富滇银行2026-2028年度昆明地区营业网点钞箱押运服务项目招标公告
      [科技识别] 标题是否科技相关: 否
      [SKIP] 标题非科技相关，不进入详情爬取

  [31/40] 标题: 富滇银行楚雄元谋支行2026年二、三、四季度零售客户分层维护活动物资采购项目成交候选人公示
      [科技识别] 标题是否科技相关: 否
      [SKIP] 标题非科技相关，不进入详情爬取

  [32/40] 标题: 中国邮政储蓄银行股份有限公司哈密、塔城、乌鲁木齐等7家分行武装押运服务和现金寄库外包项目-…
      [科技识别] 标题是否科技相关: 否
      [SKIP] 标题非科技相关，不进入详情爬取

  [33/40] 标题: 中国邮政储蓄银行股份有限公司哈密、塔城、乌鲁木齐等7家分行武装押运服务和现金寄库外包项目-…
      [科技识别] 标题是否科技相关: 否
      [SKIP] 标题非科技相关，不进入详情爬取

  [34/40] 标题: 中国邮政储蓄银行股份有限公司哈密、塔城、乌鲁木齐等7家分行武装押运服务和现金寄库外包项目-…
      [科技识别] 标题是否科技相关: 否
      [SKIP] 标题非科技相关，不进入详情爬取

  [35/40] 标题: 华夏银行郑州分行2026-2028年票据传递外包服务项目供应商征集公告
      [科技识别] 标题是否科技相关: 否
      [SKIP] 标题非科技相关，不进入详情爬取

  [36/40] 标题: 【黑龙江联合产权交易所】黑龙江虎林市八五四农场9号楼102门市（原虎林农村商业银行兴东储蓄…
      [科技识别] 标题是否科技相关: 否
      [SKIP] 标题非科技相关，不进入详情爬取

  [37/40] 标题: 内蒙古农商银行磴口支行所拥有位于磴口县东亿新天地资产
      [科技识别] 标题是否科技相关: 否
      [SKIP] 标题非科技相关，不进入详情爬取

  [38/40] 标题: 内蒙古农商银行磴口支行所拥有位于内蒙古巴彦淖尔市磴口县政府北永进管区邮电一巷现为贵宾楼宾馆
      [科技识别] 标题是否科技相关: 否
      [SKIP] 标题非科技相关，不进入详情爬取

  [39/40] 标题: 内蒙古农商银行磴口支行所拥有位于磴口县林科小区资产
      [科技识别] 标题是否科技相关: 否
      [SKIP] 标题非科技相关，不进入详情爬取

  [40/40] 标题: 【黑龙江联合产权交易所】虎林市虎林镇东方红街道东风委市政公司综合楼0单元101号（原虎林农…
      [科技识别] 标题是否科技相关: 否
      [SKIP] 标题非科技相关，不进入详情爬取

  [第 5 页]
  [DEBUG] 已检测到「条信息」，按整页详情链接解析
      [WARN] 未找到 .ssjg-leixing，info_type 将记为采招信息
  本页找到 40 条结果

  [1/40] 标题: 内蒙古农商银行磴口支行所拥有位于磴口县东亿新天地资产
      [科技识别] 标题是否科技相关: 否
      [SKIP] 标题非科技相关，不进入详情爬取

  [2/40] 标题: 广西北部湾银行工作服入围项目(KWAD2G2026113)更正公告
      [科技识别] 标题是否科技相关: 否
      [SKIP] 标题非科技相关，不进入详情爬取

  [3/40] 标题: 广西北部湾银行客户权益兑换平台米面粮类商户入围项目(GXZL-ZB-2026007)中标候…
      [科技识别] 标题是否科技相关: 否
      [SKIP] 标题非科技相关，不进入详情爬取

  [4/40] 标题: 广西北部湾银行客户权益兑换平台纸巾湿巾类商户入围项目(GXZL-ZB-2026011)中标…
      [科技识别] 标题是否科技相关: 否
      [SKIP] 标题非科技相关，不进入详情爬取

  [5/40] 标题: 兴业银行晋中分行2026年度劳务外包服务项目供应商征集调研公告
      [科技识别] 标题是否科技相关: 否
      [SKIP] 标题非科技相关，不进入详情爬取

  [6/40] 标题: 渤海银行2026年分布式数据库服务器扩容采购项目更正公告第1号
      [科技识别] 标题是否科技相关: 是
      [过滤-排除词] 未命中，通过
      [过滤-关键词] 包含「银行」，通过
      [OK] 通过全部筛选，进入详情爬取
    [已保存] output\2026-04-02\银行\招标公告_渤海银行2026年分布式数据库服务器扩容采购项目更正公告第1号_064014.json

  [7/40] 标题: 中国邮政储蓄银行曲靖市分行2026-2028年法律服务入围采购公开竞争性磋商公告
      [科技识别] 标题是否科技相关: 否
      [SKIP] 标题非科技相关，不进入详情爬取

  [8/40] 标题: 渤海银行2026年新核心及国产化改造服务器扩容采购项目更正公告第1号
      [科技识别] 标题是否科技相关: 是
      [过滤-排除词] 未命中，通过
      [过滤-关键词] 包含「银行」，通过
      [OK] 通过全部筛选，进入详情爬取
    [已保存] output\2026-04-02\银行\招标公告_渤海银行2026年新核心及国产化改造服务器扩容采购项目更正公告第1号_064053.json

  [9/40] 标题: 绥宁县人民法院关于坐落于绥宁县中心街人民银行家属楼102、权证号为绥房权证长铺镇字第712…
      [科技识别] 标题是否科技相关: 否
      [SKIP] 标题非科技相关，不进入详情爬取

  [10/40] 标题: 天津银行2026年度线上电子权益采购服务项目入围结果公示
      [科技识别] 标题是否科技相关: 否
      [SKIP] 标题非科技相关，不进入详情爬取

  [11/40] 标题: 苏州银行股份有限公司关于2026年苏州银行智能审批智能体服务采购项目成交公告
      [科技识别] 标题是否科技相关: 否
      [SKIP] 标题非科技相关，不进入详情爬取

  [12/40] 标题: 中国工商银行辽宁丹东分行办公用品定点供应项目招标公告
      [科技识别] 标题是否科技相关: 否
      [SKIP] 标题非科技相关，不进入详情爬取

  [13/40] 标题: 江西国政招标咨询有限公司关于江西银行风险识别类数据采购项目（采购编号：JXGZ2026-0…
      [科技识别] 标题是否科技相关: 否
      [SKIP] 标题非科技相关，不进入详情爬取

  [14/40] 标题: 辽宁农商银行沈阳中心支行2026年度接处警服务采购项目-公开招标公告
      [科技识别] 标题是否科技相关: 否
      [SKIP] 标题非科技相关，不进入详情爬取

  [15/40] 标题: 中国工商银行山东省分行烟台分行毓璜顶医院银医合作项目中标公示
      [科技识别] 标题是否科技相关: 否
      [SKIP] 标题非科技相关，不进入详情爬取

  [16/40] 标题: 莱商银行临沂分行宣传类产品采购供应商入围项目成交公示
      [科技识别] 标题是否科技相关: 否
      [SKIP] 标题非科技相关，不进入详情爬取

  [17/40] 标题: 赣州市宏远项目管理有限公司关于江西赣县农村商业银行股份有限公司2026年-2027年遴选工…
      [科技识别] 标题是否科技相关: 否
      [SKIP] 标题非科技相关，不进入详情爬取

  [18/40] 标题: 莱商银行临沂分行办公用品及耗材采购供应商入围项目成交公示
      [科技识别] 标题是否科技相关: 否
      [SKIP] 标题非科技相关，不进入详情爬取

  [19/40] 标题: 中国银行股份有限公司上海市分行2026年度张江园区水泵运维项目采购邀请公告
      [科技识别] 标题是否科技相关: 是
      [过滤-排除词] 未命中，通过
      [过滤-关键词] 包含「银行」，通过
      [OK] 通过全部筛选，进入详情爬取
    [已保存] output\2026-04-02\银行\招标公告_中国银行股份有限公司上海市分行2026年度张江园区水泵运维项目采购邀请公告_064130.json

  [20/40] 标题: 中国银行股份有限公司上海市分行2026年度张江园区空调系统维保项目采购邀请公告
      [科技识别] 标题是否科技相关: 否
      [SKIP] 标题非科技相关，不进入详情爬取

  [21/40] 标题: 中国建设银行广州增城支行食堂及会务等综合物业管理服务采购项目招标公告
      [科技识别] 标题是否科技相关: 否
      [SKIP] 标题非科技相关，不进入详情爬取

  [22/40] 标题: 中国银行林芝分行车辆维修选型入围项目采购公告
      [科技识别] 标题是否科技相关: 否
      [SKIP] 标题非科技相关，不进入详情爬取

  [23/40] 标题: 中国银行股份有限公司【上海市分行】2026年度全辖复印纸项目失败公告
      [科技识别] 标题是否科技相关: 否
      [SKIP] 标题非科技相关，不进入详情爬取

  [24/40] 标题: 兴业银行股份有限公司上海分行2026年境外机构查册及公证转递服务招标公告（重新招标）
      [科技识别] 标题是否科技相关: 否
      [SKIP] 标题非科技相关，不进入详情爬取

  [25/40] 标题: 中国银行深圳公明支行迁址装修工程项目结果公示
      [科技识别] 标题是否科技相关: 否
      [SKIP] 标题非科技相关，不进入详情爬取

  [26/40] 标题: 中山农村商业银行股份有限公司关于转让刘*捷债权的公告(第一次)
      [科技识别] 标题是否科技相关: 否
      [SKIP] 标题非科技相关，不进入详情爬取

  [27/40] 标题: 西宁市市级统一法人农商银行聘请会计事务所开展预评估服务询比采购公告
      [科技识别] 标题是否科技相关: 否
      [SKIP] 标题非科技相关，不进入详情爬取

  [28/40] 标题: 中山农村商业银行股份有限公司关于转让蓝*、严*娟债权的公告(第一次)
      [科技识别] 标题是否科技相关: 否
      [SKIP] 标题非科技相关，不进入详情爬取

  [29/40] 标题: 九江银行新余分行2026-2029年新余地区律师服务合作单位入库采购项目入围候选供应商排序…
      [科技识别] 标题是否科技相关: 否
      [SKIP] 标题非科技相关，不进入详情爬取

  [30/40] 标题: 【招标公告】广西德元工程项目管理有限责任公司关于中国工商银行广西南宁分行营业办公用房消防维…
      [科技识别] 标题是否科技相关: 否
      [SKIP] 标题非科技相关，不进入详情爬取

  [31/40] 标题: 西和县人民法院关于甘肃西和农村商业银行股份有限公司0.3975%（第一次拍卖）的公告
      [科技识别] 标题是否科技相关: 否
      [SKIP] 标题非科技相关，不进入详情爬取

  [32/40] 标题: 中国银行广西区分行2026年离境退税业务辅助服务外包项目成交结果公告
      [科技识别] 标题是否科技相关: 否
      [SKIP] 标题非科技相关，不进入详情爬取

  [33/40] 标题: 吉林九台农村商业银行股份有限公司松原分行2026－2027年度押运服务项目单一来源采购征求…
      [科技识别] 标题是否科技相关: 否
      [SKIP] 标题非科技相关，不进入详情爬取

  [34/40] 标题: 吉林省2026－2028年分行及下辖支行、自助银行的消电检测项目招标公告
      [科技识别] 标题是否科技相关: 否
      [SKIP] 标题非科技相关，不进入详情爬取

  [35/40] 标题: 中原银行股份有限公司企业关联关系数据服务采购项目-中标结果公告
      [科技识别] 标题是否科技相关: 否
      [SKIP] 标题非科技相关，不进入详情爬取

  [36/40] 标题: 吉林省2026－2028年分行及下辖分支机构、自助银行的消防维保项目招标公告
      [科技识别] 标题是否科技相关: 否
      [SKIP] 标题非科技相关，不进入详情爬取

  [37/40] 标题: 中国银行广西区分行2025年广西医科大学附属肿瘤医院银医费控管理系统项目（重）中标候选人公…
      [科技识别] 标题是否科技相关: 否
      [SKIP] 标题非科技相关，不进入详情爬取

  [38/40] 标题: 中原银行股份有限公司企业微信代运营采购项目-成交结果公告
      [科技识别] 标题是否科技相关: 否
      [SKIP] 标题非科技相关，不进入详情爬取

  [39/40] 标题: 黑龙江鸡西农村商业银行股份有限公司关于房产出租的公告
      [科技识别] 标题是否科技相关: 否
      [SKIP] 标题非科技相关，不进入详情爬取

  [40/40] 标题: 中山农村商业银行股份有限公司关于转让中山市鸿邦制漆有限公司债权的公告(第一次)
      [科技识别] 标题是否科技相关: 否
      [SKIP] 标题非科技相关，不进入详情爬取

  [第 6 页]
  [DEBUG] 已检测到「条信息」，按整页详情链接解析
      [WARN] 未找到 .ssjg-leixing，info_type 将记为采招信息
  本页找到 40 条结果

  [1/40] 标题: 中国邮政储蓄银行股份有限公司河南省分行补充医疗保险基金托管服务采购项目中标候选人公示
      [科技识别] 标题是否科技相关: 否
      [SKIP] 标题非科技相关，不进入详情爬取

  [2/40] 标题: 中国工商银行数据中心西三旗金融科技创新基地建设可行性研究咨询服务项目招标公告
      [科技识别] 标题是否科技相关: 是
      [过滤-排除词] 未命中，通过
      [过滤-关键词] 包含「银行」，通过
      [OK] 通过全部筛选，进入详情爬取
    [已保存] output\2026-04-02\银行\招标公告_中国工商银行数据中心西三旗金融科技创新基地建设可行性研究咨询服务项目招标公告_064257.json

  [3/40] 标题: 招商银行天津分行综合布线工程入围供应商评选项目供应商征集公告
      [科技识别] 标题是否科技相关: 否
      [SKIP] 标题非科技相关，不进入详情爬取

  [4/40] 标题: 渤海银行2026年交易云服务器扩容采购项目更正公告第1号
      [科技识别] 标题是否科技相关: 是
      [过滤-排除词] 未命中，通过
      [过滤-关键词] 包含「银行」，通过
      [OK] 通过全部筛选，进入详情爬取
    [已保存] output\2026-04-02\银行\招标公告_渤海银行2026年交易云服务器扩容采购项目更正公告第1号_064325.json

  [5/40] 标题: 【建行自采】远程智能银行中心异地任职人员租房服务采购申请（2026.4.7-2027.4.…
      [科技识别] 标题是否科技相关: 否
      [SKIP] 标题非科技相关，不进入详情爬取

  [6/40] 标题: 【深圳分行】集中采购信息公开-关于“中国民生银行股份有限公司深圳分行票递服务外包项目”结果…
      [科技识别] 标题是否科技相关: 否
      [SKIP] 标题非科技相关，不进入详情爬取

  [7/40] 标题: 关于江西?农商银行“两馆”电子设备、中控系统维修及改造项目的招标公告
      [科技识别] 标题是否科技相关: 否
      [SKIP] 标题非科技相关，不进入详情爬取

  [8/40] 标题: 九江银行宜春分行大楼9-10层空调采购项目(第二次)招标公告
      [科技识别] 标题是否科技相关: 否
      [SKIP] 标题非科技相关，不进入详情爬取

  [9/40] 标题: 莆田农商银行总行营业综合楼夜景项目结果公告
      [科技识别] 标题是否科技相关: 否
      [SKIP] 标题非科技相关，不进入详情爬取

  [10/40] 标题: 关于【渤海银行流贷融资评估服务】中选结果的公告
      [科技识别] 标题是否科技相关: 否
      [SKIP] 标题非科技相关，不进入详情爬取

  [11/40] 标题: 中国邮政储蓄银行保山市分行2026-2028年法律服务入围采购公开竞争性磋商公告
      [科技识别] 标题是否科技相关: 否
      [SKIP] 标题非科技相关，不进入详情爬取

  [12/40] 标题: 世界银行贷款中国食品（山东烟台水产）安全示范项目YT-CS-6-5A深远海养殖虹鳟质量风险…
      [科技识别] 标题是否科技相关: 否
      [SKIP] 标题非科技相关，不进入详情爬取

  [13/40] 标题: 世界银行贷款中国食品（山东烟台水产）安全示范项目YT-CS-6-4A冷熏鲑鳟鱼风险分析及品…
      [科技识别] 标题是否科技相关: 否
      [SKIP] 标题非科技相关，不进入详情爬取

  [14/40] 标题: 兴业银行深圳分行信用卡中心关于2026年商事调解机构项目中标候选人公示
      [科技识别] 标题是否科技相关: 否
      [SKIP] 标题非科技相关，不进入详情爬取

  [15/40] 标题: 辽宁农村商业银行股份有限公司义县支行基建维修（零星固定资产维修）、空气能维护项目招标公告
      [科技识别] 标题是否科技相关: 否
      [SKIP] 标题非科技相关，不进入详情爬取

  [16/40] 标题: 包头市九原区总工会2026年度资金存放银行项目竞争性磋商公告
      [科技识别] 标题是否科技相关: 否
      [SKIP] 标题非科技相关，不进入详情爬取

  [17/40] 标题: 大连银行（双D港）数据中心精密空调原厂维保服务项目中标结果公告
      [科技识别] 标题是否科技相关: 否
      [SKIP] 标题非科技相关，不进入详情爬取

  [18/40] 标题: 汉口银行焕芯工程核心系统之核心交易系统采购项目成交结果公告
      [科技识别] 标题是否科技相关: 是
      [过滤-排除词] 未命中，通过
      [过滤-关键词] 包含「银行」，通过
      [OK] 通过全部筛选，进入详情爬取
    [PDF] 路由拦截成功，共 1243764 字节
    [PDF] 扫描版/少字 PDF 共 2 页，转为图片 OCR...
    [OCR] 初始化 RapidOCR...
    [OCR] 初始化完成
    [OCR] 识别第 1/2 页 ...
    [OCR] 识别第 2/2 页 ...
    [OCR] 全部 2 页识别完成
    [PDF] 响应拦截解析完成，共 980 字
    [已保存] output\2026-04-02\银行\中标结果_汉口银行焕芯工程核心系统之核心交易系统采购项目成交结果公告_064405.json

  [19/40] 标题: 辽宁农村商业银行股份有限公司义县支行公车维修项目招标公告
      [科技识别] 标题是否科技相关: 否
      [SKIP] 标题非科技相关，不进入详情爬取

  [20/40] 标题: 汉口银行2026年不良资产批量转让卖方尽调服务采购项目成交结果公告
      [科技识别] 标题是否科技相关: 否
      [SKIP] 标题非科技相关，不进入详情爬取

  [21/40] 标题: 汉口银行潜江支行2026年保安服务采购项目中标公示
      [科技识别] 标题是否科技相关: 否
      [SKIP] 标题非科技相关，不进入详情爬取

  [22/40] 标题: 兴业银行苏州分行2026年度定点印刷服务采购项目中标结果公告
      [科技识别] 标题是否科技相关: 否
      [SKIP] 标题非科技相关，不进入详情爬取

  [23/40] 标题: 交通银行包头分行2026年5月-2029年4月个金辅助业务及收单商户与外拓维护业务外包服务…
      [科技识别] 标题是否科技相关: 否
      [SKIP] 标题非科技相关，不进入详情爬取

  [24/40] 标题: 中国工商银行股份有限公司鲲鹏芯片服务器采购项目废标公告
      [科技识别] 标题是否科技相关: 是
      [过滤-排除词] 未命中，通过
      [过滤-关键词] 包含「银行」，通过
      [OK] 通过全部筛选，进入详情爬取
    [PDF] 路由拦截成功，共 170504 字节
    [PDF] 响应拦截解析完成，共 373 字
    [已保存] output\2026-04-02\银行\招标公告_中国工商银行股份有限公司鲲鹏芯片服务器采购项目废标公告_064439.json

  [25/40] 标题: 武汉农村商业银行江夏藏龙岛支行装修工程成交结果公示
      [科技识别] 标题是否科技相关: 否
      [SKIP] 标题非科技相关，不进入详情爬取

  [26/40] 标题: 汉口银行仙桃支行2026年保安服务采购项目中标公示
      [科技识别] 标题是否科技相关: 否
      [SKIP] 标题非科技相关，不进入详情爬取

  [27/40] 标题: 中国银行股份有限公司石家庄分行2026年石家庄分行邮递服务项目（三次）
      [科技识别] 标题是否科技相关: 否
      [SKIP] 标题非科技相关，不进入详情爬取

  [28/40] 标题: 天津农商银行遴选工程类招标采购代理服务机构项目中标公告
      [科技识别] 标题是否科技相关: 否
      [SKIP] 标题非科技相关，不进入详情爬取

  [29/40] 标题: 鄂尔多斯银行信息科技部主机防病毒软件及防毒墙采购项目中标候选人公示
      [科技识别] 标题是否科技相关: 是
      [过滤-排除词] 未命中，通过
      [过滤-关键词] 包含「银行」，通过
      [OK] 通过全部筛选，进入详情爬取
    [PDF] 路由拦截成功，共 312786 字节
    [PDF] 响应拦截解析完成，共 1609 字
    [已保存] output\2026-04-02\银行\中标结果_鄂尔多斯银行信息科技部主机防病毒软件及防毒墙采购项目中标候选人公示_064508.json

  [30/40] 标题: 中国光大银行股份有限公司石家庄分行河北省非税收入系统信创项目软件产品采购单一来源采购公告
      [科技识别] 标题是否科技相关: 是
      [过滤-排除词] 未命中，通过
      [过滤-关键词] 包含「银行」，通过
      [OK] 通过全部筛选，进入详情爬取
    [PDF] 路由拦截成功，共 1296000 字节
    [PDF] 扫描版/少字 PDF 共 6 页，转为图片 OCR...
    [OCR] 识别第 1/6 页 ...
    [OCR] 识别第 2/6 页 ...
    [OCR] 识别第 3/6 页 ...
    [OCR] 识别第 4/6 页 ...
    [OCR] 识别第 5/6 页 ...
    [OCR] 识别第 6/6 页 ...
    [OCR] 全部 6 页识别完成
    [PDF] 响应拦截解析完成，共 3932 字
    [已保存] output\2026-04-02\银行\招标公告_中国光大银行股份有限公司石家庄分行河北省非税收入系统信创项目软件产品采购单一来源采购公告_064622.json

  [31/40] 标题: 自贡农商银行保安劳务外包服务采购项目招标公告
      [科技识别] 标题是否科技相关: 否
      [SKIP] 标题非科技相关，不进入详情爬取

  [32/40] 标题: 广发银行郑州分行分行办公区域及同城支行绿植租摆服务项目中选结果公示
      [科技识别] 标题是否科技相关: 否
      [SKIP] 标题非科技相关，不进入详情爬取

  [33/40] 标题: 德阳农商银行三星堆支行装修改造工程采购项目邀请公告
      [科技识别] 标题是否科技相关: 否
      [SKIP] 标题非科技相关，不进入详情爬取

  [34/40] 标题: 交通银行江西省分行南昌高新科技支行提升改造项目项目公告
      [科技识别] 标题是否科技相关: 否
      [SKIP] 标题非科技相关，不进入详情爬取

  [35/40] 标题: 交通银行深圳分行深圳市儿童医院多院区智慧财务管理平台项目市场调查公告
      [科技识别] 标题是否科技相关: 是
      [过滤-排除词] 未命中，通过
      [过滤-关键词] 包含「银行」，通过
      [OK] 通过全部筛选，进入详情爬取
    [已保存] output\2026-04-02\银行\招标公告_交通银行深圳分行深圳市儿童医院多院区智慧财务管理平台项目市场调查公告_064659.json

  [36/40] 标题: 宁波银行股份有限公司杭州分行个人信贷和信用卡部电话外呼外包服务项目供应商召集公告
      [科技识别] 标题是否科技相关: 否
      [SKIP] 标题非科技相关，不进入详情爬取

  [37/40] 标题: 宁波银行股份有限公司杭州分行2026-2028年人力外包服务项目供应商召集公告
      [科技识别] 标题是否科技相关: 否
      [SKIP] 标题非科技相关，不进入详情爬取

  [38/40] 标题: 潍坊银行开展财富产能跃升培训服务采购项目竞争性磋商采购公告
      [科技识别] 标题是否科技相关: 否
      [SKIP] 标题非科技相关，不进入详情爬取

  [39/40] 标题: 中国邮政储蓄银行股份有限公司安徽省分行2026年采购代理机构入围采购项目中标候选人公示
      [科技识别] 标题是否科技相关: 否
      [SKIP] 标题非科技相关，不进入详情爬取

  [40/40] 标题: 浦发银行福州分行2026年评估公司二次采购
      [科技识别] 标题是否科技相关: 否
      [SKIP] 标题非科技相关，不进入详情爬取

  [第 7 页]
  [DEBUG] 已检测到「条信息」，按整页详情链接解析
      [WARN] 未找到 .ssjg-leixing，info_type 将记为采招信息
  本页找到 40 条结果

  [1/40] 标题: 中国银行泰安分行办公楼及研修中心中央空调系统主管道及冷却塔更换维修项目招标公告
      [科技识别] 标题是否科技相关: 否
      [SKIP] 标题非科技相关，不进入详情爬取

  [2/40] 标题: 中国银行保险监督管理委员会喀什监管分局处置大中型客车的公告
      [科技识别] 标题是否科技相关: 否
      [SKIP] 标题非科技相关，不进入详情爬取

  [3/40] 标题: 广西北部湾银行客户权益兑换平台米面粮类商户入围项目招标公告成交候选人公示
      [科技识别] 标题是否科技相关: 否
      [SKIP] 标题非科技相关，不进入详情爬取

  [4/40] 标题: 广西北部湾银行客户权益兑换平台纸巾湿巾类商户入围项目成交候选人公示
      [科技识别] 标题是否科技相关: 否
      [SKIP] 标题非科技相关，不进入详情爬取

  [5/40] 标题: 中国银行股份有限公司连云港分行营业部租用组装箱体银行项目竞争性磋商公告
      [科技识别] 标题是否科技相关: 否
      [SKIP] 标题非科技相关，不进入详情爬取

  [6/40] 标题: 关于江西农村商业联合银行股份有限公司2026年参股辖内农商银行专项法律服务项目B包中标候选…
      [科技识别] 标题是否科技相关: 否
      [SKIP] 标题非科技相关，不进入详情爬取

  [7/40] 标题: 关于江西农村商业联合银行股份有限公司2026年参股辖内农商银行专项法律服务项目A包中标候选…
      [科技识别] 标题是否科技相关: 否
      [SKIP] 标题非科技相关，不进入详情爬取

  [8/40] 标题: 开户银行：平安银行南宁分行营业部开户名称：广西机电设备招标有限公司开户账户：3021048…
      [科技识别] 标题是否科技相关: 否
      [SKIP] 标题非科技相关，不进入详情爬取

  [9/40] 标题: 广西农村商业联合银行一卡通共享平台重构项目招标公告
      [科技识别] 标题是否科技相关: 是
      [过滤-排除词] 未命中，通过
      [过滤-关键词] 包含「银行」，通过
      [OK] 通过全部筛选，进入详情爬取
    [已保存] output\2026-04-02\银行\招标公告_广西农村商业联合银行一卡通共享平台重构项目招标公告_064830.json

  [10/40] 标题: 德州陵城农村商业银行股份有限公司2026年抵债资产拍卖机构项目中标结果公告
      [科技识别] 标题是否科技相关: 否
      [SKIP] 标题非科技相关，不进入详情爬取

  [11/40] 标题: 莱芜农商银行专项法律服务采购项目公开招标公告
      [科技识别] 标题是否科技相关: 否
      [SKIP] 标题非科技相关，不进入详情爬取

  [12/40] 标题: 山东新泰农村商业银行股份有限公司赋强公证服务采购项目谈判采购公告
      [科技识别] 标题是否科技相关: 否
      [SKIP] 标题非科技相关，不进入详情爬取

  [13/40] 标题: 中原银行漯河分行2026年职工运动会服装采购项目-竞争性磋商公告
      [科技识别] 标题是否科技相关: 否
      [SKIP] 标题非科技相关，不进入详情爬取

  [14/40] 标题: 中原银行股份有限公司国内市场风险数据服务采购项目（二次）招标公告
      [科技识别] 标题是否科技相关: 否
      [SKIP] 标题非科技相关，不进入详情爬取

  [15/40] 标题: 中国人民银行广西壮族自治区分行机关办公物资定点供应商比对采购公告
      [科技识别] 标题是否科技相关: 否
      [SKIP] 标题非科技相关，不进入详情爬取

  [16/40] 标题: 东莞华润银行总部大厦项目机电专业承包-弱电智能化工程-1期东莞华润置地中心23号办公楼（T…
      [科技识别] 标题是否科技相关: 否
      [SKIP] 标题非科技相关，不进入详情爬取

  [17/40] 标题: 辽宁农商银行沈阳中心支行2026年度押运及提款服务采购项目-公开招标公告
      [科技识别] 标题是否科技相关: 否
      [SKIP] 标题非科技相关，不进入详情爬取

  [18/40] 标题: 郑州银行指纹系统信创改造项目公开比选公告
      [科技识别] 标题是否科技相关: 否
      [SKIP] 标题非科技相关，不进入详情爬取

  [19/40] 标题: 兴业银行关于光谷支行午餐配送服务采购项目供应商征集调研公告
      [科技识别] 标题是否科技相关: 否
      [SKIP] 标题非科技相关，不进入详情爬取

  [20/40] 标题: 宁安市三陵乡红土村股份经济合作社银行地8.7亩机动地1年使用权出租
      [科技识别] 标题是否科技相关: 否
      [SKIP] 标题非科技相关，不进入详情爬取

  [21/40] 标题: 中国光大银行股份有限公司宿州分行2026-2027年度保安服务采购项目招标公告
      [科技识别] 标题是否科技相关: 否
      [SKIP] 标题非科技相关，不进入详情爬取

  [22/40] 标题: 江苏灌南农村商业银行股份有限公司2026年保安服务项目
      [科技识别] 标题是否科技相关: 否
      [SKIP] 标题非科技相关，不进入详情爬取

  [23/40] 标题: 江苏灌南农村商业银行股份有限公司2026年保洁、厨师及大堂经理外包项目
      [科技识别] 标题是否科技相关: 否
      [SKIP] 标题非科技相关，不进入详情爬取

  [24/40] 标题: 中信银行股份有限公司武汉分行个人信贷业务押品评估机构采购项目项目公告
      [科技识别] 标题是否科技相关: 否
      [SKIP] 标题非科技相关，不进入详情爬取

  [25/40] 标题: 中国邮政储蓄银行佳木斯市分行2026年线下评估服务采购项目公开招标公告
      [科技识别] 标题是否科技相关: 否
      [SKIP] 标题非科技相关，不进入详情爬取

  [26/40] 标题: 【建行自采】鄠邑区钟楼自助银行营业用房租金采购结果信息公开
      [科技识别] 标题是否科技相关: 否
      [SKIP] 标题非科技相关，不进入详情爬取

  [27/40] 标题: 中国民生银行石家庄分行2026-2028年工会活动策划公司入围项目征询公告
      [科技识别] 标题是否科技相关: 否
      [SKIP] 标题非科技相关，不进入详情爬取

  [28/40] 标题: 【补充通知】东莞农村商业银行科技大楼智慧中心项目一期机房工程（第二次招标）补充通知公告
      [科技识别] 标题是否科技相关: 是
      [过滤-排除词] 未命中，通过
      [过滤-关键词] 包含「银行」，通过
      [OK] 通过全部筛选，进入详情爬取
    [已保存] output\2026-04-02\银行\招标公告_【补充通知】东莞农村商业银行科技大楼智慧中心项目一期机房工程（第二次招标）补充通知公告_064907.json

  [29/40] 标题: 【澄清公告】东莞农村商业银行科技大楼智慧中心项目一期机房工程（第二次招标）答疑回复（二）
      [科技识别] 标题是否科技相关: 是
      [过滤-排除词] 未命中，通过
      [过滤-关键词] 包含「银行」，通过
      [OK] 通过全部筛选，进入详情爬取
    [已保存] output\2026-04-02\银行\招标公告_【澄清公告】东莞农村商业银行科技大楼智慧中心项目一期机房工程（第二次招标）答疑回复（二）_064943.json

  [30/40] 标题: 中国民生银行石家庄分行2026-2028年工会活动策划项目
      [科技识别] 标题是否科技相关: 否
      [SKIP] 标题非科技相关，不进入详情爬取

  [31/40] 标题: 桂林银行网点服务效能提升项目采购结果更正公告
      [科技识别] 标题是否科技相关: 否
      [SKIP] 标题非科技相关，不进入详情爬取

  [32/40] 标题: 中国进出口银行户外广告标识制作安装项目竞争性磋商公告
      [科技识别] 标题是否科技相关: 否
      [SKIP] 标题非科技相关，不进入详情爬取

  [33/40] 标题: 亳州药都农村商业银行双层玻璃杯采购项目中标候选人公示
      [科技识别] 标题是否科技相关: 否
      [SKIP] 标题非科技相关，不进入详情爬取

  [34/40] 标题: 韶关高新技术产业开发区消防救援大队基本户开户银行选取项目更正公告（第二次）
      [科技识别] 标题是否科技相关: 否
      [SKIP] 标题非科技相关，不进入详情爬取

  [35/40] 标题: 雅安市商业银行2026年国内信用证系统建设（第二次）采购结果的公示
      [科技识别] 标题是否科技相关: 是
      [过滤-排除词] 未命中，通过
      [过滤-关键词] 包含「银行」，通过
      [OK] 通过全部筛选，进入详情爬取
    [已保存] output\2026-04-02\银行\中标结果_雅安市商业银行2026年国内信用证系统建设（第二次）采购结果的公示_065019.json

  [36/40] 标题: “广发银行眉山分行保安服务外包项目”的采购公告
      [科技识别] 标题是否科技相关: 否
      [SKIP] 标题非科技相关，不进入详情爬取

  [37/40] 标题: 兴业银行贵安新区数据中心项目（一期）机电及配套装修工程中标候选人公示
      [科技识别] 标题是否科技相关: 否
      [SKIP] 标题非科技相关，不进入详情爬取

  [38/40] 标题: 无锡锡商银行DNS架构优化项目公开招标公告
      [科技识别] 标题是否科技相关: 否
      [SKIP] 标题非科技相关，不进入详情爬取

  [39/40] 标题: 湖北松滋农村商业银行股份有限公司2026年生日蛋糕提货券（第二次）中标结果公告
      [科技识别] 标题是否科技相关: 否
      [SKIP] 标题非科技相关，不进入详情爬取

  [40/40] 标题: 住宅专项维修资金专户代理银行采购项目招标公告
      [科技识别] 标题是否科技相关: 否
      [SKIP] 标题非科技相关，不进入详情爬取

  [第 8 页]
  [DEBUG] 已检测到「条信息」，按整页详情链接解析
      [WARN] 未找到 .ssjg-leixing，info_type 将记为采招信息
  本页找到 40 条结果

  [1/40] 标题: 怒江农村商业银行2026年职工体检服务竞争性磋商公告
      [科技识别] 标题是否科技相关: 否
      [SKIP] 标题非科技相关，不进入详情爬取

  [2/40] 标题: 雄安新区邮政业安全中心采取竞争性方式选择开户银行项目成交结果公示
      [科技识别] 标题是否科技相关: 否
      [SKIP] 标题非科技相关，不进入详情爬取

  [3/40] 标题: 中国银行股份有限公司淮北市分行和濉溪支行办公大楼消控室值班人员采购项目中标结果公告
      [科技识别] 标题是否科技相关: 否
      [SKIP] 标题非科技相关，不进入详情爬取

  [4/40] 标题: 中国工商银行股份有限公司2026年度国芯液冷服务器项目（人工智能大模型液冷服务器）-招标公…
      [科技识别] 标题是否科技相关: 是
      [过滤-排除词] 未命中，通过
      [过滤-关键词] 包含「银行」，通过
      [OK] 通过全部筛选，进入详情爬取
    [PDF] 路由拦截成功，共 227310 字节
    [PDF] pdfplumber 解析失败(Unexpected EOF)，降级 PyMuPDF...
    [PDF] 响应拦截解析完成，共 4564 字
    [已保存] output\2026-04-02\银行\招标公告_中国工商银行股份有限公司2026年度国芯液冷服务器项目（人工智能大模型液冷服务器）-招标公告_065147.json

  [5/40] 标题: 兴业银行金融科技产业园项目扶梯和电梯设备采购及安装（二次）项目变更公告
      [科技识别] 标题是否科技相关: 否
      [SKIP] 标题非科技相关，不进入详情爬取

  [6/40] 标题: 西藏银行2026年度财务报表审计项目竞争性磋商公告
      [科技识别] 标题是否科技相关: 否
      [SKIP] 标题非科技相关，不进入详情爬取

  [7/40] 标题: 马鞍山农商银行关于安徽省皖投融资担保有限责任公司重大关联交易信息披露报告
      [科技识别] 标题是否科技相关: 否
      [SKIP] 标题非科技相关，不进入详情爬取

  [8/40] 标题: 马鞍山农商银行关于马鞍山市国有资本投资运营控股集团有限公司集团子公司重大关联交易信息披露报…
      [科技识别] 标题是否科技相关: 否
      [SKIP] 标题非科技相关，不进入详情爬取

  [9/40] 标题: 云南昭通昭阳农村商业银行股份有限公司车辆维修保养项目成交公示
      [科技识别] 标题是否科技相关: 否
      [SKIP] 标题非科技相关，不进入详情爬取

  [10/40] 标题: 武汉农村商业银行数字化测试质控平台建设项目采购更正公告
      [科技识别] 标题是否科技相关: 是
      [过滤-排除词] 未命中，通过
      [过滤-关键词] 包含「银行」，通过
      [OK] 通过全部筛选，进入详情爬取
    [PDF] 路由拦截成功，共 1095788 字节
    [PDF] 扫描版/少字 PDF 共 2 页，转为图片 OCR...
    [OCR] 识别第 1/2 页 ...
    [OCR] 识别第 2/2 页 ...
    [OCR] 全部 2 页识别完成
    [PDF] 响应拦截解析完成，共 1032 字
    [已保存] output\2026-04-02\银行\招标公告_武汉农村商业银行数字化测试质控平台建设项目采购更正公告_065232.json

  [11/40] 标题: 云南红塔银行金融基础数据报送系统升级项目评审候选人公示
      [科技识别] 标题是否科技相关: 是
      [过滤-排除词] 未命中，通过
      [过滤-关键词] 包含「银行」，通过
      [OK] 通过全部筛选，进入详情爬取
    [已保存] output\2026-04-02\银行\招标公告_云南红塔银行金融基础数据报送系统升级项目评审候选人公示_065309.json

  [12/40] 标题: 兴业银行股份有限公司上海分行2026年境外机构查册及公证转递服务项目流标公告
      [科技识别] 标题是否科技相关: 否
      [SKIP] 标题非科技相关，不进入详情爬取

  [13/40] 标题: 中国银行邢台市天一城支行迁址安防监控报警设备与安装采购项目-成交结果公告
      [科技识别] 标题是否科技相关: 否
      [SKIP] 标题非科技相关，不进入详情爬取

  [14/40] 标题: 云南通海农村商业银行股份有限公司2026年度押守服务项目（二次）招标公告
      [科技识别] 标题是否科技相关: 否
      [SKIP] 标题非科技相关，不进入详情爬取

  [15/40] 标题: 华诚工程咨询集团有限公司关于中国工商银行浙江舟山分行六横支行装修项目的公开招标公告
      [科技识别] 标题是否科技相关: 否
      [SKIP] 标题非科技相关，不进入详情爬取

  [16/40] 标题: 凤庆农村商业银行各乡镇网点食堂食品配送服务采购项目竞争磋商邀请函
      [科技识别] 标题是否科技相关: 否
      [SKIP] 标题非科技相关，不进入详情爬取

  [17/40] 标题: 福建海峡银行股份有限公司2026-2029年总行大楼物业服务三年项目中标结果公示
      [科技识别] 标题是否科技相关: 否
      [SKIP] 标题非科技相关，不进入详情爬取

  [18/40] 标题: 富滇银行2026年对公业务管理平台建设项目招标公告
      [科技识别] 标题是否科技相关: 是
      [过滤-排除词] 未命中，通过
      [过滤-关键词] 包含「银行」，通过
      [OK] 通过全部筛选，进入详情爬取
    [已保存] output\2026-04-02\银行\招标公告_富滇银行2026年对公业务管理平台建设项目招标公告_065346.json

  [19/40] 标题: 关于中国光大银行股份有限公司杭州分行2026年客户活动策划服务项目的变更（延期）公告
      [科技识别] 标题是否科技相关: 否
      [SKIP] 标题非科技相关，不进入详情爬取

  [20/40] 标题: 平安银行股份有限公司汽融福州分中心宣传服务项目供应商寻源征集
      [科技识别] 标题是否科技相关: 否
      [SKIP] 标题非科技相关，不进入详情爬取

  [21/40] 标题: 关于中国光大银行股份有限公司杭州分行2026年私人银行线下宣传品供应商采购项目的变更（延期…
      [科技识别] 标题是否科技相关: 否
      [SKIP] 标题非科技相关，不进入详情爬取

  [22/40] 标题: 平安银行青岛分行劳务派遣项目供应商寻源征集
      [科技识别] 标题是否科技相关: 否
      [SKIP] 标题非科技相关，不进入详情爬取

  [23/40] 标题: “广发银行眉山分行保安服务外包项目”的采购公告
      [科技识别] 标题是否科技相关: 否
      [SKIP] 标题非科技相关，不进入详情爬取

  [24/40] 标题: 中国光大银行股份有限公司宿州分行2026年度驾驶员外包服务项目中标候选人公示
      [科技识别] 标题是否科技相关: 否
      [SKIP] 标题非科技相关，不进入详情爬取

  [25/40] 标题: 佳木斯市财政局佳木斯市社保财政专户资金转出开户银行进行定期存款项目竞争性磋商公告
      [科技识别] 标题是否科技相关: 否
      [SKIP] 标题非科技相关，不进入详情爬取

  [26/40] 标题: 衡阳市雁峰区人民法院关于益阳天城房地产开发有限公司所拥有的沅江浦发村镇银行350万股权（第…
      [科技识别] 标题是否科技相关: 否
      [SKIP] 标题非科技相关，不进入详情爬取

  [27/40] 标题: 中国光大银行股份有限公司2026年合肥地区UPS维保服务项目中标候选人公示
      [科技识别] 标题是否科技相关: 是
      [过滤-排除词] 未命中，通过
      [过滤-关键词] 包含「银行」，通过
      [OK] 通过全部筛选，进入详情爬取
    [已保存] output\2026-04-02\银行\中标结果_中国光大银行股份有限公司2026年合肥地区UPS维保服务项目中标候选人公示_065416.json

  [28/40] 标题: 中国邮政储蓄银行天津分行数字社保建设服务采购项目（包5待遇支付）中标候选人公示
      [科技识别] 标题是否科技相关: 否
      [SKIP] 标题非科技相关，不进入详情爬取

  [29/40] 标题: 德阳农商银行线上小额贷款诉讼代理服务采购项目招标公告
      [科技识别] 标题是否科技相关: 否
      [SKIP] 标题非科技相关，不进入详情爬取

  [30/40] 标题: 海港人寿驻马店支公司与工商银行驻马店各支行技能提升辅导项目结果公示
      [科技识别] 标题是否科技相关: 否
      [SKIP] 标题非科技相关，不进入详情爬取

  [31/40] 标题: 中国光大银行股份有限公司阜阳分行2026-2027年保洁服务项目中标候选人公示
      [科技识别] 标题是否科技相关: 否
      [SKIP] 标题非科技相关，不进入详情爬取

  [32/40] 标题: 中山市土地房屋征收管理中心补偿款专用账户资金存放银行招标项目（第二次）中标结果公告
      [科技识别] 标题是否科技相关: 否
      [SKIP] 标题非科技相关，不进入详情爬取

  [33/40] 标题: 赫章农商银行关于采购通信网络服务的公告
      [科技识别] 标题是否科技相关: 否
      [SKIP] 标题非科技相关，不进入详情爬取

  [34/40] 标题: 零售信贷部赋强公证业务采购招商银行采购结果公告-WH01-20260323001
      [科技识别] 标题是否科技相关: 否
      [SKIP] 标题非科技相关，不进入详情爬取

  [35/40] 标题: 招商银行全行UPS电源维保服务框架项目华为标段采购结果公告-ZH00-2025040900…
      [科技识别] 标题是否科技相关: 是
      [过滤-排除词] 未命中，通过
      [过滤-关键词] 包含「银行」，通过
      [OK] 通过全部筛选，进入详情爬取
    [已保存] output\2026-04-02\银行\中标结果_招商银行全行UPS电源维保服务框架项目华为标段采购结果公告-ZH00-20250409002_065452.json

  [36/40] 标题: 北京银行西安分行虚拟化平台国产化替换虚拟化软件采购项目竞争性磋商公告
      [科技识别] 标题是否科技相关: 是
      [过滤-排除词] 未命中，通过
      [过滤-关键词] 包含「银行」，通过
      [OK] 通过全部筛选，进入详情爬取
    [已保存] output\2026-04-02\银行\招标公告_北京银行西安分行虚拟化平台国产化替换虚拟化软件采购项目竞争性磋商公告_065529.json

  [37/40] 标题: 兴业银行广州分行关于广州维修资金信息管理系统对接项目供应商征集公告
      [科技识别] 标题是否科技相关: 否
      [SKIP] 标题非科技相关，不进入详情爬取

  [38/40] 标题: 北京银行西安分行虚拟化平台国产化替换设备采购项目竞争性磋商公告
      [科技识别] 标题是否科技相关: 是
      [过滤-排除词] 未命中，通过
      [过滤-关键词] 包含「银行」，通过
      [OK] 通过全部筛选，进入详情爬取
    [已保存] output\2026-04-02\银行\招标公告_北京银行西安分行虚拟化平台国产化替换设备采购项目竞争性磋商公告_065606.json

  [39/40] 标题: 广发银行眉山分行保安服务外包项目招标公告
      [科技识别] 标题是否科技相关: 否
      [SKIP] 标题非科技相关，不进入详情爬取

  [40/40] 标题: 中国建设银行远程智能银行中心本部机关工会活动项目采购供应商征集公告（第二次征集）
      [科技识别] 标题是否科技相关: 否
      [SKIP] 标题非科技相关，不进入详情爬取

  [第 9 页]
  [DEBUG] 已检测到「条信息」，按整页详情链接解析
      [WARN] 未找到 .ssjg-leixing，info_type 将记为采招信息
  本页找到 40 条结果

  [1/40] 标题: 西安银行营业网点安全防范设备购置及安装项目（2026年第一批）招标公告
      [科技识别] 标题是否科技相关: 否
      [SKIP] 标题非科技相关，不进入详情爬取

  [2/40] 标题: 云南红塔银行金融基础数据报送系统升级项目评审候选人公示
      [科技识别] 标题是否科技相关: 是
      [过滤-排除词] 未命中，通过
      [过滤-关键词] 包含「银行」，通过
      [OK] 通过全部筛选，进入详情爬取
    [已保存] output\2026-04-02\银行\中标结果_云南红塔银行金融基础数据报送系统升级项目评审候选人公示_065737.json

  [3/40] 标题: 山东沂水农村商业银行股份有限公司推进彤彤管家CRM系统“策略中心”功能模块升级主体采购项目…
      [科技识别] 标题是否科技相关: 否
      [SKIP] 标题非科技相关，不进入详情爬取

  [4/40] 标题: 招商银行景德镇分行贵宾客户观影活动采购项目供应商征集公告
      [科技识别] 标题是否科技相关: 否
      [SKIP] 标题非科技相关，不进入详情爬取

  [5/40] 标题: 关于中国银行股份有限公司重庆市分行“2026-2028年度空白凭证印刷项目”的采购邀请公告
      [科技识别] 标题是否科技相关: 否
      [SKIP] 标题非科技相关，不进入详情爬取

  [6/40] 标题: 三河蒙银村镇银行股份有限公司关于刘思文抵押贷款不良债权转让的公告(第一次)
      [科技识别] 标题是否科技相关: 否
      [SKIP] 标题非科技相关，不进入详情爬取

  [7/40] 标题: 中国银行河北省分行邯郸地区法律服务选型入围项目结果公告
      [科技识别] 标题是否科技相关: 否
      [SKIP] 标题非科技相关，不进入详情爬取

  [8/40] 标题: 中国银行股份有限公司北京市分行北京中医药大学行政事业场景建设类固定资产采购项目10包采购邀…
      [科技识别] 标题是否科技相关: 否
      [SKIP] 标题非科技相关，不进入详情爬取

  [9/40] 标题: 中国银行股份有限公司南京分行2026年租赁停车位采购项目竞争性磋商公告
      [科技识别] 标题是否科技相关: 否
      [SKIP] 标题非科技相关，不进入详情爬取

  [10/40] 标题: 贵州银行文化宣传服务采购项目(2026年舞台剧全省巡演活动)中标公告
      [科技识别] 标题是否科技相关: 否
      [SKIP] 标题非科技相关，不进入详情爬取

  [11/40] 标题: 揭西农商银行保安服务外包项目中标公告
      [科技识别] 标题是否科技相关: 否
      [SKIP] 标题非科技相关，不进入详情爬取

  [12/40] 标题: 黑龙江虎林农村商业银行股份有限公司2处房产分别转让交易公告
      [科技识别] 标题是否科技相关: 否
      [SKIP] 标题非科技相关，不进入详情爬取

  [13/40] 标题: 中信银行宁波分行本部食堂服务外包项目招标公告
      [科技识别] 标题是否科技相关: 否
      [SKIP] 标题非科技相关，不进入详情爬取

  [14/40] 标题: 关于钦州市预售资金监管银行招标中标公告
      [科技识别] 标题是否科技相关: 否
      [SKIP] 标题非科技相关，不进入详情爬取

  [15/40] 标题: 富滇银行2026年线上房地产押品估值服务框架协议入围项目征集公告
      [科技识别] 标题是否科技相关: 否
      [SKIP] 标题非科技相关，不进入详情爬取

  [16/40] 标题: 颍东农商银行营业部装修改造工程公开招标公告
      [科技识别] 标题是否科技相关: 否
      [SKIP] 标题非科技相关，不进入详情爬取

  [17/40] 标题: 关于征集建设银行福建省分行消费者权益保护教育宣传和营业网点服务宣传活动供应商的公告
      [科技识别] 标题是否科技相关: 否
      [SKIP] 标题非科技相关，不进入详情爬取

  [18/40] 标题: 山东省城市商业银行合作联盟有限公司态势感知数据报送平台建设项目供应商征集公告
      [科技识别] 标题是否科技相关: 否
      [SKIP] 标题非科技相关，不进入详情爬取

  [19/40] 标题: 郴州市永兴县马田镇和平路原农业银行永兴马田支行房地产
      [科技识别] 标题是否科技相关: 否
      [SKIP] 标题非科技相关，不进入详情爬取

  [20/40] 标题: 中国工商银行数据中心西三旗金融科技创新基地建设可行性研究咨询服务项目
      [科技识别] 标题是否科技相关: 是
      [过滤-排除词] 未命中，通过
      [过滤-关键词] 包含「银行」，通过
      [OK] 通过全部筛选，进入详情爬取
    [已保存] output\2026-04-02\银行\招标公告_中国工商银行数据中心西三旗金融科技创新基地建设可行性研究咨询服务项目_065813.json

  [21/40] 标题: 中国建设银行股份有限公司河北省沧州分行开元支行营业用房租赁项目单一来源采前公示
      [科技识别] 标题是否科技相关: 否
      [SKIP] 标题非科技相关，不进入详情爬取

  [22/40] 标题: 【建行自采】2026年两江万科自助银行续租自采项目采购结果信息公开
      [科技识别] 标题是否科技相关: 否
      [SKIP] 标题非科技相关，不进入详情爬取

  [23/40] 标题: 中国建设银行股份有限公司2026-2027年普惠金融广告宣传物料设计采购项目候选供应商征集…
      [科技识别] 标题是否科技相关: 否
      [SKIP] 标题非科技相关，不进入详情爬取

  [24/40] 标题: 广东和平农村商业银行股份有限公司不良贷款清收风险代理服务采购项目中标公告
      [科技识别] 标题是否科技相关: 否
      [SKIP] 标题非科技相关，不进入详情爬取

  [25/40] 标题: 营口银行本溪分行物业服务项目（二次公告）
      [科技识别] 标题是否科技相关: 否
      [SKIP] 标题非科技相关，不进入详情爬取

  [26/40] 标题: 邢台银行邯郸东城科技支行装修项目-邯郸市施工图设计文件审查
      [科技识别] 标题是否科技相关: 否
      [SKIP] 标题非科技相关，不进入详情爬取

  [27/40] 标题: 罗定农商银行驻点法律服务供应商采购项目（二次）中标结果公示
      [科技识别] 标题是否科技相关: 否
      [SKIP] 标题非科技相关，不进入详情爬取

  [28/40] 标题: 河南农商银行范县支行2026年度职工补充医疗保险采购项目二次结果公告
      [科技识别] 标题是否科技相关: 否
      [SKIP] 标题非科技相关，不进入详情爬取

  [29/40] 标题: 天津银行股份有限公司第一中心支行职工食堂食材配送服务招标公告
      [科技识别] 标题是否科技相关: 否
      [SKIP] 标题非科技相关，不进入详情爬取

  [30/40] 标题: 恒丰银行成都分行2026年-2027年度同城支行员工工作餐服务采购项目竞争性磋商采购公告
      [科技识别] 标题是否科技相关: 否
      [SKIP] 标题非科技相关，不进入详情爬取

  [31/40] 标题: 恒丰银行股份有限公司苏州分行关于恒丰银行苏州吴中支行原租赁网点装饰物拆除工程的竞争性磋商公…
      [科技识别] 标题是否科技相关: 否
      [SKIP] 标题非科技相关，不进入详情爬取

  [32/40] 标题: 中国邮政储蓄银行股份有限公司汕头市澄海支行营运用房装修项目
      [科技识别] 标题是否科技相关: 否
      [SKIP] 标题非科技相关，不进入详情爬取

  [33/40] 标题: 青岛银行新灾备同城中心建设项目网络交换机项目公开谈判采购公告
      [科技识别] 标题是否科技相关: 是
      [过滤-排除词] 未命中，通过
      [过滤-关键词] 包含「银行」，通过
      [OK] 通过全部筛选，进入详情爬取
    [已保存] output\2026-04-02\银行\招标公告_青岛银行新灾备同城中心建设项目网络交换机项目公开谈判采购公告_065850.json

  [34/40] 标题: 浦发银行经开区支行承兑汇票项目结果公告
      [科技识别] 标题是否科技相关: 否
      [SKIP] 标题非科技相关，不进入详情爬取

  [35/40] 标题: 中国建设银行河南省分行商丘市中医院新院区“建融智医”结算一体化平台项目招标公告
      [科技识别] 标题是否科技相关: 是
      [过滤-排除词] 未命中，通过
      [过滤-关键词] 包含「银行」，通过
      [OK] 通过全部筛选，进入详情爬取
    [已保存] output\2026-04-02\银行\招标公告_中国建设银行河南省分行商丘市中医院新院区“建融智医”结算一体化平台项目招标公告_065928.json

  [36/40] 标题: 海南农村商业银行股份有限公司贷款风控中台项目中标结果公示
      [科技识别] 标题是否科技相关: 是
      [过滤-排除词] 未命中，通过
      [过滤-关键词] 包含「银行」，通过
      [OK] 通过全部筛选，进入详情爬取
    [已保存] output\2026-04-02\银行\中标结果_海南农村商业银行股份有限公司贷款风控中台项目中标结果公示_065957.json

  [37/40] 标题: 中国农业银行股份有限公司平潭分行物业后勤服务外包项目（重新采购）招标公告
      [科技识别] 标题是否科技相关: 否
      [SKIP] 标题非科技相关，不进入详情爬取

  [38/40] 标题: 兴业银行关于2026年度集中采购押品财产险项目
      [科技识别] 标题是否科技相关: 否
      [SKIP] 标题非科技相关，不进入详情爬取

  [39/40] 标题: 中国农业银行股份有限公司江西省分行网点门楣屏安全改造集中采购项目招标公告
      [科技识别] 标题是否科技相关: 否
      [SKIP] 标题非科技相关，不进入详情爬取

  [40/40] 标题: 中国工商银行株洲分行房屋零星维修供应商入围项目招标公告
      [科技识别] 标题是否科技相关: 否
      [SKIP] 标题非科技相关，不进入详情爬取

  [第 10 页]
  [DEBUG] 已检测到「条信息」，按整页详情链接解析
      [WARN] 未找到 .ssjg-leixing，info_type 将记为采招信息
  本页找到 40 条结果

  [1/40] 标题: 河南农商银行网点标识更换工程竞争性磋商公告
      [科技识别] 标题是否科技相关: 否
      [SKIP] 标题非科技相关，不进入详情爬取

  [2/40] 标题: 中国建设银行股份有限公司2026-2027年上海分行企业级迭代优化项目框架采购更正公告
      [科技识别] 标题是否科技相关: 否
      [SKIP] 标题非科技相关，不进入详情爬取

  [3/40] 标题: 招商银行贵阳分行2026年车辆清洗服务供应商项目征集公告-4月2日
      [科技识别] 标题是否科技相关: 否
      [SKIP] 标题非科技相关，不进入详情爬取

  [4/40] 标题: 中国银行股份有限公司龙岩分行追加2024至2026年度本部食堂食材采购项目（第三次）[FJ…
      [科技识别] 标题是否科技相关: 否
      [SKIP] 标题非科技相关，不进入详情爬取

  [5/40] 标题: （破）佛山市顺德区创大实业有限公司管理人关于佛山市顺德区创大实业有限公司持有的广东顺德农村…
      [科技识别] 标题是否科技相关: 否
      [SKIP] 标题非科技相关，不进入详情爬取

  [6/40] 标题: 徽商银行关于合肥分行机构条线合作单位驻点外包业务供应商服务采购项目成交结果公告
      [科技识别] 标题是否科技相关: 否
      [SKIP] 标题非科技相关，不进入详情爬取

  [7/40] 标题: 杭州银行2026-2027年宝石贷互联网广告投放及增值服务采购项目中标结果公示
      [科技识别] 标题是否科技相关: 否
      [SKIP] 标题非科技相关，不进入详情爬取

  [8/40] 标题: 国家开发银行黑龙江省分行机房整体维保服务项目（2026-2029年度）...
      [科技识别] 标题是否科技相关: 是
      [过滤-排除词] 未命中，通过
      [过滤-关键词] 包含「银行」，通过
      [OK] 通过全部筛选，进入详情爬取
    [已保存] output\2026-04-02\银行\招标公告_国家开发银行黑龙江省分行机房整体维保服务项目（2026-2029年度）..._070129.json

  [9/40] 标题: 贵州印江农村商业银行股份有限公司关于印江县峨岭街道南环路九仰南山19栋5号463.69平方…
      [科技识别] 标题是否科技相关: 否
      [SKIP] 标题非科技相关，不进入详情爬取

  [10/40] 标题: 凉山农商银行甘洛支行综合营业用房空调采购安装项目（第五次）公告
      [科技识别] 标题是否科技相关: 否
      [SKIP] 标题非科技相关，不进入详情爬取

  [11/40] 标题: 中原银行周口分行2026年行政岗位劳务外包服务项目-结果公告
      [科技识别] 标题是否科技相关: 否
      [SKIP] 标题非科技相关，不进入详情爬取

  [12/40] 标题: 中原银行濮阳分行濮阳县支行空调装修项目成交结果公告
      [科技识别] 标题是否科技相关: 否
      [SKIP] 标题非科技相关，不进入详情爬取

  [13/40] 标题: 中原银行股份有限公司平顶山分行2026年分行机关食堂食材采购项目招标公告
      [科技识别] 标题是否科技相关: 否
      [SKIP] 标题非科技相关，不进入详情爬取

  [14/40] 标题: 中国农业银行股份有限公司牡丹江分行车辆维修定点单位入围【重新招标】-中标候选人公示
      [科技识别] 标题是否科技相关: 否
      [SKIP] 标题非科技相关，不进入详情爬取

  [15/40] 标题: 龙江银行伊春分行准入律师事务所代理诉讼案件项目-公开招标公告
      [科技识别] 标题是否科技相关: 否
      [SKIP] 标题非科技相关，不进入详情爬取

  [16/40] 标题: (市交易中心)江苏银行金融科技中心建设项目监理招标公告-招标公告/资审公告
      [科技识别] 标题是否科技相关: 否
      [SKIP] 标题非科技相关，不进入详情爬取

  [17/40] 标题: 2026年大连银行股份有限公司瓦房店支行保安服务采购项目-公开招标公告
      [科技识别] 标题是否科技相关: 否
      [SKIP] 标题非科技相关，不进入详情爬取

  [18/40] 标题: 自贡农商银行房屋装修（维修）设计服务入围采购项目招标公告
      [科技识别] 标题是否科技相关: 否
      [SKIP] 标题非科技相关，不进入详情爬取

  [19/40] 标题: 杭州银行股份有限公司庆春大楼安全维修改造工程设计
      [科技识别] 标题是否科技相关: 否
      [SKIP] 标题非科技相关，不进入详情爬取

  [20/40] 标题: 中国进出口银行总行2026-2028年度常年法律顾问选聘项目（包一：国际）（第二次）中标结…
      [科技识别] 标题是否科技相关: 否
      [SKIP] 标题非科技相关，不进入详情爬取

  [21/40] 标题: 中国农业银行股份有限公司惠州分行空调供应商入围采购项目采购计划
      [科技识别] 标题是否科技相关: 否
      [SKIP] 标题非科技相关，不进入详情爬取

  [22/40] 标题: 中国进出口银行自由贸易账户系统新版接口报文需求实施项目成交结果公告
      [科技识别] 标题是否科技相关: 否
      [SKIP] 标题非科技相关，不进入详情爬取

  [23/40] 标题: 广西贺州桂东农村合作银行新综合业务大楼装修项目设计
      [科技识别] 标题是否科技相关: 否
      [SKIP] 标题非科技相关，不进入详情爬取

  [24/40] 标题: 亿丰嘉腾(江苏)拍卖有限公司关于（原银行债权）对有8个担保人**未代偿还款的137000元…
      [科技识别] 标题是否科技相关: 否
      [SKIP] 标题非科技相关，不进入详情爬取

  [25/40] 标题: 湖南大学“筑基·聚力”—2026年中国农业银行海南分行网点负责人综合能力提升培训班餐费采购…
      [科技识别] 标题是否科技相关: 否
      [SKIP] 标题非科技相关，不进入详情爬取

  [26/40] 标题: 湖南大学“筑基·聚力”—2026年中国农业银行海南分行网点负责人综合能力提升培训班酒店异地…
      [科技识别] 标题是否科技相关: 否
      [SKIP] 标题非科技相关，不进入详情爬取

  [27/40] 标题: 中国农业银行股份有限公司远程银行中心合肥分中心餐饮外包管理服务项目招标公告
      [科技识别] 标题是否科技相关: 否
      [SKIP] 标题非科技相关，不进入详情爬取

  [28/40] 标题: 中国农业发展银行宿州市分行大楼楼层弱电线路改造结果公示
      [科技识别] 标题是否科技相关: 否
      [SKIP] 标题非科技相关，不进入详情爬取

  [29/40] 标题: 2026-2027年度宁波银行股份有限公司金华图文广告定点服务采购项目召集公告
      [科技识别] 标题是否科技相关: 否
      [SKIP] 标题非科技相关，不进入详情爬取

  [30/40] 标题: 渤海银行长沙分行食堂管理服务外包竞争性磋商公告
      [科技识别] 标题是否科技相关: 否
      [SKIP] 标题非科技相关，不进入详情爬取

  [31/40] 标题: 长乐农商银行关于工会会员专项消费券供应商比选项目评审结果的公示
      [科技识别] 标题是否科技相关: 否
      [SKIP] 标题非科技相关，不进入详情爬取

  [32/40] 标题: 龙海农商银行关于定制宣传茶具采购项目评标结果的公示
      [科技识别] 标题是否科技相关: 否
      [SKIP] 标题非科技相关，不进入详情爬取

  [33/40] 标题: 世界银行贷款贵阳市绿色城市发展项目公路工程设计文件审查服务（二次）中标（成交）结果公告
      [科技识别] 标题是否科技相关: 否
      [SKIP] 标题非科技相关，不进入详情爬取

  [34/40] 标题: 临夏回族自治州银行业协会货物项目DD26040210598220_eszzUi.pdf
      [科技识别] 标题是否科技相关: 否
      [SKIP] 标题非科技相关，不进入详情爬取

  [35/40] 标题: 中国邮政储蓄银行高级法现场评估演练咨询服务采购项目单一来源采前公示
      [科技识别] 标题是否科技相关: 否
      [SKIP] 标题非科技相关，不进入详情爬取

  [36/40] 标题: 交通银行柳州分行与广西壮族自治区脑科医院服务器采购项目公开招标公告
      [科技识别] 标题是否科技相关: 是
      [过滤-排除词] 未命中，通过
      [过滤-关键词] 包含「银行」，通过
      [OK] 通过全部筛选，进入详情爬取
    [已保存] output\2026-04-02\银行\招标公告_交通银行柳州分行与广西壮族自治区脑科医院服务器采购项目公开招标公告_070205.json

  [37/40] 标题: 四川银行双录服务系统2025年度升级项目磋商公告
      [科技识别] 标题是否科技相关: 否
      [SKIP] 标题非科技相关，不进入详情爬取

  [38/40] 标题: 中国邮政储蓄银行北京分行线上营销活动服务采购项目中标候选人公示
      [科技识别] 标题是否科技相关: 否
      [SKIP] 标题非科技相关，不进入详情爬取

  [39/40] 标题: 青岛银行新核心二期基础平台建设项目所需实施服务和现场支持服务项目竞价采购公告
      [科技识别] 标题是否科技相关: 是
      [过滤-排除词] 未命中，通过
      [过滤-关键词] 包含「银行」，通过
      [OK] 通过全部筛选，进入详情爬取
    [已保存] output\2026-04-02\银行\招标公告_青岛银行新核心二期基础平台建设项目所需实施服务和现场支持服务项目竞价采购公告_070243.json

  [40/40] 标题: 无锡锡商银行员工食堂外包服务项目
      [科技识别] 标题是否科技相关: 否
      [SKIP] 标题非科技相关，不进入详情爬取

  [第 11 页]
  [DEBUG] 已检测到「条信息」，按整页详情链接解析
      [WARN] 未找到 .ssjg-leixing，info_type 将记为采招信息
  本页找到 40 条结果

  [1/40] 标题: 兴业银行保定分行本部新址装修改造项目-建设工程消防验收备案【竞秀区】
      [科技识别] 标题是否科技相关: 否
      [SKIP] 标题非科技相关，不进入详情爬取

  [2/40] 标题: 恒丰银行黄务数据中心机房二期扩容建设柴油发电机组设备采购项目中标候选人公示-HFZHJZC…
      [科技识别] 标题是否科技相关: 否
      [SKIP] 标题非科技相关，不进入详情爬取

  [3/40] 标题: 中国建设银行股份有限公司天津市分行委外催收供应商入围采购项目公开招标公告
      [科技识别] 标题是否科技相关: 否
      [SKIP] 标题非科技相关，不进入详情爬取

  [4/40] 标题: 杭州银行股份有限公司庆春大楼安全维修改造工程设计-招标文件预公示
      [科技识别] 标题是否科技相关: 否
      [SKIP] 标题非科技相关，不进入详情爬取

  [5/40] 标题: 中国绍兴黄酒集团有限公司2025年战略合作银行增选项目竞争性磋商公告
      [科技识别] 标题是否科技相关: 否
      [SKIP] 标题非科技相关，不进入详情爬取

  [6/40] 标题: 恒丰银行黄务数据中心机房二期扩容建设柴油发电机组设备采购项目中标候选人公示
      [科技识别] 标题是否科技相关: 否
      [SKIP] 标题非科技相关，不进入详情爬取

  [7/40] 标题: 中国邮政储蓄银行文山州分行2026-2028年法律服务入围采购公开竞争性磋商公告
      [科技识别] 标题是否科技相关: 否
      [SKIP] 标题非科技相关，不进入详情爬取

  [8/40] 标题: 招商银行郑州分行2026年新浪河南广告项目供应商征集公告
      [科技识别] 标题是否科技相关: 否
      [SKIP] 标题非科技相关，不进入详情爬取

  [9/40] 标题: 开展全额保证金银行承兑汇票专项服务项目磋商公告
      [科技识别] 标题是否科技相关: 否
      [SKIP] 标题非科技相关，不进入详情爬取

  [10/40] 标题: 河北鸡泽农村商业银行股份有限公司顶层设计优化及绩效考核体系建设采购项目变更公告
      [科技识别] 标题是否科技相关: 否
      [SKIP] 标题非科技相关，不进入详情爬取

  [11/40] 标题: 三河蒙银村镇银行股份有限公司关于魏月抵押贷款不良债权转让的公告(第一次)
      [科技识别] 标题是否科技相关: 否
      [SKIP] 标题非科技相关，不进入详情爬取

  [12/40] 标题: 中国农业银行股份有限公司吉林市江北支行关于繁育母猪70头第三车的公告(第一次)
      [科技识别] 标题是否科技相关: 否
      [SKIP] 标题非科技相关，不进入详情爬取

  [13/40] 标题: 中国农业银行股份有限公司吉林市江北支行关于繁育母猪70头的公告(第一次)
      [科技识别] 标题是否科技相关: 否
      [SKIP] 标题非科技相关，不进入详情爬取

  [14/40] 标题: 阳泉农村商业银行股份有限公司三泉分理处新址装修工程项目中标结果公示
      [科技识别] 标题是否科技相关: 否
      [SKIP] 标题非科技相关，不进入详情爬取

  [15/40] 标题: 中国农业银行股份有限公司景德镇分行关于珠山景穗支行原营业用房闲置房产的公告(第一次)
      [科技识别] 标题是否科技相关: 否
      [SKIP] 标题非科技相关，不进入详情爬取

  [16/40] 标题: 【银川分行】中国民生银行银川分行空调及新风系统设备采购安装项目征询邀请
      [科技识别] 标题是否科技相关: 否
      [SKIP] 标题非科技相关，不进入详情爬取

  [17/40] 标题: 中国农业银行股份有限公司牡丹江分行车辆维修定点单位入围【重新招标】-中标候选人公示
      [科技识别] 标题是否科技相关: 否
      [SKIP] 标题非科技相关，不进入详情爬取

  [18/40] 标题: 山东沂水农村商业银行股份有限公司“沂水信用+生活圈”异业联盟平台运营外包合作采购项目谈判采…
      [科技识别] 标题是否科技相关: 是
      [过滤-排除词] 未命中，通过
      [过滤-关键词] 包含「银行」，通过
      [OK] 通过全部筛选，进入详情爬取
    [已保存] output\2026-04-02\银行\招标公告_山东沂水农村商业银行股份有限公司“沂水信用+生活圈”异业联盟平台运营外包合作采购项目谈判采购公告_070410.json

  [19/40] 标题: 兴业银行2026-2027年（2年期）收单商户日常维护外包服务项目--招标公告
      [科技识别] 标题是否科技相关: 否
      [SKIP] 标题非科技相关，不进入详情爬取

  [20/40] 标题: 山东乳山农村商业银行股份有限公司新网点装修改造工程公开招标公告
      [科技识别] 标题是否科技相关: 否
      [SKIP] 标题非科技相关，不进入详情爬取

  [21/40] 标题: 富滇银行大理分行劳务服务项目询比采购公告
      [科技识别] 标题是否科技相关: 否
      [SKIP] 标题非科技相关，不进入详情爬取

  [22/40] 标题: 交通银行厦门分行2026年武装押运服务外包项目单一来源采购公示
      [科技识别] 标题是否科技相关: 否
      [SKIP] 标题非科技相关，不进入详情爬取

  [23/40] 标题: 富滇银行股份有限公司普洱分行公证法律服务采购项目询比采购公吿
      [科技识别] 标题是否科技相关: 否
      [SKIP] 标题非科技相关，不进入详情爬取

  [24/40] 标题: 中国人民银行清算总中心2025年中兴SDN网络交换机及接口板单一来源公示
      [科技识别] 标题是否科技相关: 是
      [过滤-排除词] 未命中，通过
      [过滤-关键词] 包含「银行」，通过
      [OK] 通过全部筛选，进入详情爬取
    [已保存] output\2026-04-02\银行\招标公告_中国人民银行清算总中心2025年中兴SDN网络交换机及接口板单一来源公示_070445.json

  [25/40] 标题: 廊坊银行石家庄分行现金清分外包服务采购项目单一来源公告
      [科技识别] 标题是否科技相关: 否
      [SKIP] 标题非科技相关，不进入详情爬取

  [26/40] 标题: 关于中国银行股份有限公司重庆市分行“2026-2028年度空白凭证印刷项目”的采购邀请公告
      [科技识别] 标题是否科技相关: 否
      [SKIP] 标题非科技相关，不进入详情爬取

  [27/40] 标题: 中国建设银行温州分行温州市主流报纸类媒体广告投放项目供应商征集公告
      [科技识别] 标题是否科技相关: 否
      [SKIP] 标题非科技相关，不进入详情爬取

  [28/40] 标题: 凉山农商银行人事档案室基础设备采购项目中标结果公告
      [科技识别] 标题是否科技相关: 否
      [SKIP] 标题非科技相关，不进入详情爬取

  [29/40] 标题: 中国建设银行陕西省分行本部办公楼零星家具采购项目供应商征集公告
      [科技识别] 标题是否科技相关: 否
      [SKIP] 标题非科技相关，不进入详情爬取

  [30/40] 标题: 2026年-2028年中国建设银行门楣招牌采购项目市场调研公告
      [科技识别] 标题是否科技相关: 否
      [SKIP] 标题非科技相关，不进入详情爬取

  [31/40] 标题: 凉山农商银行监控硬盘采购项目中标结果公告
      [科技识别] 标题是否科技相关: 否
      [SKIP] 标题非科技相关，不进入详情爬取

  [32/40] 标题: 中国移动甘肃公司中国银行股份有限公司甘肃省分行2026年-2027年基础软硬件系统维护服务…
      [科技识别] 标题是否科技相关: 否
      [SKIP] 标题非科技相关，不进入详情爬取

  [33/40] 标题: 开展全额保证金银行承兑汇票专项服务项目磋商公告
      [科技识别] 标题是否科技相关: 否
      [SKIP] 标题非科技相关，不进入详情爬取

  [34/40] 标题: 泸州银行成都分行2026年系统持续建设采购项目（第一批）中标候选人公示
      [科技识别] 标题是否科技相关: 否
      [SKIP] 标题非科技相关，不进入详情爬取

  [35/40] 标题: 中信百信银行股份有限公司消费类逾期贷款诉讼法律服务机构中标候选人公示
      [科技识别] 标题是否科技相关: 否
      [SKIP] 标题非科技相关，不进入详情爬取

  [36/40] 标题: 住宅专项维修资金专户代理银行采购项目终止公告
      [科技识别] 标题是否科技相关: 否
      [SKIP] 标题非科技相关，不进入详情爬取

  [37/40] 标题: 四川天府银行积分兑换运营服务项目（第二次）招标公告
      [科技识别] 标题是否科技相关: 否
      [SKIP] 标题非科技相关，不进入详情爬取

  [38/40] 标题: 交银金融租赁有限责任公司与交通银行股份有限公司及交通银行（香港）有限公司之间的重大关联交易…
      [科技识别] 标题是否科技相关: 否
      [SKIP] 标题非科技相关，不进入详情爬取

  [39/40] 标题: 国家开发银行黑龙江省分行互联网专线项目(2026-2029年度)技术交流征集公告
      [科技识别] 标题是否科技相关: 否
      [SKIP] 标题非科技相关，不进入详情爬取

  [40/40] 标题: 泸州银行成都分行2026年系统持续建设采购项目（第二批）中标候选人公示
      [科技识别] 标题是否科技相关: 否
      [SKIP] 标题非科技相关，不进入详情爬取

  [第 12 页]
  [DEBUG] 已检测到「条信息」，按整页详情链接解析
      [WARN] 未找到 .ssjg-leixing，info_type 将记为采招信息
  本页找到 40 条结果

  [1/40] 标题: 中国光大银行天津分行分支机构空调设备安装、空调维修供应商入围项目公开招标公告
      [科技识别] 标题是否科技相关: 否
      [SKIP] 标题非科技相关，不进入详情爬取

  [2/40] 标题: 交银金融租赁有限责任公司与交通银行股份有限公司之间的重大关联交易相关情况(4月2日）
      [科技识别] 标题是否科技相关: 否
      [SKIP] 标题非科技相关，不进入详情爬取

  [3/40] 标题: 池州贵池民生村镇银行股份有限公司6%股权（对应318万股股份）交易公告
      [科技识别] 标题是否科技相关: 否
      [SKIP] 标题非科技相关，不进入详情爬取

  [4/40] 标题: 太原农村商业银行股份有限公司数字化营销活动配置服务采购项目(001标段)竞争性磋商公告
      [科技识别] 标题是否科技相关: 是
      [过滤-排除词] 未命中，通过
      [过滤-关键词] 包含「银行」，通过
      [OK] 通过全部筛选，进入详情爬取
    [已保存] output\2026-04-02\银行\招标公告_太原农村商业银行股份有限公司数字化营销活动配置服务采购项目(001标段)竞争性磋商公告_070615.json

  [5/40] 标题: 中原银行股份有限公司分支机构网络与网络安全设备采购框架入围项目-无线POE项目（二次）招标…
      [科技识别] 标题是否科技相关: 是
      [过滤-排除词] 未命中，通过
      [过滤-关键词] 包含「银行」，通过
      [OK] 通过全部筛选，进入详情爬取
    [PDF] 路由拦截成功，共 684209 字节
    [PDF] 响应拦截解析完成，共 3842 字
    [已保存] output\2026-04-02\银行\招标公告_中原银行股份有限公司分支机构网络与网络安全设备采购框架入围项目-无线POE项目（二次）招标公告_070643.json

  [6/40] 标题: 中原银行股份有限公司分支机构网络与网络安全设备采购框架入围项目-防火墙项目（二次）公开招标…
      [科技识别] 标题是否科技相关: 是
      [过滤-排除词] 未命中，通过
      [过滤-关键词] 包含「银行」，通过
      [OK] 通过全部筛选，进入详情爬取
    [PDF] 路由拦截成功，共 683462 字节
    [PDF] 响应拦截解析完成，共 3899 字
    [已保存] output\2026-04-02\银行\招标公告_中原银行股份有限公司分支机构网络与网络安全设备采购框架入围项目-防火墙项目（二次）公开招标公告_070717.json

  [7/40] 标题: 中国邮政储蓄银行红河州分行2026-2028年法律服务入围采购公开竞争性磋商公告
      [科技识别] 标题是否科技相关: 否
      [SKIP] 标题非科技相关，不进入详情爬取

  [8/40] 标题: 中国邮政储蓄银行楚雄州分行2026-2028年法律服务入围采购公开竞争性磋商公告
      [科技识别] 标题是否科技相关: 否
      [SKIP] 标题非科技相关，不进入详情爬取

  [9/40] 标题: 南昌农商银行聘请外审机构开展2025年信息科技重要外包审计项目磋商采购采购公告
      [科技识别] 标题是否科技相关: 否
      [SKIP] 标题非科技相关，不进入详情爬取

  [10/40] 标题: 长安银行股份有限公司软件量化评估服务采购项目公开招标公告
      [科技识别] 标题是否科技相关: 否
      [SKIP] 标题非科技相关，不进入详情爬取

  [11/40] 标题: 中国银行股份有限公司福清分行日常零星搬运项目成交候选人公示
      [科技识别] 标题是否科技相关: 否
      [SKIP] 标题非科技相关，不进入详情爬取

  [12/40] 标题: 中国银行股份有限公司福清分行现金库房丶保管箱库房安装气体灭火系统工程项目（四次）成交候选人…
      [科技识别] 标题是否科技相关: 否
      [SKIP] 标题非科技相关，不进入详情爬取

  [13/40] 标题: 招商银行全行UPS电源维保服务框架项目施耐德标段采购结果公告-ZH00-202510090…
      [科技识别] 标题是否科技相关: 是
      [过滤-排除词] 未命中，通过
      [过滤-关键词] 包含「银行」，通过
      [OK] 通过全部筛选，进入详情爬取
    [已保存] output\2026-04-02\银行\中标结果_招商银行全行UPS电源维保服务框架项目施耐德标段采购结果公告-ZH00-20251009001_070750.json

  [14/40] 标题: 招商银行全行UPS电源维保服务框架项目伊顿标段采购结果公告-ZH00-2025100900…
      [科技识别] 标题是否科技相关: 是
      [过滤-排除词] 未命中，通过
      [过滤-关键词] 包含「银行」，通过
      [OK] 通过全部筛选，进入详情爬取
    [已保存] output\2026-04-02\银行\中标结果_招商银行全行UPS电源维保服务框架项目伊顿标段采购结果公告-ZH00-20251009001_070820.json

  [15/40] 标题: 招商银行全行UPS电源维保服务框架项目维谛标段采购结果公告-ZH00-2025100900…
      [科技识别] 标题是否科技相关: 是
      [过滤-排除词] 未命中，通过
      [过滤-关键词] 包含「银行」，通过
      [OK] 通过全部筛选，进入详情爬取
    [已保存] output\2026-04-02\银行\中标结果_招商银行全行UPS电源维保服务框架项目维谛标段采购结果公告-ZH00-20251009001_070851.json

  [16/40] 标题: 招商银行采购结果公告-ZH00-20260319001
      [科技识别] 标题是否科技相关: 否
      [SKIP] 标题非科技相关，不进入详情爬取

  [17/40] 标题: 广西贺州桂东农村合作银行新综合业务大楼装修项目设计
      [科技识别] 标题是否科技相关: 否
      [SKIP] 标题非科技相关，不进入详情爬取

  [18/40] 标题: 中原银行郑州航空港区支行（分行级）2026年度保安派遣服务(二次）2标段流标公告
      [科技识别] 标题是否科技相关: 否
      [SKIP] 标题非科技相关，不进入详情爬取

  [19/40] 标题: 中国民生银行银川分行空调及新风系统设备采购安装项目征询公告
      [科技识别] 标题是否科技相关: 否
      [SKIP] 标题非科技相关，不进入详情爬取

  [20/40] 标题: 中国工商银行福建省分行宣传用品供应商增聘项目
      [科技识别] 标题是否科技相关: 否
      [SKIP] 标题非科技相关，不进入详情爬取

  [21/40] 标题: 泸州农商银行龙车支行、合面支行职工周转房整改维修工程废标公告
      [科技识别] 标题是否科技相关: 否
      [SKIP] 标题非科技相关，不进入详情爬取

  [22/40] 标题: 中原银行郑州航空港区支行（分行级）档案外包服务采购项目（二次）废标公告
      [科技识别] 标题是否科技相关: 否
      [SKIP] 标题非科技相关，不进入详情爬取

  [23/40] 标题: 浙江省成套招标代理有限公司关于中国农业银行股份有限公司浙江省分行营业网点LED门楣屏及物联…
      [科技识别] 标题是否科技相关: 否
      [SKIP] 标题非科技相关，不进入详情爬取

  [24/40] 标题: 中国银行抚顺分行清原高中智慧食堂项目-废标公告
      [科技识别] 标题是否科技相关: 否
      [SKIP] 标题非科技相关，不进入详情爬取

  [25/40] 标题: 凉山农商银行监控硬盘采购项目中标结果公告
      [科技识别] 标题是否科技相关: 否
      [SKIP] 标题非科技相关，不进入详情爬取

  [26/40] 标题: 成都银行新核心业务系统建设项目群-统一作业调度工具采购项目采购公告
      [科技识别] 标题是否科技相关: 是
      [过滤-排除词] 未命中，通过
      [过滤-关键词] 包含「银行」，通过
      [OK] 通过全部筛选，进入详情爬取
    [已保存] output\2026-04-02\银行\招标公告_成都银行新核心业务系统建设项目群-统一作业调度工具采购项目采购公告_070927.json

  [27/40] 标题: 榆林农商银行关于采购榆靖高速跨桥广告项目中标结果公示
      [科技识别] 标题是否科技相关: 否
      [SKIP] 标题非科技相关，不进入详情爬取

  [28/40] 标题: 国家开发银行黑龙江分行互联网专线（2026-2029年度）技术交流征集...
      [科技识别] 标题是否科技相关: 否
      [SKIP] 标题非科技相关，不进入详情爬取

  [29/40] 标题: 榆林农商银行职工之家家具采购项目中标候选人公示
      [科技识别] 标题是否科技相关: 否
      [SKIP] 标题非科技相关，不进入详情爬取

  [30/40] 标题: 上海中澳城康养项目银行间类REITs发行载体管理机构服务采购公开招标公告-SDJK-202…
      [科技识别] 标题是否科技相关: 否
      [SKIP] 标题非科技相关，不进入详情爬取

  [31/40] 标题: 国家开发银行大连市分行电动档案密集架采购项目中标结果公示
      [科技识别] 标题是否科技相关: 否
      [SKIP] 标题非科技相关，不进入详情爬取

  [32/40] 标题: 上海浦东发展银行贵阳分行17层档案室结构加固及消防改造、16层装饰恢复改造项目监理采购供应…
      [科技识别] 标题是否科技相关: 否
      [SKIP] 标题非科技相关，不进入详情爬取

  [33/40] 标题: 中国工商银行福建省分行招标代理服务增聘项目招标公告
      [科技识别] 标题是否科技相关: 否
      [SKIP] 标题非科技相关，不进入详情爬取

  [34/40] 标题: 兴业银行福州营运中心竣工测绘服务项目-兴业银行福州营运中心竣工测绘服务项目采购公告
      [科技识别] 标题是否科技相关: 否
      [SKIP] 标题非科技相关，不进入详情爬取

  [35/40] 标题: 中国工商银行福建省分行招标代理服务增聘项目
      [科技识别] 标题是否科技相关: 否
      [SKIP] 标题非科技相关，不进入详情爬取

  [36/40] 标题: 中国工商银行福建省分行宣传用品供应商增聘项目
      [科技识别] 标题是否科技相关: 否
      [SKIP] 标题非科技相关，不进入详情爬取

  [37/40] 标题: 中国建设银行陕西省分行本部甲醛治理服务采购项目供应商征集公告
      [科技识别] 标题是否科技相关: 否
      [SKIP] 标题非科技相关，不进入详情爬取

  [38/40] 标题: 中国建设银行陕西省分行本部搬迁服务采购项目供应商征集公告
      [科技识别] 标题是否科技相关: 否
      [SKIP] 标题非科技相关，不进入详情爬取

  [39/40] 标题: 交通银行湖北省分行“银卫安康”HRP运营结算信息化系统建设项目招标公告
      [科技识别] 标题是否科技相关: 是
      [过滤-排除词] 未命中，通过
      [过滤-关键词] 包含「银行」，通过
      [OK] 通过全部筛选，进入详情爬取
    [已保存] output\2026-04-02\银行\招标公告_交通银行湖北省分行“银卫安康”HRP运营结算信息化系统建设项目招标公告_071002.json

  [40/40] 标题: 中国邮政储蓄银行普洱市分行2026-2028年法律服务入围采购公开竞争性磋商公告
      [科技识别] 标题是否科技相关: 否
      [SKIP] 标题非科技相关，不进入详情爬取

  [第 13 页]
  [DEBUG] 已检测到「条信息」，按整页详情链接解析
      [WARN] 未找到 .ssjg-leixing，info_type 将记为采招信息
  本页找到 40 条结果

  [1/40] 标题: 中国邮政储蓄银行楚雄州分行2026-2028年法律服务入围采购公开竞争性磋商公告
      [科技识别] 标题是否科技相关: 否
      [SKIP] 标题非科技相关，不进入详情爬取

  [2/40] 标题: 中国农业发展银行隆林各族自治县支行2026年5月-2028年12月物业管理服务项目招标公告
      [科技识别] 标题是否科技相关: 否
      [SKIP] 标题非科技相关，不进入详情爬取

  [3/40] 标题: 中国人民银行龙岩市分行机关食堂食材配送项目更正公告
      [科技识别] 标题是否科技相关: 否
      [SKIP] 标题非科技相关，不进入详情爬取

  [4/40] 标题: 江门市工业和信息化局关于公开遴选江门市中小企业数字化转型预拨付奖补资金监管合作银行的公告
      [科技识别] 标题是否科技相关: 是
      [过滤-排除词] 未命中，通过
      [过滤-关键词] 包含「银行」，通过
      [OK] 通过全部筛选，进入详情爬取
    [已保存] output\2026-04-02\银行\招标公告_江门市工业和信息化局关于公开遴选江门市中小企业数字化转型预拨付奖补资金监管合作银行的公告_071130.json

  [5/40] 标题: 恒丰银行股份有限公司苏州分行关于恒丰银行苏州吴中支行原租赁网点装饰物拆除工程
      [科技识别] 标题是否科技相关: 否
      [SKIP] 标题非科技相关，不进入详情爬取

  [6/40] 标题: 中信银行“2026-2027年视频会议系统驻场服务采购项目”供应商征集公告
      [科技识别] 标题是否科技相关: 否
      [SKIP] 标题非科技相关，不进入详情爬取

  [7/40] 标题: 关于“中信银行马坡机房基础设施运维管理咨询服务项目”供应商征集公告
      [科技识别] 标题是否科技相关: 是
      [过滤-排除词] 未命中，通过
      [过滤-关键词] 包含「银行」，通过
      [OK] 通过全部筛选，进入详情爬取
    [已保存] output\2026-04-02\银行\招标公告_关于“中信银行马坡机房基础设施运维管理咨询服务项目”供应商征集公告_071207.json

  [8/40] 标题: 中国光大银行广州分行广东主流媒体广告投放项目（第二次）中标候选人公示
      [科技识别] 标题是否科技相关: 否
      [SKIP] 标题非科技相关，不进入详情爬取

  [9/40] 标题: 中信银行“安全运营管理系统架构升级和信创改造采购项目”供应商征集公告
      [科技识别] 标题是否科技相关: 是
      [过滤-排除词] 未命中，通过
      [过滤-关键词] 包含「银行」，通过
      [OK] 通过全部筛选，进入详情爬取
    [已保存] output\2026-04-02\银行\招标公告_中信银行“安全运营管理系统架构升级和信创改造采购项目”供应商征集公告_071245.json

  [10/40] 标题: 中信银行“关于入围全行危险废弃蓄电池报废处置服务商项目”供应商征集公告
      [科技识别] 标题是否科技相关: 否
      [SKIP] 标题非科技相关，不进入详情爬取

  [11/40] 标题: 杭州文化产权交易所关于山东临沂罗庄农村商业银行个人股权7万股公开竞价的公告(第一次)
      [科技识别] 标题是否科技相关: 否
      [SKIP] 标题非科技相关，不进入详情爬取

  [12/40] 标题: 中国建设银行股份有限公司韶关市分行韶关市武江区光孝路6号第一幢地下层至第五层及第二十层、第…
      [科技识别] 标题是否科技相关: 否
      [SKIP] 标题非科技相关，不进入详情爬取

  [13/40] 标题: 山西阳曲农村商业银行股份有限公司绩效管理咨询服务采购项目(001标段)中标候选人公示
      [科技识别] 标题是否科技相关: 否
      [SKIP] 标题非科技相关，不进入详情爬取

  [14/40] 标题: 黑龙江省水利水电集团有限公司亚洲开发银行贷款重庆市龙溪河环境综合整治与生态保护示范项目-长…
      [科技识别] 标题是否科技相关: 否
      [SKIP] 标题非科技相关，不进入详情爬取

  [15/40] 标题: 中国银行大兴安岭分行与大兴安岭实验中学智慧食堂新增设备项目-竞争性谈判公告
      [科技识别] 标题是否科技相关: 否
      [SKIP] 标题非科技相关，不进入详情爬取

  [16/40] 标题: 广发银行郑州分行分行办公区域及同城支行绿植租摆服务项目-结果公示
      [科技识别] 标题是否科技相关: 否
      [SKIP] 标题非科技相关，不进入详情爬取

  [17/40] 标题: 恒丰银行黄务数据中心机房二期扩容建设施工项目恒丰银行黄务数据中心机房二期扩容建设施工项目变…
      [科技识别] 标题是否科技相关: 是
      [过滤-排除词] 未命中，通过
      [过滤-关键词] 包含「银行」，通过
      [OK] 通过全部筛选，进入详情爬取
    [已保存] output\2026-04-02\银行\招标公告_恒丰银行黄务数据中心机房二期扩容建设施工项目恒丰银行黄务数据中心机房二期扩容建设施工项目变更公告_071322.json

  [18/40] 标题: 中国工商银行承德分行自动柜员机集中装卸钞外包服务项目中标候选人公示
      [科技识别] 标题是否科技相关: 否
      [SKIP] 标题非科技相关，不进入详情爬取

  [19/40] 标题: 蒙城农商银行三义支行营业网点装修改造工程招标公告
      [科技识别] 标题是否科技相关: 否
      [SKIP] 标题非科技相关，不进入详情爬取

  [20/40] 标题: 廊坊银行石家庄分行保安服务采购项目单一来源公告
      [科技识别] 标题是否科技相关: 否
      [SKIP] 标题非科技相关，不进入详情爬取

  [21/40] 标题: 中国工商银行福建省分行宣传用品供应商增聘项目变更公告
      [科技识别] 标题是否科技相关: 否
      [SKIP] 标题非科技相关，不进入详情爬取

  [22/40] 标题: 阜阳颍东农商银行营业部装修改造工程招标公告
      [科技识别] 标题是否科技相关: 否
      [SKIP] 标题非科技相关，不进入详情爬取

  [23/40] 标题: 中国邮政储蓄银行天津分行数字社保建设服务采购项目(包7迁移服务)中标候选人公示
      [科技识别] 标题是否科技相关: 否
      [SKIP] 标题非科技相关，不进入详情爬取

  [24/40] 标题: 广发银行股份有限公司新乡分行档案管理服务外包采购项目招标公告
      [科技识别] 标题是否科技相关: 否
      [SKIP] 标题非科技相关，不进入详情爬取

  [25/40] 标题: 成都银行专项金融债券、普通金融债券承销商采购项目（第二次）项目评标结果公示
      [科技识别] 标题是否科技相关: 否
      [SKIP] 标题非科技相关，不进入详情爬取

  [26/40] 标题: 中国邮政储蓄银行天津分行数字社保建设服务采购项目(包8专业服务)中标候选人公示
      [科技识别] 标题是否科技相关: 否
      [SKIP] 标题非科技相关，不进入详情爬取

  [27/40] 标题: 中信银行总行三个办公区餐饮智盘系统设备设施维保服务项目供应商征集公告
      [科技识别] 标题是否科技相关: 否
      [SKIP] 标题非科技相关，不进入详情爬取

  [28/40] 标题: 中国邮政储蓄银行红河州分行2026-2028年法律服务入围采购公开竞争性磋商公告
      [科技识别] 标题是否科技相关: 否
      [SKIP] 标题非科技相关，不进入详情爬取

  [29/40] 标题: 中国银行股份有限公司安庆分行监控中心值机服务外包项目评标结果公示
      [科技识别] 标题是否科技相关: 否
      [SKIP] 标题非科技相关，不进入详情爬取

  [30/40] 标题: 中国进出口银行河南省分行LB集团境外资产并购专项律师服务项目成交结果公告
      [科技识别] 标题是否科技相关: 否
      [SKIP] 标题非科技相关，不进入详情爬取

  [31/40] 标题: 建设银行菏泽分行单县支行营业办公楼消防改造项目候选供应商征集公告
      [科技识别] 标题是否科技相关: 否
      [SKIP] 标题非科技相关，不进入详情爬取

  [32/40] 标题: 中国邮政储蓄银行天津分行数字社保建设服务采购项目（包6基金财务）中标候选人公示
      [科技识别] 标题是否科技相关: 否
      [SKIP] 标题非科技相关，不进入详情爬取

  [33/40] 标题: 宁夏青铜峡农村商业银行股份有限公司关于永宁县万科理想新都苑东区13号楼2-1302室出售的…
      [科技识别] 标题是否科技相关: 否
      [SKIP] 标题非科技相关，不进入详情爬取

  [34/40] 标题: 宁夏青铜峡农村商业银行股份有限公司关于青铜峡农商行关于青铜峡市佳旺家私城225号营业房的公…
      [科技识别] 标题是否科技相关: 否
      [SKIP] 标题非科技相关，不进入详情爬取

  [35/40] 标题: 宁夏青铜峡农村商业银行股份有限公司关于银川市金凤区居安家园6号楼1-1101出售的公告(第…
      [科技识别] 标题是否科技相关: 否
      [SKIP] 标题非科技相关，不进入详情爬取

  [36/40] 标题: 广东封开农村商业银行股份有限公司关于封开县长岗镇长岗街的房产的公告(第二次)
      [科技识别] 标题是否科技相关: 否
      [SKIP] 标题非科技相关，不进入详情爬取

  [37/40] 标题: 中国农业银行股份有限公司吉林市江北支行关于繁育母猪85头的公告(第一次)
      [科技识别] 标题是否科技相关: 否
      [SKIP] 标题非科技相关，不进入详情爬取

  [38/40] 标题: 广东封开农村商业银行股份有限公司关于江口镇解放路一巷3号第四层的房产的公告(第二次)
      [科技识别] 标题是否科技相关: 否
      [SKIP] 标题非科技相关，不进入详情爬取

  [39/40] 标题: 宁夏青铜峡农村商业银行股份有限公司关于永宁逸兰汐七期2号楼1-2602处置的公告(重新处置…
      [科技识别] 标题是否科技相关: 否
      [SKIP] 标题非科技相关，不进入详情爬取

  [40/40] 标题: 广东封开农村商业银行股份有限公司关于江口镇解放路一巷3号第三层的房产的公告(第二次)
      [科技识别] 标题是否科技相关: 否
      [SKIP] 标题非科技相关，不进入详情爬取

  [第 14 页]
  [DEBUG] 已检测到「条信息」，按整页详情链接解析
      [WARN] 未找到 .ssjg-leixing，info_type 将记为采招信息
  本页找到 40 条结果

  [1/40] 标题: 广东封开农村商业银行股份有限公司关于封开县江口街道红卫路138号（首层及202-602房）…
      [科技识别] 标题是否科技相关: 否
      [SKIP] 标题非科技相关，不进入详情爬取

  [2/40] 标题: 宁夏青铜峡农村商业银行股份有限公司关于贺兰县水木兰亭8号楼1号出售的公告(第一次)
      [科技识别] 标题是否科技相关: 否
      [SKIP] 标题非科技相关，不进入详情爬取

  [3/40] 标题: 河南农村商业银行股份有限公司义马支行2026年度武装押运服务项目（二次）流标公告
      [科技识别] 标题是否科技相关: 否
      [SKIP] 标题非科技相关，不进入详情爬取

  [4/40] 标题: 中国银行股份有限公司江苏省分行元方综合管理平台数智普惠2026年升级项目结果公示
      [科技识别] 标题是否科技相关: 是
      [过滤-排除词] 未命中，通过
      [过滤-关键词] 包含「银行」，通过
      [OK] 通过全部筛选，进入详情爬取
    [已保存] output\2026-04-02\银行\中标结果_中国银行股份有限公司江苏省分行元方综合管理平台数智普惠2026年升级项目结果公示_071446.json

  [5/40] 标题: 泸州银行股份有限公司新核心业务系统项目群-IT基础软硬件扩容改造项目第一批次-基础软件公开…
      [科技识别] 标题是否科技相关: 是
      [过滤-排除词] 未命中，通过
      [过滤-关键词] 包含「银行」，通过
      [OK] 通过全部筛选，进入详情爬取
    [已保存] output\2026-04-02\银行\招标公告_泸州银行股份有限公司新核心业务系统项目群-IT基础软硬件扩容改造项目第一批次-基础软件公开招标招标公告_071523.json

  [6/40] 标题: 交通银行沈阳辽河支行物防工程采购项目流标公告
      [科技识别] 标题是否科技相关: 否
      [SKIP] 标题非科技相关，不进入详情爬取

  [7/40] 标题: 中国工商银行本溪分行车辆维修定点集中采购项目（四次）废标公告
      [科技识别] 标题是否科技相关: 否
      [SKIP] 标题非科技相关，不进入详情爬取

  [8/40] 标题: 中信银行苏州分行智慧校园建设项目中标候选人公示
      [科技识别] 标题是否科技相关: 否
      [SKIP] 标题非科技相关，不进入详情爬取

  [9/40] 标题: 中国邮政储蓄银行股份有限公司淮南市分行寿县及凤台县支行2026-2027年物业管理服务采购…
      [科技识别] 标题是否科技相关: 否
      [SKIP] 标题非科技相关，不进入详情爬取

  [10/40] 标题: 中国银行股份有限公司宜春市分行全辖营业网点及门卫保安服务项目中选候选人公示
      [科技识别] 标题是否科技相关: 否
      [SKIP] 标题非科技相关，不进入详情爬取

  [11/40] 标题: 中国建设银行泰安分行国际业务快递服务项目供应商征集公告
      [科技识别] 标题是否科技相关: 否
      [SKIP] 标题非科技相关，不进入详情爬取

  [12/40] 标题: 中信银行“中信银行存量服务器证书替换采购项目”供应商征集公告
      [科技识别] 标题是否科技相关: 是
      [过滤-排除词] 未命中，通过
      [过滤-关键词] 包含「银行」，通过
      [OK] 通过全部筛选，进入详情爬取
    [已保存] output\2026-04-02\银行\招标公告_中信银行“中信银行存量服务器证书替换采购项目”供应商征集公告_071559.json

  [13/40] 标题: 郑州分行“广发银行股份有限公司新乡分行档案管理服务外包采购项目”的采购公告
      [科技识别] 标题是否科技相关: 否
      [SKIP] 标题非科技相关，不进入详情爬取

  [14/40] 标题: 哈尔滨银行湖仓一体数据底座DWS节点扩容项目招标公告
      [科技识别] 标题是否科技相关: 否
      [SKIP] 标题非科技相关，不进入详情爬取

  [15/40] 标题: 招商银行股份有限公司唐山北新道支行装修项目-建设工程消防验收备案
      [科技识别] 标题是否科技相关: 否
      [SKIP] 标题非科技相关，不进入详情爬取

  [16/40] 标题: (市交易中心)江苏银行金融科技中心建设项目监理招标公告
      [科技识别] 标题是否科技相关: 否
      [SKIP] 标题非科技相关，不进入详情爬取

  [17/40] 标题: 谷城县公共资源交易中心国有土地使用权出让保证金过渡账户合作银行遴选项目竞争性磋商公告
      [科技识别] 标题是否科技相关: 否
      [SKIP] 标题非科技相关，不进入详情爬取

  [18/40] 标题: 余姚市泗门城市建设投资开发有限公司及工会委员会资金竞争性存放承办银行招标项目
      [科技识别] 标题是否科技相关: 否
      [SKIP] 标题非科技相关，不进入详情爬取

  [19/40] 标题: 【谷城县中心】谷城县公共资源交易中心国有土地使用权出让保证金过渡账户合作银行遴选项目竞争性…
      [科技识别] 标题是否科技相关: 否
      [SKIP] 标题非科技相关，不进入详情爬取

  [20/40] 标题: 桂林银行网点服务效能提升项目（GYJC2026037）采购结果公告
      [科技识别] 标题是否科技相关: 否
      [SKIP] 标题非科技相关，不进入详情爬取

  [21/40] 标题: 中国工商银行承德分行自动柜员机集中装卸钞外包服务项目
      [科技识别] 标题是否科技相关: 否
      [SKIP] 标题非科技相关，不进入详情爬取

  [22/40] 标题: 凉山农商银行监控硬盘采购项目中标结果公告
      [科技识别] 标题是否科技相关: 否
      [SKIP] 标题非科技相关，不进入详情爬取

  [23/40] 标题: 兴业银行深圳分行关于消防维保服务项目供应商征集调研公告
      [科技识别] 标题是否科技相关: 否
      [SKIP] 标题非科技相关，不进入详情爬取

  [24/40] 标题: 中国邮政储蓄银行大理州分行2026-2028年法律服务入围采购公开竞争性磋商公告
      [科技识别] 标题是否科技相关: 否
      [SKIP] 标题非科技相关，不进入详情爬取

  [25/40] 标题: 2026年吉林联松原市分公司某银行流量网关、上网行为管理设备询比采购项目—询比采购公告
      [科技识别] 标题是否科技相关: 否
      [SKIP] 标题非科技相关，不进入详情爬取

  [26/40] 标题: 中国邮政储蓄银行股份有限公司湖北省分行2026年大众客户数字化营销服务采购项目（二次）合同…
      [科技识别] 标题是否科技相关: 是
      [过滤-排除词] 未命中，通过
      [过滤-关键词] 包含「银行」，通过
      [OK] 通过全部筛选，进入详情爬取
    [已保存] output\2026-04-02\银行\中标结果_中国邮政储蓄银行股份有限公司湖北省分行2026年大众客户数字化营销服务采购项目（二次）合同签订及成交结果公告_071631.json

  [27/40] 标题: 中国邮政储蓄银行永州市分行物业服务采购项目成交结果公告
      [科技识别] 标题是否科技相关: 否
      [SKIP] 标题非科技相关，不进入详情爬取

  [28/40] 标题: 中国光大银行股份有限公司泰州分行2026-2028年物业服务项目中标候选人公示
      [科技识别] 标题是否科技相关: 否
      [SKIP] 标题非科技相关，不进入详情爬取

  [29/40] 标题: 交通银行江苏省分行南京航空航天大学智慧校园财务支付结算云平台项目招标公告
      [科技识别] 标题是否科技相关: 是
      [过滤-排除词] 未命中，通过
      [过滤-关键词] 包含「银行」，通过
      [OK] 通过全部筛选，进入详情爬取
    [已保存] output\2026-04-02\银行\招标公告_交通银行江苏省分行南京航空航天大学智慧校园财务支付结算云平台项目招标公告_071700.json

  [30/40] 标题: 烟台农村商业银行股份有限公司干海产品供应商入围采购项目谈判采购公告
      [科技识别] 标题是否科技相关: 否
      [SKIP] 标题非科技相关，不进入详情爬取

  [31/40] 标题: 招商银行九江分行会议室综合布线项目供应商征集公告
      [科技识别] 标题是否科技相关: 否
      [SKIP] 标题非科技相关，不进入详情爬取

  [32/40] 标题: 成都银行二级资本债承销商采购项目评标结果公示
      [科技识别] 标题是否科技相关: 否
      [SKIP] 标题非科技相关，不进入详情爬取

  [33/40] 标题: 山西银行长治分行报废资产竞价公告
      [科技识别] 标题是否科技相关: 否
      [SKIP] 标题非科技相关，不进入详情爬取

  [34/40] 标题: 沧州银行个人信息保护咨询服务项目中标公告
      [科技识别] 标题是否科技相关: 否
      [SKIP] 标题非科技相关，不进入详情爬取

  [35/40] 标题: 中国邮政储蓄银行富嘉客户非金融权益服务采购项目（包3国内教育咨询服务）（第二次）中标候选人…
      [科技识别] 标题是否科技相关: 否
      [SKIP] 标题非科技相关，不进入详情爬取

  [36/40] 标题: 湖南银行消费金融个贷辅助管理服务外包项目中标候选人公示
      [科技识别] 标题是否科技相关: 否
      [SKIP] 标题非科技相关，不进入详情爬取

  [37/40] 标题: 中信银行信息技术研发基地项目高压电缆敷设工程供应商征集公告
      [科技识别] 标题是否科技相关: 否
      [SKIP] 标题非科技相关，不进入详情爬取

  [38/40] 标题: 兴业银行深圳分行关于消防维保服务项目供应商征集调研公告
      [科技识别] 标题是否科技相关: 否
      [SKIP] 标题非科技相关，不进入详情爬取

  [39/40] 标题: 中国人民银行广东省分行采购钞票处理业务劳务外包项目(二次)中标结果公告
      [科技识别] 标题是否科技相关: 否
      [SKIP] 标题非科技相关，不进入详情爬取

  [40/40] 标题: 齐鲁银行聊城分行公务车采购项目（红旗）
      [科技识别] 标题是否科技相关: 否
      [SKIP] 标题非科技相关，不进入详情爬取

  [第 15 页]
  [DEBUG] 已检测到「条信息」，按整页详情链接解析
      [WARN] 未找到 .ssjg-leixing，info_type 将记为采招信息
  本页找到 40 条结果

  [1/40] 标题: 中国工商银行数据中心西三旗金融科技创新基地建设规划综合实施方案咨询服务项目[招标公告]
      [科技识别] 标题是否科技相关: 是
      [过滤-排除词] 未命中，通过
      [过滤-关键词] 包含「银行」，通过
      [OK] 通过全部筛选，进入详情爬取
    [已保存] output\2026-04-02\银行\招标公告_中国工商银行数据中心西三旗金融科技创新基地建设规划综合实施方案咨询服务项目[招标公告]_071831.json

  [2/40] 标题: 中国银行股份有限公司福清分行现金库房、保管箱库房安装气体灭火系统工程项目（四次）采购结果公…
      [科技识别] 标题是否科技相关: 否
      [SKIP] 标题非科技相关，不进入详情爬取

  [3/40] 标题: 青海省农商银行（农信社）系统全面风险管理系统建设项目询比公告
      [科技识别] 标题是否科技相关: 是
      [过滤-排除词] 未命中，通过
      [过滤-关键词] 包含「银行」，通过
      [OK] 通过全部筛选，进入详情爬取
    [已保存] output\2026-04-02\银行\招标公告_青海省农商银行（农信社）系统全面风险管理系统建设项目询比公告_071907.json

  [4/40] 标题: 青海省农商银行（农信社）系统2026年度通用软件采购项目-国产中间件-东方通（第二次发布）…
      [科技识别] 标题是否科技相关: 是
      [过滤-排除词] 未命中，通过
      [过滤-关键词] 包含「银行」，通过
      [OK] 通过全部筛选，进入详情爬取
    [已保存] output\2026-04-02\银行\招标公告_青海省农商银行（农信社）系统2026年度通用软件采购项目-国产中间件-东方通（第二次发布）竞价采购公告_071935.json

  [5/40] 标题: 江西?农商银行“两馆”电子设备、中控系统维修及改造项目
      [科技识别] 标题是否科技相关: 否
      [SKIP] 标题非科技相关，不进入详情爬取

  [6/40] 标题: 嘉兴银行计算机辅助审计系统开发项目采购公告
      [科技识别] 标题是否科技相关: 否
      [SKIP] 标题非科技相关，不进入详情爬取

  [7/40] 标题: 中国进出口银行江西省分行2026年-2027年度赣州租车服务项目采购终止公告
      [科技识别] 标题是否科技相关: 否
      [SKIP] 标题非科技相关，不进入详情爬取

  [8/40] 标题: 中国人民银行延边朝鲜族自治州分行安图营业管理部中国人民银行延边州分行安图营业管理部电子耗材…
      [科技识别] 标题是否科技相关: 否
      [SKIP] 标题非科技相关，不进入详情爬取

  [9/40] 标题: 广东封开农村商业银行股份有限公司关于封开县江口街道河堤二路10号首层第1-2卡铺的公告(第…
      [科技识别] 标题是否科技相关: 否
      [SKIP] 标题非科技相关，不进入详情爬取

  [10/40] 标题: 亳州药都农商银行双层玻璃杯采购项目
      [科技识别] 标题是否科技相关: 否
      [SKIP] 标题非科技相关，不进入详情爬取

  [11/40] 标题: 广东封开农村商业银行股份有限公司关于封开县平凤镇平岗街的房产的公告(第一次)
      [科技识别] 标题是否科技相关: 否
      [SKIP] 标题非科技相关，不进入详情爬取

  [12/40] 标题: 广东封开农村商业银行股份有限公司关于江口镇大塘一路128号（广信嘉园）第一栋11p3至11…
      [科技识别] 标题是否科技相关: 否
      [SKIP] 标题非科技相关，不进入详情爬取

  [13/40] 标题: 广东封开农村商业银行股份有限公司关于封开县渔涝镇解放路65号的房产的公告(第一次)
      [科技识别] 标题是否科技相关: 否
      [SKIP] 标题非科技相关，不进入详情爬取

  [14/40] 标题: 广东封开农村商业银行股份有限公司关于江口镇解放路一巷3号601房的房产的公告(第二次)
      [科技识别] 标题是否科技相关: 否
      [SKIP] 标题非科技相关，不进入详情爬取

  [15/40] 标题: 广东封开农村商业银行股份有限公司关于封开县江口街道解放路五巷2号的公告(第一次)
      [科技识别] 标题是否科技相关: 否
      [SKIP] 标题非科技相关，不进入详情爬取

  [16/40] 标题: 兴业银行保定分行本部新址装修改造项目-建设工程消防验收备案【竞秀区】
      [科技识别] 标题是否科技相关: 否
      [SKIP] 标题非科技相关，不进入详情爬取

  [17/40] 标题: 广东封开农村商业银行股份有限公司关于封开县江口街道封州一路53号的房产的公告(第一次)
      [科技识别] 标题是否科技相关: 否
      [SKIP] 标题非科技相关，不进入详情爬取

  [18/40] 标题: 宁夏青铜峡农村商业银行股份有限公司关于宁夏青铜峡农商行关于青铜峡汉坝东街11号楼2-501…
      [科技识别] 标题是否科技相关: 否
      [SKIP] 标题非科技相关，不进入详情爬取

  [19/40] 标题: 广东封开农村商业银行股份有限公司关于江口镇解放路一巷3号第二层的房产的公告(第二次)
      [科技识别] 标题是否科技相关: 否
      [SKIP] 标题非科技相关，不进入详情爬取

  [20/40] 标题: 中国银行股份有限公司信阳分行在岗员工健步走运动鞋采购项目竞争性磋商公告
      [科技识别] 标题是否科技相关: 否
      [SKIP] 标题非科技相关，不进入详情爬取

  [21/40] 标题: 长沙分行“广发银行股份有限公司长沙分行招标代理服务”的采购公告
      [科技识别] 标题是否科技相关: 否
      [SKIP] 标题非科技相关，不进入详情爬取

  [22/40] 标题: 乐山市商业银行成都业务中心7楼、34楼局部改造工程中标（成交）结果公告
      [科技识别] 标题是否科技相关: 否
      [SKIP] 标题非科技相关，不进入详情爬取

  [23/40] 标题: 关于江西农村商业联合银行股份有限公司2025年度基础软硬件采购(第一批次)项目（标段3）（…
      [科技识别] 标题是否科技相关: 否
      [SKIP] 标题非科技相关，不进入详情爬取

  [24/40] 标题: 关于江西农村商业联合银行股份有限公司2025年度基础软硬件采购(第一批次)项目（标段5）（…
      [科技识别] 标题是否科技相关: 否
      [SKIP] 标题非科技相关，不进入详情爬取

  [25/40] 标题: 关于江西农村商业联合银行股份有限公司2025年度基础软硬件采购(第一批次)项目（标段1）（…
      [科技识别] 标题是否科技相关: 否
      [SKIP] 标题非科技相关，不进入详情爬取

  [26/40] 标题: 关于江西农村商业联合银行股份有限公司2025年度基础软硬件采购(第一批次)项目（标段2）（…
      [科技识别] 标题是否科技相关: 否
      [SKIP] 标题非科技相关，不进入详情爬取

  [27/40] 标题: 关于中国工商银行南昌分行南昌支行营业厅消防系统改造工程企业投资项目备案的业务
      [科技识别] 标题是否科技相关: 是
      [过滤-排除词] 命中「消防」→ 跳过

  [28/40] 标题: 关于中国工商银行南昌分行南昌支行营业厅消防系统改造工程企业投资项目备案的业务
      [科技识别] 标题是否科技相关: 是
      [过滤-排除词] 命中「消防」→ 跳过

  [29/40] 标题: 关于江西农村商业联合银行股份有限公司2025年度基础软硬件采购(第一批次)项目（标段4）（…
      [科技识别] 标题是否科技相关: 否
      [SKIP] 标题非科技相关，不进入详情爬取

  [30/40] 标题: 泸州银行成都分行2026年线上渠道权益平台持续建设采购项目中标候选人公示
      [科技识别] 标题是否科技相关: 是
      [过滤-排除词] 未命中，通过
      [过滤-关键词] 包含「银行」，通过
      [OK] 通过全部筛选，进入详情爬取
    [PDF] 路由拦截成功，共 59129 字节
    [PDF] 扫描版/少字 PDF 共 2 页，转为图片 OCR...
    [OCR] 识别第 1/2 页 ...
    [OCR] 识别第 2/2 页 ...
    [OCR] 全部 2 页识别完成
    [PDF] 响应拦截解析完成，共 533 字
    [已保存] output\2026-04-02\银行\中标结果_泸州银行成都分行2026年线上渠道权益平台持续建设采购项目中标候选人公示_072013.json

  [31/40] 标题: 中国光大银行贵阳分行2026-2027年度员工生日蛋糕券项目（二次）采购公告
      [科技识别] 标题是否科技相关: 否
      [SKIP] 标题非科技相关，不进入详情爬取

  [32/40] 标题: 阿坝农商银行茂县支行营业部提升改造项目
      [科技识别] 标题是否科技相关: 否
      [SKIP] 标题非科技相关，不进入详情爬取

  [33/40] 标题: 凉山农商银行人事档案室基础设备采购项目中标结果公告
      [科技识别] 标题是否科技相关: 否
      [SKIP] 标题非科技相关，不进入详情爬取

  [34/40] 标题: 中国建设银行天津市分行2026年信用卡外包服务及普惠金融外呼服务外包项目招标公告
      [科技识别] 标题是否科技相关: 否
      [SKIP] 标题非科技相关，不进入详情爬取

  [35/40] 标题: 哈尔滨银行重庆分行抵债资产财产保险项目（第三次）流标公示
      [科技识别] 标题是否科技相关: 否
      [SKIP] 标题非科技相关，不进入详情爬取

  [36/40] 标题: 中国光大银行贵阳分行2026年信用卡场景流量获客项目采购公告
      [科技识别] 标题是否科技相关: 否
      [SKIP] 标题非科技相关，不进入详情爬取

  [37/40] 标题: 本溪银行花园支行装修改造工程-装饰装修工程中标结果公示
      [科技识别] 标题是否科技相关: 否
      [SKIP] 标题非科技相关，不进入详情爬取

  [38/40] 标题: 浙江天钫工程管理咨询有限公司关于湖州银行总体压力测试及外包风险管理咨询服务项目中标(成交)…
      [科技识别] 标题是否科技相关: 否
      [SKIP] 标题非科技相关，不进入详情爬取

  [39/40] 标题: 中国建设银行河南省分行商丘分行商丘凯旋南路支行营业用房新租采购项目征集公告
      [科技识别] 标题是否科技相关: 否
      [SKIP] 标题非科技相关，不进入详情爬取

  [40/40] 标题: 中国银行股份有限公司锦州分行信用卡部个人不良贷款法律诉讼律师项目结果公告
      [科技识别] 标题是否科技相关: 否
      [SKIP] 标题非科技相关，不进入详情爬取

  [第 16 页]
  [DEBUG] 已检测到「条信息」，按整页详情链接解析
      [WARN] 未找到 .ssjg-leixing，info_type 将记为采招信息
  本页找到 40 条结果

  [1/40] 标题: 华润银行2台公务车处置项目公告
      [科技识别] 标题是否科技相关: 否
      [SKIP] 标题非科技相关，不进入详情爬取

  [2/40] 标题: 长沙银行2026年数据中心硬件资源集中采购(第一批)项目(第二次）中标候选人公示
      [科技识别] 标题是否科技相关: 是
      [过滤-排除词] 未命中，通过
      [过滤-关键词] 包含「银行」，通过
      [OK] 通过全部筛选，进入详情爬取
    [PDF] 路由拦截成功，共 156922 字节
    [PDF] 响应拦截解析完成，共 1552 字
    [已保存] output\2026-04-02\银行\中标结果_长沙银行2026年数据中心硬件资源集中采购(第一批)项目(第二次）中标候选人公示_072133.json

  [3/40] 标题: 中国建设银行泉州分行泉州分行营业场所报警联网服务采购项目供应商征集公告
      [科技识别] 标题是否科技相关: 否
      [SKIP] 标题非科技相关，不进入详情爬取

  [4/40] 标题: 兴业银行南昌分行2026年零售收单业务项目中标候选人公示
      [科技识别] 标题是否科技相关: 否
      [SKIP] 标题非科技相关，不进入详情爬取

  [5/40] 标题: 磐安农商银行总行食堂蔬菜配送服务采购招标预中标公告
      [科技识别] 标题是否科技相关: 否
      [SKIP] 标题非科技相关，不进入详情爬取

  [6/40] 标题: 中国农业发展银行自贡市分行辖内（自贡市沿滩区支行、荣县支行、富顺县支行）物业外包服务项目中…
      [科技识别] 标题是否科技相关: 否
      [SKIP] 标题非科技相关，不进入详情爬取

  [7/40] 标题: 兴业银行南昌分行2026年度信用卡司法清收服务项目中标候选人公示
      [科技识别] 标题是否科技相关: 否
      [SKIP] 标题非科技相关，不进入详情爬取

  [8/40] 标题: 北京银行乌鲁木齐分行2026-2029年押运服务项目竞争性磋商公告
      [科技识别] 标题是否科技相关: 否
      [SKIP] 标题非科技相关，不进入详情爬取

  [9/40] 标题: 关于浙商银行全国电力数据采购的公开招标公告
      [科技识别] 标题是否科技相关: 否
      [SKIP] 标题非科技相关，不进入详情爬取

  [10/40] 标题: 贵州银行2026—2028年行服采购项目招标采购公告-中标结果公示
      [科技识别] 标题是否科技相关: 否
      [SKIP] 标题非科技相关，不进入详情爬取

  [11/40] 标题: 东莞市财政局横沥分局代管资金财政专户代理银行服务招标公告
      [科技识别] 标题是否科技相关: 否
      [SKIP] 标题非科技相关，不进入详情爬取

  [12/40] 标题: 山西昔阳农村商业银行股份有限公司保洁服务项目(001标段)竞争性磋商成交结果公告
      [科技识别] 标题是否科技相关: 否
      [SKIP] 标题非科技相关，不进入详情爬取

  [13/40] 标题: 中国民生银行股份有限公司兰州分行网络防火墙硬件设备采购征询公告
      [科技识别] 标题是否科技相关: 是
      [过滤-排除词] 未命中，通过
      [过滤-关键词] 包含「银行」，通过
      [OK] 通过全部筛选，进入详情爬取
    [已保存] output\2026-04-02\银行\招标公告_中国民生银行股份有限公司兰州分行网络防火墙硬件设备采购征询公告_072211.json

  [14/40] 标题: 中国银行股份有限公司温州分行关于“瑞安市支行2026-2028年度宣传品、服务用品等制作印…
      [科技识别] 标题是否科技相关: 否
      [SKIP] 标题非科技相关，不进入详情爬取

  [15/40] 标题: 中国光大银行股份有限公司泰州分行2026-2027年食堂服务项目中标候选人公示
      [科技识别] 标题是否科技相关: 否
      [SKIP] 标题非科技相关，不进入详情爬取

  [16/40] 标题: 泸州银行股份有限公司常年法律顾问服务项目招标公告
      [科技识别] 标题是否科技相关: 否
      [SKIP] 标题非科技相关，不进入详情爬取

  [17/40] 标题: 宁夏青铜峡农村商业银行股份有限公司关于青铜峡农商行银川市兴庆区民生如院4号楼2单元1001…
      [科技识别] 标题是否科技相关: 否
      [SKIP] 标题非科技相关，不进入详情爬取

  [18/40] 标题: 贵州银行2026—2028年行服采购项目中标结果公示
      [科技识别] 标题是否科技相关: 否
      [SKIP] 标题非科技相关，不进入详情爬取

  [19/40] 标题: 宁夏青铜峡农村商业银行股份有限公司关于永宁县万科理想新都苑东区15号楼2-1102室出售的…
      [科技识别] 标题是否科技相关: 否
      [SKIP] 标题非科技相关，不进入详情爬取

  [20/40] 标题: 【建行自采】建设银行哈尔滨培训中心通信技术服务采购结果信息公开
      [科技识别] 标题是否科技相关: 否
      [SKIP] 标题非科技相关，不进入详情爬取

  [21/40] 标题: 广东华润银行股份有限公司华润银行2台公务车处置项目公告
      [科技识别] 标题是否科技相关: 否
      [SKIP] 标题非科技相关，不进入详情爬取

  [22/40] 标题: 内蒙古农村商业银行股份有限公司呼伦贝尔海拉尔区支行关于鄂温克族自治旗祥顺机动车驾驶员培训学…
      [科技识别] 标题是否科技相关: 否
      [SKIP] 标题非科技相关，不进入详情爬取

  [23/40] 标题: 宁夏青铜峡农村商业银行股份有限公司关于银川市兴庆区民生如院4号楼2-1002室的公告(第一…
      [科技识别] 标题是否科技相关: 否
      [SKIP] 标题非科技相关，不进入详情爬取

  [24/40] 标题: 中国工商银行数据中心西三旗金融科技创新基地建设规划综合实施方案咨询服务项目
      [科技识别] 标题是否科技相关: 是
      [过滤-排除词] 未命中，通过
      [过滤-关键词] 包含「银行」，通过
      [OK] 通过全部筛选，进入详情爬取
    [已保存] output\2026-04-02\银行\招标公告_中国工商银行数据中心西三旗金融科技创新基地建设规划综合实施方案咨询服务项目_072248.json

  [25/40] 标题: 内蒙古农村商业银行股份有限公司呼伦贝尔海拉尔区支行关于满洲里市街南侧、新五路西侧、政西四街…
      [科技识别] 标题是否科技相关: 否
      [SKIP] 标题非科技相关，不进入详情爬取

  [26/40] 标题: 中国工商银行数据中心西三旗金融科技创新基地建设规划综合实施方案咨询服务项目[招标公告]-招…
      [科技识别] 标题是否科技相关: 是
      [过滤-排除词] 未命中，通过
      [过滤-关键词] 包含「银行」，通过
      [OK] 通过全部筛选，进入详情爬取
    [已保存] output\2026-04-02\银行\招标公告_中国工商银行数据中心西三旗金融科技创新基地建设规划综合实施方案咨询服务项目[招标公告]-招标公告_072322.json

  [27/40] 标题: 宁夏青铜峡农村商业银行股份有限公司关于永宁县兴郡府二期9号楼2单元402室出售的公告(第一…
      [科技识别] 标题是否科技相关: 否
      [SKIP] 标题非科技相关，不进入详情爬取

  [28/40] 标题: 中信银行苏州分行智慧校园建设项目中标候选人公示
      [科技识别] 标题是否科技相关: 否
      [SKIP] 标题非科技相关，不进入详情爬取

  [29/40] 标题: 亳州药都农商银行双层玻璃杯采购项目候选人公示
      [科技识别] 标题是否科技相关: 否
      [SKIP] 标题非科技相关，不进入详情爬取

  [30/40] 标题: 招商银行采购结果公示（东莞分行国际商务区支行主体装修工程）-DG01-2026030500…
      [科技识别] 标题是否科技相关: 否
      [SKIP] 标题非科技相关，不进入详情爬取

  [31/40] 标题: 亚洲开发银行贷款赤水河流域生态保护与绿色发展项目（绿色产业发展配套道路工程）的招标文件
      [科技识别] 标题是否科技相关: 否
      [SKIP] 标题非科技相关，不进入详情爬取

  [32/40] 标题: 中国银行股份有限公司连云港分行岗位建功先锋典型代表疗休养服务采购项目竞争性磋商公告
      [科技识别] 标题是否科技相关: 否
      [SKIP] 标题非科技相关，不进入详情爬取

  [33/40] 标题: 南京机电产业（集团）有限公司新工产园基础设施公募基金（REITs）托管银行选聘项目-询比公…
      [科技识别] 标题是否科技相关: 否
      [SKIP] 标题非科技相关，不进入详情爬取

  [34/40] 标题: 锡商银行安全内网蜜罐产品采购
      [科技识别] 标题是否科技相关: 否
      [SKIP] 标题非科技相关，不进入详情爬取

  [35/40] 标题: 无锡锡商银行股份有限公司物业管理服务项目
      [科技识别] 标题是否科技相关: 否
      [SKIP] 标题非科技相关，不进入详情爬取

  [36/40] 标题: 蒙商银行股份有限公司通辽分行服务公司提供信用卡逾期清收服务采购项目入围结果公告
      [科技识别] 标题是否科技相关: 否
      [SKIP] 标题非科技相关，不进入详情爬取

  [37/40] 标题: 长安银行股份有限公司企查查企业外部数据采购项目采购公告及单一来源采购前公示
      [科技识别] 标题是否科技相关: 否
      [SKIP] 标题非科技相关，不进入详情爬取

  [38/40] 标题: 亳州药都农商银行双层玻璃杯采购项目-第一次变更
      [科技识别] 标题是否科技相关: 否
      [SKIP] 标题非科技相关，不进入详情爬取

  [39/40] 标题: 中国邮政储蓄银行股份有限公司焦作市分行2026年物业服务采购项目成交候选人公示
      [科技识别] 标题是否科技相关: 否
      [SKIP] 标题非科技相关，不进入详情爬取

  [40/40] 标题: 中原银行股份有限公司商丘分行外包人员服务商丘市公积金业务项目竞争性磋商公告
      [科技识别] 标题是否科技相关: 否
      [SKIP] 标题非科技相关，不进入详情爬取

  [第 17 页]
  [DEBUG] 已检测到「条信息」，按整页详情链接解析
      [WARN] 未找到 .ssjg-leixing，info_type 将记为采招信息
  本页找到 40 条结果

  [1/40] 标题: 中国邮政储蓄银行股份有限公司洛阳市分行2026年工会会员生日蛋糕采购项目单一来源采前公示
      [科技识别] 标题是否科技相关: 否
      [SKIP] 标题非科技相关，不进入详情爬取

  [2/40] 标题: 中国邮政储蓄银行邵阳市分行2026年广告投放项目（第二次）公开竞争性磋商公告
      [科技识别] 标题是否科技相关: 否
      [SKIP] 标题非科技相关，不进入详情爬取

  [3/40] 标题: 中国银行股份有限公司芜湖分行2026年营业机构跑马屏采购项目中标候选人公示
      [科技识别] 标题是否科技相关: 否
      [SKIP] 标题非科技相关，不进入详情爬取

  [4/40] 标题: 中国建设银行广东省分行2026-2028年潮州市分行保安、金库及监控值守服务外包项目供应商…
      [科技识别] 标题是否科技相关: 否
      [SKIP] 标题非科技相关，不进入详情爬取

  [5/40] 标题: 中国银行股份有限公司苏州分行关于苏州分行办公大楼消防系统维修改造（灾备机房服务器区七氟丙烷…
      [科技识别] 标题是否科技相关: 否
      [SKIP] 标题非科技相关，不进入详情爬取

  [6/40] 标题: 广西科文招标有限公司中国人民银行广西壮族自治区分行食材配送服务定点供应商采购（KWZZ5G…
      [科技识别] 标题是否科技相关: 否
      [SKIP] 标题非科技相关，不进入详情爬取

  [7/40] 标题: 贵州银行2026—2028年行服采购项目中标结果公示
      [科技识别] 标题是否科技相关: 否
      [SKIP] 标题非科技相关，不进入详情爬取

  [8/40] 标题: 青岛银行新核心二期基础平台建设项目所需实施服务和现场支持服务项目采购公告
      [科技识别] 标题是否科技相关: 是
      [过滤-排除词] 未命中，通过
      [过滤-关键词] 包含「银行」，通过
      [OK] 通过全部筛选，进入详情爬取
    [已保存] output\2026-04-02\银行\招标公告_青岛银行新核心二期基础平台建设项目所需实施服务和现场支持服务项目采购公告_072452.json

  [9/40] 标题: 【京东拍卖】九江银行合肥分行关于安徽省霍山县经济开发区迎驾大道东段南侧霍山汽贸城9#9-1…
      [科技识别] 标题是否科技相关: 否
      [SKIP] 标题非科技相关，不进入详情爬取

  [10/40] 标题: 贵州银行贵阳分行其他人力服务采购项目（2025年大堂服务和信用卡业务服务人力外包服务）招标…
      [科技识别] 标题是否科技相关: 否
      [SKIP] 标题非科技相关，不进入详情爬取

  [11/40] 标题: 亳州药都农商银行双层玻璃杯采购项目候选人公示
      [科技识别] 标题是否科技相关: 否
      [SKIP] 标题非科技相关，不进入详情爬取

  [12/40] 标题: 广州农村商业银行2026-2028年零售客户机场和高铁贵宾室项目招标公告
      [科技识别] 标题是否科技相关: 否
      [SKIP] 标题非科技相关，不进入详情爬取

  [13/40] 标题: 广州农村商业银行银联支付系统项目中标结果公示
      [科技识别] 标题是否科技相关: 否
      [SKIP] 标题非科技相关，不进入详情爬取

  [14/40] 标题: 招商银行采购结果公示（东莞分行国际商务区支行主体装修工程）
      [科技识别] 标题是否科技相关: 否
      [SKIP] 标题非科技相关，不进入详情爬取

  [15/40] 标题: 凉山农商银行人事档案室基础设备采购项目中标结果公告
      [科技识别] 标题是否科技相关: 否
      [SKIP] 标题非科技相关，不进入详情爬取

  [16/40] 标题: 中国建设银行杭州分行杭州萧山通惠路支行营业用房租赁采购项目单一来源采前公示
      [科技识别] 标题是否科技相关: 否
      [SKIP] 标题非科技相关，不进入详情爬取

  [17/40] 标题: 黄石农村商业银行股份有限公司2026年度职工补充医疗保险采购招标公告
      [科技识别] 标题是否科技相关: 否
      [SKIP] 标题非科技相关，不进入详情爬取

  [18/40] 标题: 中国农业发展银行阿克苏地区分行招标代理服务集中采购项目结果公示
      [科技识别] 标题是否科技相关: 否
      [SKIP] 标题非科技相关，不进入详情爬取

  [19/40] 标题: 天翼支付科技有限公司2025年银行卡收单和备付金业务专项审计项目询比公告
      [科技识别] 标题是否科技相关: 否
      [SKIP] 标题非科技相关，不进入详情爬取

  [20/40] 标题: 2026年临海市头门港科创集团有限公司银行账户招标项目中标结果公告
      [科技识别] 标题是否科技相关: 否
      [SKIP] 标题非科技相关，不进入详情爬取

  [21/40] 标题: 2026-2027年度（两年期）兴业银行借记卡快捷支付（支付宝）专项营销活动项目招标公告
      [科技识别] 标题是否科技相关: 否
      [SKIP] 标题非科技相关，不进入详情爬取

  [22/40] 标题: 2026-2027年度（两年期）兴业银行借记卡快捷支付（微信）专项营销活动项目招标公告
      [科技识别] 标题是否科技相关: 否
      [SKIP] 标题非科技相关，不进入详情爬取

  [23/40] 标题: 2026-2027年度（两年期）兴业银行借记卡快捷支付（京东）专项营销活动项目招标公告
      [科技识别] 标题是否科技相关: 否
      [SKIP] 标题非科技相关，不进入详情爬取

  [24/40] 标题: 贵阳银行安顺分行劳务外包及派遣人员采购项目
      [科技识别] 标题是否科技相关: 否
      [SKIP] 标题非科技相关，不进入详情爬取

  [25/40] 标题: 中国建设银行信用卡中心车辆租赁服务供应商征集公告
      [科技识别] 标题是否科技相关: 否
      [SKIP] 标题非科技相关，不进入详情爬取

  [26/40] 标题: 招商银行苏州分行宣传活动项目供应商征集公告
      [科技识别] 标题是否科技相关: 否
      [SKIP] 标题非科技相关，不进入详情爬取

  [27/40] 标题: 九江银行新余分行2026-2029年新余地区律师服务合作单位入库采购项目
      [科技识别] 标题是否科技相关: 否
      [SKIP] 标题非科技相关，不进入详情爬取

  [28/40] 标题: 徽商银行关于抗量子密码服务平台采购项目招标公告
      [科技识别] 标题是否科技相关: 是
      [过滤-排除词] 未命中，通过
      [过滤-关键词] 包含「银行」，通过
      [OK] 通过全部筛选，进入详情爬取
    [已保存] output\2026-04-02\银行\招标公告_徽商银行关于抗量子密码服务平台采购项目招标公告_072530.json

  [29/40] 标题: 【亚行贷款项目】亚洲开发银行贷款湖南省湘西州农村环境整治和绿色发展项目龙山县里耶历史文化名…
      [科技识别] 标题是否科技相关: 否
      [SKIP] 标题非科技相关，不进入详情爬取

  [30/40] 标题: 内蒙古农村商业银行股份有限公司呼伦贝尔海拉尔区支行关于额尔古纳市拉布达林街道办事处第二登记…
      [科技识别] 标题是否科技相关: 否
      [SKIP] 标题非科技相关，不进入详情爬取

  [31/40] 标题: 宁夏青铜峡农村商业银行股份有限公司关于青铜峡市汉延西区7幢01051的公告(重新处置)
      [科技识别] 标题是否科技相关: 否
      [SKIP] 标题非科技相关，不进入详情爬取

  [32/40] 标题: 宁夏青铜峡农村商业银行股份有限公司关于银川市兴庆区掌镇檀溪鸣翠半岛B区27号楼1单元404…
      [科技识别] 标题是否科技相关: 否
      [SKIP] 标题非科技相关，不进入详情爬取

  [33/40] 标题: 宁夏青铜峡农村商业银行股份有限公司关于永宁县兴郡府二期9号楼2单元201室出售的公告(第二…
      [科技识别] 标题是否科技相关: 否
      [SKIP] 标题非科技相关，不进入详情爬取

  [34/40] 标题: 杭州文化产权交易所有限公司关于【带25年度分红】浙江苍南农村商业银行424187股社会自然…
      [科技识别] 标题是否科技相关: 否
      [SKIP] 标题非科技相关，不进入详情爬取

  [35/40] 标题: 中国建设银行股份有限公司韶关市分行韶关市武江区光孝路6号第一幢地下层至第五层及第二十层、第…
      [科技识别] 标题是否科技相关: 否
      [SKIP] 标题非科技相关，不进入详情爬取

  [36/40] 标题: 亚洲开发银行贷款贵安新区新型城镇化智慧交通体系发展项目(交通运输管理与服务系统建设项目)-…
      [科技识别] 标题是否科技相关: 是
      [过滤-排除词] 未命中，通过
      [过滤-关键词] 包含「银行」，通过
      [OK] 通过全部筛选，进入详情爬取
    [已保存] output\2026-04-02\银行\招标公告_亚洲开发银行贷款贵安新区新型城镇化智慧交通体系发展项目(交通运输管理与服务系统建设项目)-综合交通运行指挥中心软硬件建设(EQ505)代建服务（二次）采购公告_072607.json

  [37/40] 标题: 中国民生银行股份有限公司兰州分行监控硬盘采购项目评审结果公示
      [科技识别] 标题是否科技相关: 否
      [SKIP] 标题非科技相关，不进入详情爬取

  [38/40] 标题: 中国银行股份有限公司北京市分行北京中医药大学行政事业场景建设类固定资产采购项目04包采购邀…
      [科技识别] 标题是否科技相关: 否
      [SKIP] 标题非科技相关，不进入详情爬取

  [39/40] 标题: 中国银行股份有限公司苏州分行关于苏州分行办公大楼消防系统维修改造（灾备机房服务器区七氟丙烷…
      [科技识别] 标题是否科技相关: 否
      [SKIP] 标题非科技相关，不进入详情爬取

  [40/40] 标题: 中国银行股份有限公司北京市分行北京中医药大学行政事业场景建设类固定资产采购项目08包采购邀…
      [科技识别] 标题是否科技相关: 否
      [SKIP] 标题非科技相关，不进入详情爬取

  [第 18 页]
  [DEBUG] 已检测到「条信息」，按整页详情链接解析
      [WARN] 未找到 .ssjg-leixing，info_type 将记为采招信息
  本页找到 40 条结果

  [1/40] 标题: 西山路东侧商业银行地块-土地评估
      [科技识别] 标题是否科技相关: 否
      [SKIP] 标题非科技相关，不进入详情爬取

  [2/40] 标题: 贵州银行毕节分行其他人力服务采购项目（2026年-2028年大堂服务）中标候选人公示
      [科技识别] 标题是否科技相关: 否
      [SKIP] 标题非科技相关，不进入详情爬取

  [3/40] 标题: 内蒙古农村商业银行股份有限公司呼伦贝尔海拉尔区支行关于黑龙江省齐齐哈尔市泰来县平洋名苑D号…
      [科技识别] 标题是否科技相关: 否
      [SKIP] 标题非科技相关，不进入详情爬取

  [4/40] 标题: 内蒙古农村商业银行股份有限公司呼伦贝尔海拉尔区支行关于黑龙江省齐齐哈尔市泰来县平洋名苑D号…
      [科技识别] 标题是否科技相关: 否
      [SKIP] 标题非科技相关，不进入详情爬取

  [5/40] 标题: 内蒙古农村商业银行股份有限公司呼伦贝尔海拉尔区支行关于黑龙江省齐齐哈尔市泰来县平洋名苑D号…
      [科技识别] 标题是否科技相关: 否
      [SKIP] 标题非科技相关，不进入详情爬取

  [6/40] 标题: 内蒙古农村商业银行股份有限公司呼伦贝尔海拉尔区支行关于黑龙江省齐齐哈尔市泰来县平洋名苑D号…
      [科技识别] 标题是否科技相关: 否
      [SKIP] 标题非科技相关，不进入详情爬取

  [7/40] 标题: 内蒙古农村商业银行股份有限公司呼伦贝尔海拉尔区支行关于黑龙江省齐齐哈尔市泰来县平洋名苑D号…
      [科技识别] 标题是否科技相关: 否
      [SKIP] 标题非科技相关，不进入详情爬取

  [8/40] 标题: 内蒙古农村商业银行股份有限公司呼伦贝尔海拉尔区支行关于呼伦贝尔市经济技术开发区海东项目区的…
      [科技识别] 标题是否科技相关: 否
      [SKIP] 标题非科技相关，不进入详情爬取

  [9/40] 标题: 内蒙古农村商业银行股份有限公司呼伦贝尔海拉尔区支行关于黑龙江省齐齐哈尔市泰来县平洋名苑D号…
      [科技识别] 标题是否科技相关: 否
      [SKIP] 标题非科技相关，不进入详情爬取

  [10/40] 标题: 交通银行大同分行保安外包服务项目招标公告
      [科技识别] 标题是否科技相关: 否
      [SKIP] 标题非科技相关，不进入详情爬取

  [11/40] 标题: 成都银行活体检测双重防御体系建设采购项目流标公告
      [科技识别] 标题是否科技相关: 否
      [SKIP] 标题非科技相关，不进入详情爬取

  [12/40] 标题: 中信银行苏州分行智慧校园建设项目中标候选人公示
      [科技识别] 标题是否科技相关: 否
      [SKIP] 标题非科技相关，不进入详情爬取

  [13/40] 标题: 中国人民银行清算总中心2025年无锡机房工程建设项目中标结果公告
      [科技识别] 标题是否科技相关: 是
      [过滤-排除词] 未命中，通过
      [过滤-关键词] 包含「银行」，通过
      [OK] 通过全部筛选，进入详情爬取
    [已保存] output\2026-04-02\银行\中标结果_中国人民银行清算总中心2025年无锡机房工程建设项目中标结果公告_072733.json

  [14/40] 标题: 中国邮政储蓄银行丽江市分行2026-2028年法律服务入围采购公开竞争性磋商公告
      [科技识别] 标题是否科技相关: 否
      [SKIP] 标题非科技相关，不进入详情爬取

  [15/40] 标题: 贵州银行其他运营服务（积分商城专业化运营服务）采购项目成交候选人公示
      [科技识别] 标题是否科技相关: 否
      [SKIP] 标题非科技相关，不进入详情爬取

  [16/40] 标题: 2026年富滇银行微信视频号运营拍摄项目询比采购公告
      [科技识别] 标题是否科技相关: 否
      [SKIP] 标题非科技相关，不进入详情爬取

  [17/40] 标题: 银行存款结算账户采购项目（四批次）采购公告
      [科技识别] 标题是否科技相关: 否
      [SKIP] 标题非科技相关，不进入详情爬取

  [18/40] 标题: 亚洲开发银行贷款贵安新区新型城镇化智慧交通体系发展项目法律咨询服务竞争性磋商采购公告
      [科技识别] 标题是否科技相关: 否
      [SKIP] 标题非科技相关，不进入详情爬取

  [19/40] 标题: 威海银行股份有限公司服务器存储等硬件设备及软件许可采购项目（标段一、标段三）流标公告-SD…
      [科技识别] 标题是否科技相关: 是
      [过滤-排除词] 未命中，通过
      [过滤-关键词] 包含「银行」，通过
      [OK] 通过全部筛选，进入详情爬取
    [已保存] output\2026-04-02\银行\招标公告_威海银行股份有限公司服务器存储等硬件设备及软件许可采购项目（标段一、标段三）流标公告-SDDQ2026-031_072810.json

  [20/40] 标题: 兴业银行2026年-2027年（1年期）恒生易连通机构销售渠道支持系统项目（第二次）--招…
      [科技识别] 标题是否科技相关: 否
      [SKIP] 标题非科技相关，不进入详情爬取

  [21/40] 标题: 青岛银行新核心二期基础平台建设项目所需软件项目公开谈判采购公告
      [科技识别] 标题是否科技相关: 是
      [过滤-排除词] 未命中，通过
      [过滤-关键词] 包含「银行」，通过
      [OK] 通过全部筛选，进入详情爬取
    [已保存] output\2026-04-02\银行\招标公告_青岛银行新核心二期基础平台建设项目所需软件项目公开谈判采购公告_072846.json

  [22/40] 标题: 广银理财2026年广发银行渠道投资者教育活动供应商采购项目-结果公示
      [科技识别] 标题是否科技相关: 否
      [SKIP] 标题非科技相关，不进入详情爬取

  [23/40] 标题: 中国光大银行东莞分行2026年5月-2027年4月后勤管理服务项目竞争性磋商公告
      [科技识别] 标题是否科技相关: 否
      [SKIP] 标题非科技相关，不进入详情爬取

  [24/40] 标题: 德州银行银行业审计标准化数据报送系统项目单一来源采购公告-DZYHDY2026-02
      [科技识别] 标题是否科技相关: 否
      [SKIP] 标题非科技相关，不进入详情爬取

  [25/40] 标题: 贵州贵安新区管理委员会经济发展局关于亚洲开发银行贷款贵安新区新型城镇化智慧交通体系发展项目…
      [科技识别] 标题是否科技相关: 是
      [过滤-排除词] 未命中，通过
      [过滤-关键词] 包含「银行」，通过
      [OK] 通过全部筛选，进入详情爬取
    [已保存] output\2026-04-02\银行\招标公告_贵州贵安新区管理委员会经济发展局关于亚洲开发银行贷款贵安新区新型城镇化智慧交通体系发展项目(交通运输管理与服务系统建设项目)-综合交通运行指挥中心软硬件建设(EQ505)代建服务（二次）的公开招标公告_072922.json

  [26/40] 标题: 上海浦东发展银行股份有限公司徐州分行2026-2028年市区保安服务项目招标公告
      [科技识别] 标题是否科技相关: 否
      [SKIP] 标题非科技相关，不进入详情爬取

  [27/40] 标题: 中国进出口银行江西省分行2026年—2027年度赣州租车服务项目采购终止公告
      [科技识别] 标题是否科技相关: 否
      [SKIP] 标题非科技相关，不进入详情爬取

  [28/40] 标题: 兴业银行烟台分行关于2026年委托律所催收信用卡逾期项目供应商征集调研公告
      [科技识别] 标题是否科技相关: 否
      [SKIP] 标题非科技相关，不进入详情爬取

  [29/40] 标题: 泸州银行成都分行关于2026年办公计算机耗材采购项目的成交候选人公示
      [科技识别] 标题是否科技相关: 否
      [SKIP] 标题非科技相关，不进入详情爬取

  [30/40] 标题: 中国银行滨州分行选取滨州沾化支行办公楼玻璃幕墙更换供应商分散采购项目竞争性磋商公告
      [科技识别] 标题是否科技相关: 否
      [SKIP] 标题非科技相关，不进入详情爬取

  [31/40] 标题: 中国银行济南分行住房与消费金融部选取中银E贷公积金数据对接供应商集中采购项目（二年）结果公…
      [科技识别] 标题是否科技相关: 否
      [SKIP] 标题非科技相关，不进入详情爬取

  [32/40] 标题: 中国工商银行宁夏分行以组包方式外聘律师开展“调诉一体化”清收个人风险资产集中采购项目招标公…
      [科技识别] 标题是否科技相关: 否
      [SKIP] 标题非科技相关，不进入详情爬取

  [33/40] 标题: 青岛银行2026年数据中心Oracle数据库一体机第三方维护服务项目直接采购公告
      [科技识别] 标题是否科技相关: 是
      [过滤-排除词] 未命中，通过
      [过滤-关键词] 包含「银行」，通过
      [OK] 通过全部筛选，进入详情爬取
    [已保存] output\2026-04-02\银行\招标公告_青岛银行2026年数据中心Oracle数据库一体机第三方维护服务项目直接采购公告_072951.json

  [34/40] 标题: 张家口银行股份有限公司邯郸分行土地、房产评估服务采购项目招标公告
      [科技识别] 标题是否科技相关: 否
      [SKIP] 标题非科技相关，不进入详情爬取

  [35/40] 标题: 张家口银行股份有限公司邯郸分行工会委员会2026年度节日慰问品采购项目招标公告
      [科技识别] 标题是否科技相关: 否
      [SKIP] 标题非科技相关，不进入详情爬取

  [36/40] 标题: 江西智拓工程管理有限公司关于南昌农商银行2026年员工行服采购项目（项目编号：JXZTCG…
      [科技识别] 标题是否科技相关: 否
      [SKIP] 标题非科技相关，不进入详情爬取

  [37/40] 标题: 青岛银行现金柜员机票据模块升级项目直接采购公告
      [科技识别] 标题是否科技相关: 否
      [SKIP] 标题非科技相关，不进入详情爬取

  [38/40] 标题: 关于中国工商银行股份有限公司九江武宁支行营业办公用房迁址装修改造项目企业投资项目备案的业务
      [科技识别] 标题是否科技相关: 否
      [SKIP] 标题非科技相关，不进入详情爬取

  [39/40] 标题: 上海中澳城康养项目银行间类REITs发行载体管理机构服务采购公开招标公告
      [科技识别] 标题是否科技相关: 否
      [SKIP] 标题非科技相关，不进入详情爬取

  [40/40] 标题: 青岛农商银行平度支行劳务外包服务项目招标公告
      [科技识别] 标题是否科技相关: 否
      [SKIP] 标题非科技相关，不进入详情爬取

  [第 19 页]
  [DEBUG] 已检测到「条信息」，按整页详情链接解析
      [WARN] 未找到 .ssjg-leixing，info_type 将记为采招信息
  本页找到 40 条结果

  [1/40] 标题: 青岛农商银行即墨支行劳务外包服务项目招标公告
      [科技识别] 标题是否科技相关: 否
      [SKIP] 标题非科技相关，不进入详情爬取

  [2/40] 标题: 波银行绍兴分行2026-2028年度消防维保服务采购项目供应商入围项目召集公告
      [科技识别] 标题是否科技相关: 否
      [SKIP] 标题非科技相关，不进入详情爬取

  [3/40] 标题: 中国邮政储蓄银行股份有限公司怀化市分行物业服务和县支行食堂服务采购项目中标结果公告
      [科技识别] 标题是否科技相关: 否
      [SKIP] 标题非科技相关，不进入详情爬取

  [4/40] 标题: 招商银行西安分行会务服务类（经济论坛）供应商征集公告
      [科技识别] 标题是否科技相关: 否
      [SKIP] 标题非科技相关，不进入详情爬取

  [5/40] 标题: 绍兴银行前瞻性系数测算模型咨询项目供应商公开征集公告
      [科技识别] 标题是否科技相关: 否
      [SKIP] 标题非科技相关，不进入详情爬取

  [6/40] 标题: 新疆农商银行塔城中心支行采购社会化押运安保服务项目单一来源公示
      [科技识别] 标题是否科技相关: 否
      [SKIP] 标题非科技相关，不进入详情爬取

  [7/40] 标题: 中国建设银行山东分行房金部住房租赁综合服务平台服务项目供应商征集公告
      [科技识别] 标题是否科技相关: 是
      [过滤-排除词] 未命中，通过
      [过滤-关键词] 包含「银行」，通过
      [OK] 通过全部筛选，进入详情爬取
    [已保存] output\2026-04-02\银行\招标公告_中国建设银行山东分行房金部住房租赁综合服务平台服务项目供应商征集公告_073120.json

  [8/40] 标题: 中国银行深圳市分行本部大楼15、20、28层装修工程项目-2604-440303-04-0…
      [科技识别] 标题是否科技相关: 否
      [SKIP] 标题非科技相关，不进入详情爬取

  [9/40] 标题: 天津农商银行无固定期限资本债券承销机构选聘项目（共2包）更正公告
      [科技识别] 标题是否科技相关: 否
      [SKIP] 标题非科技相关，不进入详情爬取

  [10/40] 标题: 余姚市政务服务中心关于余姚市财政局代管资金专户开户银行招标项目的更正公告
      [科技识别] 标题是否科技相关: 否
      [SKIP] 标题非科技相关，不进入详情爬取

  [11/40] 标题: 重庆农村商业银行总账系统建设项目
      [科技识别] 标题是否科技相关: 是
      [过滤-排除词] 未命中，通过
      [过滤-关键词] 包含「银行」，通过
      [OK] 通过全部筛选，进入详情爬取
    [已保存] output\2026-04-02\银行\招标公告_重庆农村商业银行总账系统建设项目_073157.json

  [12/40] 标题: 宁波银行股份有限公司绍兴分行2026-2028年度安防维保项目供应商召集公告
      [科技识别] 标题是否科技相关: 否
      [SKIP] 标题非科技相关，不进入详情爬取

  [13/40] 标题: 宁波银行绍兴分行2026-2028年度消防维保服务采购项目召集公告
      [科技识别] 标题是否科技相关: 否
      [SKIP] 标题非科技相关，不进入详情爬取

  [14/40] 标题: 中信银行西安分行员工餐饮平台服务采购项目中标候选人公示
      [科技识别] 标题是否科技相关: 否
      [SKIP] 标题非科技相关，不进入详情爬取

  [15/40] 标题: 中国农业银行天津市分行2025年-2030年营业网点中央空调、基站空调增补采购项目招标公告…
      [科技识别] 标题是否科技相关: 否
      [SKIP] 标题非科技相关，不进入详情爬取

  [16/40] 标题: 达州银行股份有限公司宣传策划服务采购项目（第二次）竞争性磋商公告-2026-04-02
      [科技识别] 标题是否科技相关: 否
      [SKIP] 标题非科技相关，不进入详情爬取

  [17/40] 标题: 陕西中医药大学第二附属医院资金存放银行遴选项目结果公告
      [科技识别] 标题是否科技相关: 否
      [SKIP] 标题非科技相关，不进入详情爬取

  [18/40] 标题: 中信银行西安分行员工餐饮平台服务采购项目中标候选人公示
      [科技识别] 标题是否科技相关: 否
      [SKIP] 标题非科技相关，不进入详情爬取

  [19/40] 标题: 恒丰银行烟台黄务数据中心食堂餐饮服务人员采购结果公示-HFZHJZCG202603027
      [科技识别] 标题是否科技相关: 否
      [SKIP] 标题非科技相关，不进入详情爬取

  [20/40] 标题: 太原农村商业银行股份有限公司电话营销服务外包项目招标公告
      [科技识别] 标题是否科技相关: 否
      [SKIP] 标题非科技相关，不进入详情爬取

  [21/40] 标题: 威海银行股份有限公司楼宇电梯及车库抬杆广告发布服务项目招标公告-SDGX2026008
      [科技识别] 标题是否科技相关: 否
      [SKIP] 标题非科技相关，不进入详情爬取

  [22/40] 标题: 中国建设银行股份有限公司重庆南坪支行关于中国建设银行重庆南坪支行名下重庆市南岸区南坪街道南…
      [科技识别] 标题是否科技相关: 否
      [SKIP] 标题非科技相关，不进入详情爬取

  [23/40] 标题: 内蒙古农村商业银行股份有限公司呼伦贝尔海拉尔区支行关于鄂伦春自治旗乌鲁布铁镇等6处工业用房…
      [科技识别] 标题是否科技相关: 否
      [SKIP] 标题非科技相关，不进入详情爬取

  [24/40] 标题: 三河蒙银村镇银行股份有限公司关于杨微抵押贷款不良债权转让的公告(第一次)
      [科技识别] 标题是否科技相关: 否
      [SKIP] 标题非科技相关，不进入详情爬取

  [25/40] 标题: 兰州银行01关于陇西县文峰镇交通路19号陇西开元工贸有限责任公司综合楼B24-B27号的公…
      [科技识别] 标题是否科技相关: 否
      [SKIP] 标题非科技相关，不进入详情爬取

  [26/40] 标题: 贵阳银行转让车辆剩余B包整体转让(重评)（国务院国资委监测编号：GR2025GZ10001…
      [科技识别] 标题是否科技相关: 否
      [SKIP] 标题非科技相关，不进入详情爬取

  [27/40] 标题: 中国邮政储蓄银行保山市分行2026-2028年法律服务入围采购方案方案采购公开竞争性磋商公…
      [科技识别] 标题是否科技相关: 否
      [SKIP] 标题非科技相关，不进入详情爬取

  [28/40] 标题: 交通银行唐山分行2026年至2029年县域网点现金款箱寄库外包服务项目单一来源结果公告
      [科技识别] 标题是否科技相关: 否
      [SKIP] 标题非科技相关，不进入详情爬取

  [29/40] 标题: 凉山农商银行甘洛支行综合营业用房空调采购安装项目（第五次）采购公告
      [科技识别] 标题是否科技相关: 否
      [SKIP] 标题非科技相关，不进入详情爬取

  [30/40] 标题: 中国邮政储蓄银行股份有限公司深圳分行网络汇聚间动环监控设备项目中标候选人公示
      [科技识别] 标题是否科技相关: 否
      [SKIP] 标题非科技相关，不进入详情爬取

  [31/40] 标题: 中国邮政储蓄银行上海分行系统运行维护外包服务项目（标段3：软硬件基础设施托管或运行维护-V…
      [科技识别] 标题是否科技相关: 是
      [过滤-排除词] 未命中，通过
      [过滤-关键词] 包含「银行」，通过
      [OK] 通过全部筛选，进入详情爬取
    [已保存] output\2026-04-02\银行\中标结果_中国邮政储蓄银行上海分行系统运行维护外包服务项目（标段3：软硬件基础设施托管或运行维护-VPN_签名签章服务器-格尔国信）成交结果公告_073225.json

  [32/40] 标题: 长治潞州农村商业银行股份有限公司宣传物品（纸抽、纸袋、纸杯、雨伞等）采购项目(001标段)…
      [科技识别] 标题是否科技相关: 否
      [SKIP] 标题非科技相关，不进入详情爬取

  [33/40] 标题: 中原银行远程服务业务外包采购项目中标候选人公示
      [科技识别] 标题是否科技相关: 否
      [SKIP] 标题非科技相关，不进入详情爬取

  [34/40] 标题: 关于浙商银行企微私域流量运营平台新增客户营销运营功能采购的成交结果公告
      [科技识别] 标题是否科技相关: 是
      [过滤-排除词] 未命中，通过
      [过滤-关键词] 包含「银行」，通过
      [OK] 通过全部筛选，进入详情爬取
    [已保存] output\2026-04-02\银行\中标结果_关于浙商银行企微私域流量运营平台新增客户营销运营功能采购的成交结果公告_073255.json

  [35/40] 标题: 郑州银行工会委员会2026年-2028年职工电子书屋（微书屋）项目成交结果公示
      [科技识别] 标题是否科技相关: 否
      [SKIP] 标题非科技相关，不进入详情爬取

  [36/40] 标题: 关于浙商银行新网贷服务平台建设采购的中标结果公告
      [科技识别] 标题是否科技相关: 是
      [过滤-排除词] 未命中，通过
      [过滤-关键词] 包含「银行」，通过
      [OK] 通过全部筛选，进入详情爬取
    [已保存] output\2026-04-02\银行\中标结果_关于浙商银行新网贷服务平台建设采购的中标结果公告_073327.json

  [37/40] 标题: 《“2025/2026四川银行四川省城市足球联赛第二阶段赛事”直转播设备搬运服务项目》竞争…
      [科技识别] 标题是否科技相关: 否
      [SKIP] 标题非科技相关，不进入详情爬取

  [38/40] 标题: 兴业银行2026年-2027年（1年期）恒生易连通机构销售渠道支持系统项目-失败公告
      [科技识别] 标题是否科技相关: 否
      [SKIP] 标题非科技相关，不进入详情爬取

  [39/40] 标题: 亚洲开发银行贷款赤水河流域生态保护与绿色发展项目（绿色产业发展配套道路工程）
      [科技识别] 标题是否科技相关: 否
      [SKIP] 标题非科技相关，不进入详情爬取

  [40/40] 标题: 中国邮政储蓄银行股份有限公司长沙市分行车辆定点维修服务采购项目合同公告
      [科技识别] 标题是否科技相关: 否
      [SKIP] 标题非科技相关，不进入详情爬取

  [第 20 页]
  [DEBUG] 已检测到「条信息」，按整页详情链接解析
      [WARN] 未找到 .ssjg-leixing，info_type 将记为采招信息
  本页找到 40 条结果

  [1/40] [SKIP] 重复项目（已处理）→ 关于浙商银行新网贷服务平台建设采购的中标结果公告

  [2/40] [SKIP] 重复项目（已处理）→ 《“2025/2026四川银行四川省城市足球联赛第二阶段赛事”直转播设备搬运服务项目》竞争

  [3/40] [SKIP] 重复项目（已处理）→ 兴业银行2026年-2027年（1年期）恒生易连通机构销售渠道支持系统项目-失败公告

  [4/40] [SKIP] 重复项目（已处理）→ 亚洲开发银行贷款赤水河流域生态保护与绿色发展项目（绿色产业发展配套道路工程）

  [5/40] [SKIP] 重复项目（已处理）→ 中国邮政储蓄银行股份有限公司长沙市分行车辆定点维修服务采购项目合同公告

  [6/40] 标题: 中国邮政储蓄银行临沧市分行智慧医院配套服务采购中标结果公告
      [科技识别] 标题是否科技相关: 否
      [SKIP] 标题非科技相关，不进入详情爬取

  [7/40] 标题: 中国人民银行宁波市分行2026年7月政府采购意向-中国人民银行宁波市分行交换机采购详细情况…
      [科技识别] 标题是否科技相关: 是
      [过滤-排除词] 未命中，通过
      [过滤-关键词] 包含「银行」，通过
      [OK] 通过全部筛选，进入详情爬取
    [已保存] output\2026-04-02\银行\招标公告_中国人民银行宁波市分行2026年7月政府采购意向-中国人民银行宁波市分行交换机采购详细情况20.900000万元(人民币)_073454.json

  [8/40] 标题: 招商银行宁波分行关于2026年培训服务类（不含赴高校等外出培训）项目供应商入库的征集公告
      [科技识别] 标题是否科技相关: 否
      [SKIP] 标题非科技相关，不进入详情爬取

  [9/40] 标题: 中国建设银行湖北省分行2026年上半年造价咨询业务合作采购项目市场调研公告
      [科技识别] 标题是否科技相关: 否
      [SKIP] 标题非科技相关，不进入详情爬取

  [10/40] 标题: 招商银行唐山分行外出培训服务采购项目供应商征集公告
      [科技识别] 标题是否科技相关: 否
      [SKIP] 标题非科技相关，不进入详情爬取

  [11/40] 标题: 中博五岔路口重庆银行段人行道沉降整改-中选公告
      [科技识别] 标题是否科技相关: 否
      [SKIP] 标题非科技相关，不进入详情爬取

  [12/40] 标题: 湖南银行普惠数字化逾期贷款催收项目采购招标公告
      [科技识别] 标题是否科技相关: 否
      [SKIP] 标题非科技相关，不进入详情爬取

  [13/40] 标题: 盛京银行铁岭分行消防维保服务采购项目招标公告
      [科技识别] 标题是否科技相关: 否
      [SKIP] 标题非科技相关，不进入详情爬取

  [14/40] 标题: 中国农业银行股份有限公司昆明盘龙支行业务经营用房除险加固改造项目澄清通知02号
      [科技识别] 标题是否科技相关: 否
      [SKIP] 标题非科技相关，不进入详情爬取

  [15/40] 标题: 杭州市中级人民法院关于XX公司持有的邵阳农村商业银行股份有限公司6000万股份及孳息（60…
      [科技识别] 标题是否科技相关: 否
      [SKIP] 标题非科技相关，不进入详情爬取

  [16/40] 标题: 兴业银行南京分行本部大楼12-14层装饰工程施工中标候选人公示
      [科技识别] 标题是否科技相关: 否
      [SKIP] 标题非科技相关，不进入详情爬取

  [17/40] 标题: 【建行自采】2026年《投资研究》《工程经济》《现代商业银行导刊》发行服务采购结果信息公开
      [科技识别] 标题是否科技相关: 否
      [SKIP] 标题非科技相关，不进入详情爬取

  [18/40] 标题: 招标公告|【450万】招商银行信用卡中心营销礼品采购项目招标公告
      [科技识别] 标题是否科技相关: 否
      [SKIP] 标题非科技相关，不进入详情爬取

  [19/40] 标题: 青岛农商银行平度支行劳务外包服务项目公开招标公告
      [科技识别] 标题是否科技相关: 否
      [SKIP] 标题非科技相关，不进入详情爬取

  [20/40] 标题: 大连银行成都分行2026年评估中介机构准入推介入围采购项目招标公告
      [科技识别] 标题是否科技相关: 否
      [SKIP] 标题非科技相关，不进入详情爬取

  [21/40] 标题: 宁波银行股份有限公司中间业务管理系统建设项目(二期)总账系统配套改造供应商召集公告
      [科技识别] 标题是否科技相关: 是
      [过滤-排除词] 未命中，通过
      [过滤-关键词] 包含「银行」，通过
      [OK] 通过全部筛选，进入详情爬取
    [已保存] output\2026-04-02\银行\招标公告_宁波银行股份有限公司中间业务管理系统建设项目(二期)总账系统配套改造供应商召集公告_073532.json

  [22/40] 标题: 中国邮政储蓄银行玉溪市分行2026-2028年法律服务入围采购公开竞争性磋商公告
      [科技识别] 标题是否科技相关: 否
      [SKIP] 标题非科技相关，不进入详情爬取

  [23/40] 标题: 葫芦岛银行股份有限公司金融街支行关于【出租】辽宁省葫芦岛市龙港区东方红小区商业用房（共四层…
      [科技识别] 标题是否科技相关: 否
      [SKIP] 标题非科技相关，不进入详情爬取

  [24/40] 标题: 内蒙古农村商业银行股份有限公司呼伦贝尔海拉尔区支行关于海拉尔区奋斗办学府路龙凤丽苑小区B座…
      [科技识别] 标题是否科技相关: 否
      [SKIP] 标题非科技相关，不进入详情爬取

  [25/40] 标题: 杭州文化产权交易所关于浙江萧山农商银行股权自然人股410358股的公告(第一次)
      [科技识别] 标题是否科技相关: 否
      [SKIP] 标题非科技相关，不进入详情爬取

  [26/40] 标题: 交通银行宁波分行云跨行与宁波惠康工业科技股份有限公司金蝶云星空下核心子模块IPO专用软件对…
      [科技识别] 标题是否科技相关: 是
      [过滤-排除词] 未命中，通过
      [过滤-关键词] 包含「银行」，通过
      [OK] 通过全部筛选，进入详情爬取
    [已保存] output\2026-04-02\银行\中标结果_交通银行宁波分行云跨行与宁波惠康工业科技股份有限公司金蝶云星空下核心子模块IPO专用软件对接改造服务项目[第01次重新采购]单一来源采购结果公示_073611.json

  [27/40] 标题: 中国工商银行股份有限公司石家庄九峰支行内部装修工程-中国工商银行股份有限公司石家庄九峰支行…
      [科技识别] 标题是否科技相关: 否
      [SKIP] 标题非科技相关，不进入详情爬取

  [28/40] 标题: 宁波银行股份有限公司中间业务管理系统二期测试项目供应商召集公告（项目实施类）
      [科技识别] 标题是否科技相关: 否
      [SKIP] 标题非科技相关，不进入详情爬取

  [29/40] 标题: 广银理财2026年广发银行渠道投资者教育活动供应商采购项目（第二次）中选结果公示
      [科技识别] 标题是否科技相关: 否
      [SKIP] 标题非科技相关，不进入详情爬取

  [30/40] 标题: 兴业银行临沂分行2026年度保洁服务外包项目供应商征集公告
      [科技识别] 标题是否科技相关: 否
      [SKIP] 标题非科技相关，不进入详情爬取

  [31/40] 标题: 嘉兴银行2026-2027年度国产柜面打印机及国产扫描仪框架协议采购项目（标项二）中标候选…
      [科技识别] 标题是否科技相关: 是
      [过滤-排除词] 未命中，通过
      [过滤-关键词] 包含「银行」，通过
      [OK] 通过全部筛选，进入详情爬取
    [已保存] output\2026-04-02\银行\中标结果_嘉兴银行2026-2027年度国产柜面打印机及国产扫描仪框架协议采购项目（标项二）中标候选人公示-中标候选人公示_073648.json

  [32/40] 标题: 池州贵池民生村镇银行股份有限公司6%股权（对应318万股股份）转让公告(国资监测编号G32…
      [科技识别] 标题是否科技相关: 否
      [SKIP] 标题非科技相关，不进入详情爬取

  [33/40] 标题: 嘉兴银行2026-2027年度国产柜面打印机及国产扫描仪框架协议采购项目（标项一）中标候选…
      [科技识别] 标题是否科技相关: 是
      [过滤-排除词] 未命中，通过
      [过滤-关键词] 包含「银行」，通过
      [OK] 通过全部筛选，进入详情爬取
    [已保存] output\2026-04-02\银行\中标结果_嘉兴银行2026-2027年度国产柜面打印机及国产扫描仪框架协议采购项目（标项一）中标候选人公示-中标候选人公示_073724.json

  [34/40] 标题: 关于杭州市西湖区人民法院执行款专户、杭州市西湖区人民法院（诉讼费）开户银行项目的中标公告
      [科技识别] 标题是否科技相关: 否
      [SKIP] 标题非科技相关，不进入详情爬取

  [35/40] 标题: 四川天府银行积分兑换运营服务项目流标公告
      [科技识别] 标题是否科技相关: 否
      [SKIP] 标题非科技相关，不进入详情爬取

  [36/40] 标题: 宁波银行股份有限公司个人渠道支撑私银体验提升2026项目供应商召集公告（人员实施类）
      [科技识别] 标题是否科技相关: 否
      [SKIP] 标题非科技相关，不进入详情爬取

  [37/40] 标题: 宁波银行股份有限公司个人通用及权益场景智能优化项目供应商召集公告（项目实施类）
      [科技识别] 标题是否科技相关: 否
      [SKIP] 标题非科技相关，不进入详情爬取

  [38/40] 标题: 宁波银行股份有限公司个人通用及权益场景智能优化（测试）项目供应商召集公告（人员实施类）
      [科技识别] 标题是否科技相关: 否
      [SKIP] 标题非科技相关，不进入详情爬取

  [39/40] 标题: 关于【中博五岔路口重庆银行段人行道沉降整改】中选结果的公告
      [科技识别] 标题是否科技相关: 否
      [SKIP] 标题非科技相关，不进入详情爬取

  [40/40] 标题: 中国工商银行股份有限公司石家庄九峰支行内部装修工程
      [科技识别] 标题是否科技相关: 否
      [SKIP] 标题非科技相关，不进入详情爬取

  [第 21 页]
  [DEBUG] 已检测到「条信息」，按整页详情链接解析
      [WARN] 未找到 .ssjg-leixing，info_type 将记为采招信息
  本页找到 40 条结果

  [1/40] [SKIP] 重复项目（已处理）→ 中国工商银行股份有限公司石家庄九峰支行内部装修工程

  [2/40] 标题: 招标公告|【158万】四川银行自贡分行2026年第二批次个人客户积分权益线上兑换磋商公告
      [科技识别] 标题是否科技相关: 否
      [SKIP] 标题非科技相关，不进入详情爬取

  [3/40] 标题: 中国建设银行安徽省分行关于六安市分行本部城区支行临时性网点零星维修项目市场调研公告
      [科技识别] 标题是否科技相关: 否
      [SKIP] 标题非科技相关，不进入详情爬取

  [4/40] 标题: 亚洲开发银行贷款贵安新区新型城镇化智慧交通体系发展项目（交通运输管理与服务系统建设项目）-…
      [科技识别] 标题是否科技相关: 否
      [SKIP] 标题非科技相关，不进入详情爬取

  [5/40] 标题: 宁波银行股份有限公司场景金融系统2026渠道接入及优化升级项目供应商召集公告（项目实施类）
      [科技识别] 标题是否科技相关: 否
      [SKIP] 标题非科技相关，不进入详情爬取

  [6/40] 标题: 关于浙商银行股份有限公司沈阳分行浙商银行沈阳分行零售金融条线宣传物品采购项目的公开招标公告
      [科技识别] 标题是否科技相关: 否
      [SKIP] 标题非科技相关，不进入详情爬取

  [7/40] 标题: 四川天府银行积分兑换运营服务项目流标公告
      [科技识别] 标题是否科技相关: 否
      [SKIP] 标题非科技相关，不进入详情爬取

  [8/40] 标题: 揭东农商银行营业网点标识制作采购项目
      [科技识别] 标题是否科技相关: 否
      [SKIP] 标题非科技相关，不进入详情爬取

  [9/40] 标题: 汉口银行核心项目群之数据中台项目之ETL工具软件采购项目成交结果公告
      [科技识别] 标题是否科技相关: 是
      [过滤-排除词] 未命中，通过
      [过滤-关键词] 包含「银行」，通过
      [OK] 通过全部筛选，进入详情爬取
    [PDF] 路由拦截成功，共 710734 字节
    [PDF] 扫描版/少字 PDF 共 3 页，转为图片 OCR...
    [OCR] 识别第 1/3 页 ...
    [OCR] 识别第 2/3 页 ...
    [OCR] 识别第 3/3 页 ...
    [OCR] 全部 3 页识别完成
    [PDF] 响应拦截解析完成，共 1057 字
    [已保存] output\2026-04-02\银行\中标结果_汉口银行核心项目群之数据中台项目之ETL工具软件采购项目成交结果公告_073857.json

  [10/40] 标题: 中国邮政储蓄银行衡阳市分行2026-2028年电子设备维修维护服务采购项目(第二次采购)成…
      [科技识别] 标题是否科技相关: 否
      [SKIP] 标题非科技相关，不进入详情爬取

  [11/40] 标题: 华夏银行上海分行员工食堂外包以及食堂食材采购项目供应商征集公告
      [科技识别] 标题是否科技相关: 否
      [SKIP] 标题非科技相关，不进入详情爬取

  [12/40] 标题: 池州贵池民生村镇银行股份有限公司6%股权（对应318万股股份）转让公告
      [科技识别] 标题是否科技相关: 否
      [SKIP] 标题非科技相关，不进入详情爬取

  [13/40] 标题: 上海浦东发展银行股份有限公司上海分行司库模块能力提升合作厂商年度入围采购项目招标公告
      [科技识别] 标题是否科技相关: 否
      [SKIP] 标题非科技相关，不进入详情爬取

  [14/40] 标题: 葫芦岛银行股份有限公司金融街支行关于【出租】辽宁省葫芦岛市连山区兴工路11号楼B二层，面积…
      [科技识别] 标题是否科技相关: 否
      [SKIP] 标题非科技相关，不进入详情爬取

  [15/40] 标题: 周口众集光伏科技有限公司刘银行72KW非自然人户用分布式光伏发电项目-已备案
      [科技识别] 标题是否科技相关: 否
      [SKIP] 标题非科技相关，不进入详情爬取

  [16/40] 标题: 朝阳银行自助设备运维服务采购项目【重新招标】【重新招标】-结果公告
      [科技识别] 标题是否科技相关: 是
      [过滤-排除词] 未命中，通过
      [过滤-关键词] 包含「银行」，通过
      [OK] 通过全部筛选，进入详情爬取
    [已保存] output\2026-04-02\银行\中标结果_朝阳银行自助设备运维服务采购项目【重新招标】【重新招标】-结果公告_073929.json

  [17/40] 标题: 中国农业银行新疆分行辖内机构防盗安全门供应商入围项目
      [科技识别] 标题是否科技相关: 否
      [SKIP] 标题非科技相关，不进入详情爬取

  [18/40] 标题: 中国外汇交易中心(全国银行间同业拆借中心)货物项目DD26040210580220_PHK…
      [科技识别] 标题是否科技相关: 否
      [SKIP] 标题非科技相关，不进入详情爬取

  [19/40] 标题: 中国银行股份有限公司珠海分行全辖营业网点、办公场所空调维修保养服务项目采购结果公示
      [科技识别] 标题是否科技相关: 否
      [SKIP] 标题非科技相关，不进入详情爬取

  [20/40] 标题: 中国银行济宁分行选取个人金融部汶上县高级职业技术学校智慧校园供应商集中采购项目（五年）采购…
      [科技识别] 标题是否科技相关: 否
      [SKIP] 标题非科技相关，不进入详情爬取

  [21/40] 标题: 兰州银行股份有限公司诚信支行名下位于甘肃省金昌市金川区宝光里23区延安东路43号综合楼1-…
      [科技识别] 标题是否科技相关: 否
      [SKIP] 标题非科技相关，不进入详情爬取

  [22/40] 标题: 上海浦东发展银行总行2026年度数据库及中间件第三方人天服务采购供应商征集公告
      [科技识别] 标题是否科技相关: 是
      [过滤-排除词] 未命中，通过
      [过滤-关键词] 包含「银行」，通过
      [OK] 通过全部筛选，进入详情爬取
    [PDF] 路由拦截成功，共 266074 字节
    [PDF] 响应拦截解析完成，共 4546 字
    [已保存] output\2026-04-02\银行\招标公告_上海浦东发展银行总行2026年度数据库及中间件第三方人天服务采购供应商征集公告_074002.json

  [23/40] 标题: 中国银行股份有限公司辽宁省分行第二届中行杯足球友谊赛项目采购结果公告
      [科技识别] 标题是否科技相关: 否
      [SKIP] 标题非科技相关，不进入详情爬取

  [24/40] 标题: 中国银行济宁分行选取个人金融部汶上县高级职业技术学校智慧校园供应商集中采购项目（五年）采购…
      [科技识别] 标题是否科技相关: 否
      [SKIP] 标题非科技相关，不进入详情爬取

  [25/40] 标题: 中国人民银行清算总中心2026年武汉工作区机房扩建改造项目中标结果公告
      [科技识别] 标题是否科技相关: 是
      [过滤-排除词] 未命中，通过
      [过滤-关键词] 包含「银行」，通过
      [OK] 通过全部筛选，进入详情爬取
    [PDF] 路由拦截成功，共 548089 字节
    [PDF] 扫描版/少字 PDF 共 3 页，转为图片 OCR...
    [OCR] 识别第 1/3 页 ...
    [OCR] 识别第 2/3 页 ...
    [OCR] 识别第 3/3 页 ...
    [OCR] 全部 3 页识别完成
    [PDF] 响应拦截解析完成，共 1224 字
    [已保存] output\2026-04-02\银行\中标结果_中国人民银行清算总中心2026年武汉工作区机房扩建改造项目中标结果公告_074053.json

  [26/40] 标题: 中国民生银行股份有限公司昆明分行采购招标代理机构入围项目中标结果公告
      [科技识别] 标题是否科技相关: 否
      [SKIP] 标题非科技相关，不进入详情爬取

  [27/40] 标题: 中国银行内蒙古区分行高校培训选型入围采购项目中标候选人公示
      [科技识别] 标题是否科技相关: 否
      [SKIP] 标题非科技相关，不进入详情爬取

  [28/40] 标题: 中国银行内蒙古区分行2026年度全辖智能柜台设备维保服务采购项目中标候选人公示
      [科技识别] 标题是否科技相关: 否
      [SKIP] 标题非科技相关，不进入详情爬取

  [29/40] 标题: 山东莱阳农村商业银行股份有限公司2026年土特产日常宣传品采购项目询比公告
      [科技识别] 标题是否科技相关: 否
      [SKIP] 标题非科技相关，不进入详情爬取

  [30/40] 标题: 招商银行股份有限公司邯郸分行装饰装修项目-邯郸市施工图设计文件审查
      [科技识别] 标题是否科技相关: 否
      [SKIP] 标题非科技相关，不进入详情爬取

  [31/40] 标题: 辽宁农村商业银行股份有限公司沈阳铁西支行抵债资产拍卖
      [科技识别] 标题是否科技相关: 否
      [SKIP] 标题非科技相关，不进入详情爬取

  [32/40] 标题: 中国工商银行青海省分行青海民族大学智慧校园一卡通系统建设项目（四期）中标结果公告
      [科技识别] 标题是否科技相关: 是
      [过滤-排除词] 未命中，通过
      [过滤-关键词] 包含「银行」，通过
      [OK] 通过全部筛选，进入详情爬取
    [已保存] output\2026-04-02\银行\中标结果_中国工商银行青海省分行青海民族大学智慧校园一卡通系统建设项目（四期）中标结果公告_074126.json

  [33/40] 标题: 中国工商银行江苏省分行2026年AI数字客户经理营销触客项目招标公告变更公告
      [科技识别] 标题是否科技相关: 否
      [SKIP] 标题非科技相关，不进入详情爬取

  [34/40] 标题: 2026-2028年度电子银行蓝牙盾安全产品采购项目
      [科技识别] 标题是否科技相关: 否
      [SKIP] 标题非科技相关，不进入详情爬取

  [35/40] 标题: 交通银行江西省分行2026年私银客户健康体检采购项目项目招标公告
      [科技识别] 标题是否科技相关: 否
      [SKIP] 标题非科技相关，不进入详情爬取

  [36/40] 标题: 嘉兴银行信贷集中作业平台开发项目竞争性磋商采购公告
      [科技识别] 标题是否科技相关: 是
      [过滤-排除词] 未命中，通过
      [过滤-关键词] 包含「银行」，通过
      [OK] 通过全部筛选，进入详情爬取
    [已保存] output\2026-04-02\银行\招标公告_嘉兴银行信贷集中作业平台开发项目竞争性磋商采购公告_074202.json

  [37/40] 标题: 中国光大银行南宁分行2026年员工生日蛋糕采购项目招标公告
      [科技识别] 标题是否科技相关: 否
      [SKIP] 标题非科技相关，不进入详情爬取

  [38/40] 标题: 中国邮政储蓄银行西双版纳州分行2026-2028年法律服务入围采购公开竞争性磋商公告
      [科技识别] 标题是否科技相关: 否
      [SKIP] 标题非科技相关，不进入详情爬取

  [39/40] 标题: 中国工商银行安徽省分行滁州分行城建支行迁址营业用房装修改造采购项目招标公告
      [科技识别] 标题是否科技相关: 否
      [SKIP] 标题非科技相关，不进入详情爬取

  [40/40] 标题: 嘉兴银行2026-2027年度国产柜面打印机及国产扫描仪框架协议采购项目（标项一）中标候选…
      [科技识别] 标题是否科技相关: 是
      [过滤-排除词] 未命中，通过
      [过滤-关键词] 包含「银行」，通过
      [OK] 通过全部筛选，进入详情爬取
    [已保存] output\2026-04-02\银行\中标结果_嘉兴银行2026-2027年度国产柜面打印机及国产扫描仪框架协议采购项目（标项一）中标候选人公示_074238.json

  [第 22 页]
  [DEBUG] 已检测到「条信息」，按整页详情链接解析
      [WARN] 未找到 .ssjg-leixing，info_type 将记为采招信息
  本页找到 40 条结果

  [1/40] 标题: 嘉兴银行2026-2027年度国产柜面打印机及国产扫描仪框架协议采购项目（标项二）中标候选…
      [科技识别] 标题是否科技相关: 是
      [过滤-排除词] 未命中，通过
      [过滤-关键词] 包含「银行」，通过
      [OK] 通过全部筛选，进入详情爬取
    [已保存] output\2026-04-02\银行\中标结果_嘉兴银行2026-2027年度国产柜面打印机及国产扫描仪框架协议采购项目（标项二）中标候选人公示_074406.json

  [2/40] 标题: J53MX0826001135云南墨江农村商业银行股份有限公司大堂引导员、保洁人员、驾驶员…
      [科技识别] 标题是否科技相关: 否
      [SKIP] 标题非科技相关，不进入详情爬取

  [3/40] 标题: 江苏银行盐城盐都支行新址装饰装修工程
      [科技识别] 标题是否科技相关: 否
      [SKIP] 标题非科技相关，不进入详情爬取

  [4/40] 标题: 兰州银行股份有限公司诚信支行名下位于江苏省苏州市相城区元和街道华元路918号9套商用房公开…
      [科技识别] 标题是否科技相关: 否
      [SKIP] 标题非科技相关，不进入详情爬取

  [5/40] 标题: 内蒙古农商银行乌海中心支行补充采购办公家具更正公示
      [科技识别] 标题是否科技相关: 否
      [SKIP] 标题非科技相关，不进入详情爬取

  [6/40] 标题: 中国银行满洲里市分行2026年办公家具采购项目招标公告
      [科技识别] 标题是否科技相关: 否
      [SKIP] 标题非科技相关，不进入详情爬取

  [7/40] 标题: 江西国政招标咨询有限公司关于江西银行南昌八一支行2026年空调设备及安装采购项目（采购编号…
      [科技识别] 标题是否科技相关: 否
      [SKIP] 标题非科技相关，不进入详情爬取

  [8/40] 标题: 中国光大银行股份有限公司天津分行专项债发行服务公司入围项目招标公告
      [科技识别] 标题是否科技相关: 否
      [SKIP] 标题非科技相关，不进入详情爬取

  [9/40] 标题: 中国光大银行天津分行2026至2029年办公家具供应商入围项目招标公告
      [科技识别] 标题是否科技相关: 否
      [SKIP] 标题非科技相关，不进入详情爬取

  [10/40] 标题: 中国银行内江分行2026-2027年度全辖安保服务外包采购项目
      [科技识别] 标题是否科技相关: 否
      [SKIP] 标题非科技相关，不进入详情爬取

  [11/40] 标题: 中国银行股份有限公司沈阳分行沈阳农业大学银校合作第六批采购项目【包5：沈阳农业大学财务处网…
      [科技识别] 标题是否科技相关: 否
      [SKIP] 标题非科技相关，不进入详情爬取

  [12/40] 标题: 杭州银行2026-2028年信息科技通用外部研发资源供应商入围项目中标结果公示
      [科技识别] 标题是否科技相关: 否
      [SKIP] 标题非科技相关，不进入详情爬取

  [13/40] 标题: 中国人民银行清算总中心2026年武汉工作区机房扩建改造项目中标结果公告
      [科技识别] 标题是否科技相关: 是
      [过滤-排除词] 未命中，通过
      [过滤-关键词] 包含「银行」，通过
      [OK] 通过全部筛选，进入详情爬取
    [已保存] output\2026-04-02\银行\中标结果_中国人民银行清算总中心2026年武汉工作区机房扩建改造项目中标结果公告_074435.json

  [14/40] 标题: 江苏大丰农村商业银行股份有限公司视频会议系统维保服务（二次）招标公告
      [科技识别] 标题是否科技相关: 是
      [过滤-排除词] 命中「视频会议」→ 跳过

  [15/40] 标题: 周口众集光伏科技有限公司刘银行72KW非自然人户用分布式光伏发电项目-项目基本信息
      [科技识别] 标题是否科技相关: 否
      [SKIP] 标题非科技相关，不进入详情爬取

  [16/40] 标题: 招商银行采购结果公告
      [科技识别] 标题是否科技相关: 否
      [SKIP] 标题非科技相关，不进入详情爬取

  [17/40] 标题: 阳江农村商业银行股份有限公司企业年金管理服务项目第1次答疑与澄清修改文件
      [科技识别] 标题是否科技相关: 否
      [SKIP] 标题非科技相关，不进入详情爬取

  [18/40] 标题: 长沙银行股份有限公司数据中心服务器硬盘扩容服务项目（第二次）流标公告
      [科技识别] 标题是否科技相关: 是
      [过滤-排除词] 未命中，通过
      [过滤-关键词] 包含「银行」，通过
      [OK] 通过全部筛选，进入详情爬取
    [已保存] output\2026-04-02\银行\招标公告_长沙银行股份有限公司数据中心服务器硬盘扩容服务项目（第二次）流标公告_074511.json

  [19/40] 标题: 不动产登记证明作废公告（2026）061（中国工商银行股份有限公司惠水支行）
      [科技识别] 标题是否科技相关: 否
      [SKIP] 标题非科技相关，不进入详情爬取

  [20/40] 标题: 中原银行股份有限公司分支机构网络与网络安全设备采购框架入围项目-路由交换项目（二次）-公开…
      [科技识别] 标题是否科技相关: 是
      [过滤-排除词] 未命中，通过
      [过滤-关键词] 包含「银行」，通过
      [OK] 通过全部筛选，进入详情爬取
    [已保存] output\2026-04-02\银行\招标公告_中原银行股份有限公司分支机构网络与网络安全设备采购框架入围项目-路由交换项目（二次）-公开招标公告_074547.json

  [21/40] 标题: 北京银行南京分行2026-2028年诉讼认可律所入围项目终止公告
      [科技识别] 标题是否科技相关: 否
      [SKIP] 标题非科技相关，不进入详情爬取

  [22/40] 标题: 中国建设银行天津大邱庄第一支行房屋外檐墙面改造项目供应商征集公告
      [科技识别] 标题是否科技相关: 否
      [SKIP] 标题非科技相关，不进入详情爬取

  [23/40] 标题: 中国银行内蒙古区分行高校培训选型入围采购项目结果公示
      [科技识别] 标题是否科技相关: 否
      [SKIP] 标题非科技相关，不进入详情爬取

  [24/40] 标题: 中国银行内蒙古区分行2026年度全辖智能柜台设备维保服务采购项目结果公示
      [科技识别] 标题是否科技相关: 否
      [SKIP] 标题非科技相关，不进入详情爬取

  [25/40] 标题: 内蒙古农村商业银行股份有限公司呼伦贝尔海拉尔区支行关于黑龙江省齐齐哈尔市泰来县平洋名苑D号…
      [科技识别] 标题是否科技相关: 否
      [SKIP] 标题非科技相关，不进入详情爬取

  [26/40] 标题: 内蒙古农村商业银行股份有限公司呼伦贝尔海拉尔区支行关于呼伦贝尔市海拉尔区哈克镇哈克牧场房产…
      [科技识别] 标题是否科技相关: 否
      [SKIP] 标题非科技相关，不进入详情爬取

  [27/40] 标题: 内蒙古农村商业银行股份有限公司呼伦贝尔海拉尔区支行关于黑龙江省齐齐哈尔市泰来县平洋名苑C号…
      [科技识别] 标题是否科技相关: 否
      [SKIP] 标题非科技相关，不进入详情爬取

  [28/40] 标题: 三河蒙银村镇银行股份有限公司关于沈霞抵押贷款不良债权转让的公告(第一次)
      [科技识别] 标题是否科技相关: 否
      [SKIP] 标题非科技相关，不进入详情爬取

  [29/40] 标题: 中国工商银行安徽省分行滁州分行城建支行迁址营业用房装修改造采购项目招标公告
      [科技识别] 标题是否科技相关: 否
      [SKIP] 标题非科技相关，不进入详情爬取

  [30/40] 标题: 徽商银行关于宿州分行诉讼服务协议供应商采购项目招标公告
      [科技识别] 标题是否科技相关: 否
      [SKIP] 标题非科技相关，不进入详情爬取

  [31/40] 标题: 徽商银行关于专用设备维保采购项目评标结果公示
      [科技识别] 标题是否科技相关: 否
      [SKIP] 标题非科技相关，不进入详情爬取

  [32/40] 标题: 海南农商银行税务管理体系建设咨询项目竞争性磋商成交结果公示
      [科技识别] 标题是否科技相关: 否
      [SKIP] 标题非科技相关，不进入详情爬取

  [33/40] 标题: 紫金农商银行官方微信公众号运维服务采购项目中标候选人公示
      [科技识别] 标题是否科技相关: 是
      [过滤-排除词] 未命中，通过
      [过滤-关键词] 包含「银行」，通过
      [OK] 通过全部筛选，进入详情爬取
    [已保存] output\2026-04-02\银行\中标结果_紫金农商银行官方微信公众号运维服务采购项目中标候选人公示_074616.json

  [34/40] 标题: 成都农商银行手机银行基金资讯页面服务采购项目流标公告
      [科技识别] 标题是否科技相关: 否
      [SKIP] 标题非科技相关，不进入详情爬取

  [35/40] 标题: 招商银行广州分行2026年装修工程供应商征集公告
      [科技识别] 标题是否科技相关: 否
      [SKIP] 标题非科技相关，不进入详情爬取

  [36/40] 标题: 招商银行唐山分行新员工入行培训项目供应商征集公告
      [科技识别] 标题是否科技相关: 否
      [SKIP] 标题非科技相关，不进入详情爬取

  [37/40] 标题: 中国农业银行阿勒泰兵团分行2026年-2029年商超类供应商入围项目流标公告
      [科技识别] 标题是否科技相关: 否
      [SKIP] 标题非科技相关，不进入详情爬取

  [38/40] 标题: 招商银行唐山分行培训服务采购项目供应商征集公告
      [科技识别] 标题是否科技相关: 否
      [SKIP] 标题非科技相关，不进入详情爬取

  [39/40] 标题: 广西北部湾银行客户权益兑换平台牛奶乳制品类商户入围项目(GXZL-ZB-2026017)中…
      [科技识别] 标题是否科技相关: 否
      [SKIP] 标题非科技相关，不进入详情爬取

  [40/40] 标题: 招商银行唐山分行高校培训项目供应商征集公告
      [科技识别] 标题是否科技相关: 否
      [SKIP] 标题非科技相关，不进入详情爬取

  [第 23 页]
  [DEBUG] 已检测到「条信息」，按整页详情链接解析
      [WARN] 未找到 .ssjg-leixing，info_type 将记为采招信息
  本页找到 40 条结果

  [1/40] 标题: 中国人民银行海南省分行机关2026年-2028年车辆定点维修服务-竞争性磋商公告
      [科技识别] 标题是否科技相关: 否
      [SKIP] 标题非科技相关，不进入详情爬取

  [2/40] 标题: 平安银行2026-2027年度PC服务器第三方维保服务项目供应商寻源征集
      [科技识别] 标题是否科技相关: 是
      [过滤-排除词] 未命中，通过
      [过滤-关键词] 包含「银行」，通过
      [OK] 通过全部筛选，进入详情爬取
    [已保存] output\2026-04-02\银行\招标公告_平安银行2026-2027年度PC服务器第三方维保服务项目供应商寻源征集_074745.json

  [3/40] 标题: 六盘水农商银行电子设备、耗材和维修服务项目采购公告
      [科技识别] 标题是否科技相关: 否
      [SKIP] 标题非科技相关，不进入详情爬取

  [4/40] 标题: 中国银行南阳长江路支行消防改造项目结果公告
      [科技识别] 标题是否科技相关: 否
      [SKIP] 标题非科技相关，不进入详情爬取

  [5/40] 标题: 习水农商银行法律事务服务采购项目中标公示
      [科技识别] 标题是否科技相关: 否
      [SKIP] 标题非科技相关，不进入详情爬取

  [6/40] 标题: 镇宁农商银行2026年各类宣传资料印制采购公告
      [科技识别] 标题是否科技相关: 否
      [SKIP] 标题非科技相关，不进入详情爬取

  [7/40] 标题: 中国农业银行昆明分行2026年至2029年保安守护人员服务项目招标公告
      [科技识别] 标题是否科技相关: 否
      [SKIP] 标题非科技相关，不进入详情爬取

  [8/40] 标题: 萍乡市安源区人民法院关于江西芦溪农村商业银行股份有限公司股权112707股（第一次拍卖）的…
      [科技识别] 标题是否科技相关: 否
      [SKIP] 标题非科技相关，不进入详情爬取

  [9/40] 标题: 内蒙古农村商业银行股份有限公司呼伦贝尔海拉尔区支行关于海拉尔区建设办谢尔塔拉镇道北北雪乳液…
      [科技识别] 标题是否科技相关: 否
      [SKIP] 标题非科技相关，不进入详情爬取

  [10/40] 标题: 宜宾市商业银行总行业务大楼提升改造项目劳务分包公开招选公告
      [科技识别] 标题是否科技相关: 否
      [SKIP] 标题非科技相关，不进入详情爬取

  [11/40] 标题: 2026-2028年度电子银行蓝牙盾安全产品采购项目
      [科技识别] 标题是否科技相关: 否
      [SKIP] 标题非科技相关，不进入详情爬取

  [12/40] 标题: ?湟中农商银行保安服务公司采购中标结果公告
      [科技识别] 标题是否科技相关: 否
      [SKIP] 标题非科技相关，不进入详情爬取

  [13/40] 标题: 建设银行盐城分行关于精密空调采购项目供应商征集公告
      [科技识别] 标题是否科技相关: 否
      [SKIP] 标题非科技相关，不进入详情爬取

  [14/40] 标题: 宁波市海曙区南门街道房屋征收（拆迁）办公室基本户及征收专户开户银行竞争性存放招标项目（重）…
      [科技识别] 标题是否科技相关: 否
      [SKIP] 标题非科技相关，不进入详情爬取

  [15/40] 标题: 湖北天门农村商业银行股份有限公司IC社保卡制卡设备采购项目(第二批）招标公告
      [科技识别] 标题是否科技相关: 否
      [SKIP] 标题非科技相关，不进入详情爬取

  [16/40] 标题: 浙商银行西安分行押运寄库服务采购中标候选人公示
      [科技识别] 标题是否科技相关: 否
      [SKIP] 标题非科技相关，不进入详情爬取

  [17/40] 标题: 互助农商银行南门峡支行原址重建项目询比公告（二次）
      [科技识别] 标题是否科技相关: 否
      [SKIP] 标题非科技相关，不进入详情爬取

  [18/40] 标题: 江西省永晋招标咨询有限公司关于中国人民银行鹰潭市分行原贵溪市支行档案移交进馆及档案电子化项…
      [科技识别] 标题是否科技相关: 是
      [过滤-排除词] 未命中，通过
      [过滤-关键词] 包含「银行」，通过
      [OK] 通过全部筛选，进入详情爬取
    [PDF] 路由拦截成功，共 32531 字节
    [PDF] pdfplumber 解析失败(Unexpected EOF)，降级 PyMuPDF...
MuPDF error: library error: FT_New_Memory_Face(FAAAAH+SimSun): SFNT font table missing

MuPDF error: library error: FT_New_Memory_Face(FAAABB+SimSun): SFNT font table missing

MuPDF error: library error: FT_New_Memory_Face(FAAABD+SimSun,Bold): SFNT font table missing

MuPDF error: library error: FT_New_Memory_Face(FAAACA+SimSun,Italic): SFNT font table missing

    [PDF] 响应拦截解析完成，共 2009 字
    [已保存] output\2026-04-02\银行\招标公告_江西省永晋招标咨询有限公司关于中国人民银行鹰潭市分行原贵溪市支行档案移交进馆及档案电子化项目（项目编号：JXYJ2026-F0011）竞争性磋商采购公告_074823.json

  [19/40] 标题: 互助农商银行南门峡支行临时网点G317工程询比公告（二次）
      [科技识别] 标题是否科技相关: 否
      [SKIP] 标题非科技相关，不进入详情爬取

  [20/40] 标题: 关于公布第一批住房租赁资金监管银行名单的通告
      [科技识别] 标题是否科技相关: 否
      [SKIP] 标题非科技相关，不进入详情爬取

  [21/40] 标题: 大宁农商银行2026年度职工体检项目竞争性磋商公告
      [科技识别] 标题是否科技相关: 否
      [SKIP] 标题非科技相关，不进入详情爬取

  [22/40] 标题: 池州九华农村商业银行马衙支行改造工程招标公告
      [科技识别] 标题是否科技相关: 否
      [SKIP] 标题非科技相关，不进入详情爬取

  [23/40] 标题: 颍淮农商银行员工短期团体福利保险项目招标公告
      [科技识别] 标题是否科技相关: 否
      [SKIP] 标题非科技相关，不进入详情爬取

  [24/40] 标题: 中国邮政储蓄银行股份有限公司福建省分行第九届数字中国建设峰会展厅策划及布展服务采购项目公开…
      [科技识别] 标题是否科技相关: 否
      [SKIP] 标题非科技相关，不进入详情爬取

  [25/40] 标题: 中国银行股份有限公司龙岩分行追加2024至2026年度本部食堂食材采购项目（第二次）竞争性…
      [科技识别] 标题是否科技相关: 否
      [SKIP] 标题非科技相关，不进入详情爬取

  [26/40] 标题: 中国工商银行河南洛阳分行办公用品等低值易耗品采购项目中标候选人公示
      [科技识别] 标题是否科技相关: 否
      [SKIP] 标题非科技相关，不进入详情爬取

  [27/40] 标题: 中国建设银行晋江分行2026年度员工体检服务项目供应商征集公告
      [科技识别] 标题是否科技相关: 否
      [SKIP] 标题非科技相关，不进入详情爬取

  [28/40] 标题: 广东华润银行股份有限公司佛山分行佛山分行零星维修询比采购公告
      [科技识别] 标题是否科技相关: 否
      [SKIP] 标题非科技相关，不进入详情爬取

  [29/40] 标题: 萍乡市安源区人民法院关于江西芦溪农村商业银行股份有限公司的股权112721股（第一次拍卖）…
      [科技识别] 标题是否科技相关: 否
      [SKIP] 标题非科技相关，不进入详情爬取

  [30/40] 标题: 中国农业银行大理分行本部及大理市支行综合物业管理服务采购项目中标结果公示
      [科技识别] 标题是否科技相关: 否
      [SKIP] 标题非科技相关，不进入详情爬取

  [31/40] 标题: 中国进出口银行2026-2029年招聘、汇迅小程序、在线学习证书采购项目采购公告
      [科技识别] 标题是否科技相关: 否
      [SKIP] 标题非科技相关，不进入详情爬取

  [32/40] 标题: 招商银行海口分行零星装修工程施工供应商征集公告
      [科技识别] 标题是否科技相关: 否
      [SKIP] 标题非科技相关，不进入详情爬取

  [33/40] 标题: 中国银行保险监督管理委员会安徽监管局关于喷墨多功能一体机的网上超市采购项目成交公告
      [科技识别] 标题是否科技相关: 否
      [SKIP] 标题非科技相关，不进入详情爬取

  [34/40] 标题: 霍邱县自然资源和规划局不动产权证书/登记证明遗失（灭失）声明（徽商银行股份有限公司六安霍邱…
      [科技识别] 标题是否科技相关: 否
      [SKIP] 标题非科技相关，不进入详情爬取

  [35/40] 标题: 安徽新安银行数据存储交换平台采购项目公开招标公告
      [科技识别] 标题是否科技相关: 是
      [过滤-排除词] 未命中，通过
      [过滤-关键词] 包含「银行」，通过
      [OK] 通过全部筛选，进入详情爬取
    [已保存] output\2026-04-02\银行\招标公告_安徽新安银行数据存储交换平台采购项目公开招标公告_074901.json

  [36/40] 标题: 杭州文化产权交易所关于（特价股权）10万股，江西永新农村商业银行自然人股权农商银行股权分红…
      [科技识别] 标题是否科技相关: 否
      [SKIP] 标题非科技相关，不进入详情爬取

  [37/40] 标题: 中国工商银行泰安分行肥城高余支行营业用房装修改造项目
      [科技识别] 标题是否科技相关: 否
      [SKIP] 标题非科技相关，不进入详情爬取

  [38/40] 标题: 中国银行泰安通天街支行迁址装修项目
      [科技识别] 标题是否科技相关: 否
      [SKIP] 标题非科技相关，不进入详情爬取

  [39/40] 标题: 池州九华农村商业银行股份有限公司外部押品评估合作机构入围招标项目公告
      [科技识别] 标题是否科技相关: 否
      [SKIP] 标题非科技相关，不进入详情爬取

  [40/40] 标题: 中国银行股份有限公司宁波市鄞州分行关于“2026年第1次固定资产报废处置项目”询价采购公告
      [科技识别] 标题是否科技相关: 否
      [SKIP] 标题非科技相关，不进入详情爬取

  [第 24 页]
  [DEBUG] 已检测到「条信息」，按整页详情链接解析
      [WARN] 未找到 .ssjg-leixing，info_type 将记为采招信息
  本页找到 40 条结果

  [1/40] 标题: 浙江大勤建设项目管理有限公司关于公款存放战略合作银行采购项目招标公告
      [科技识别] 标题是否科技相关: 否
      [SKIP] 标题非科技相关，不进入详情爬取

  [2/40] 标题: 兴业银行保定分行本部新址装修改造项目-建设工程消防验收备案【竞秀区】
      [科技识别] 标题是否科技相关: 否
      [SKIP] 标题非科技相关，不进入详情爬取

  [3/40] 标题: 浙江省医药健康产业集团有限公司关于浙江省医药健康产业集团有限公司首次在银行间交易商协会注册…
      [科技识别] 标题是否科技相关: 否
      [SKIP] 标题非科技相关，不进入详情爬取

  [4/40] 标题: 浙江省医药健康产业集团有限公司关于浙江省医药健康产业集团有限公司首次在银行间交易商协会注册…
      [科技识别] 标题是否科技相关: 否
      [SKIP] 标题非科技相关，不进入详情爬取

  [5/40] 标题: 兴业银行合肥分行2026年分行本部大楼绿植租赁项目中标候选人公示
      [科技识别] 标题是否科技相关: 否
      [SKIP] 标题非科技相关，不进入详情爬取

  [6/40] 标题: 中国银行股份有限公司云浮新兴支行二、三楼修缮改造工程项目采购邀请公告
      [科技识别] 标题是否科技相关: 否
      [SKIP] 标题非科技相关，不进入详情爬取

  [7/40] 标题: 【南宁分行】中国民生银行南宁分行营业网点装修装饰工程设计类供应商入围项目征询公告
      [科技识别] 标题是否科技相关: 否
      [SKIP] 标题非科技相关，不进入详情爬取

  [8/40] 标题: 中国银行总行金融科技中心和林格尔园区商密安防改造采购项目（第二次）招标公告
      [科技识别] 标题是否科技相关: 否
      [SKIP] 标题非科技相关，不进入详情爬取

  [9/40] 标题: 珠海农村商业银行股份有限公司桌面终端安全管理系统采购项目中标结果公告
      [科技识别] 标题是否科技相关: 否
      [SKIP] 标题非科技相关，不进入详情爬取

  [10/40] 标题: 云南省福利彩票发行中心银行服务项目更正公告
      [科技识别] 标题是否科技相关: 否
      [SKIP] 标题非科技相关，不进入详情爬取

  [11/40] 标题: 教师培训类项目——学分银行-课程平台租赁费比选公告
      [科技识别] 标题是否科技相关: 否
      [SKIP] 标题非科技相关，不进入详情爬取

  [12/40] 标题: 兰州银行股份有限公司诚信支行名下位于甘肃省金昌市金川区宝光里23区延安东路43号综合楼1-…
      [科技识别] 标题是否科技相关: 否
      [SKIP] 标题非科技相关，不进入详情爬取

  [13/40] 标题: 兰州银行股份有限公司诚信支行名下位于成都市青羊区百花西路1号1栋4层406-410、负1层…
      [科技识别] 标题是否科技相关: 否
      [SKIP] 标题非科技相关，不进入详情爬取

  [14/40] 标题: 山东省城市商业银行合作联盟有限公司社保卡实施项目供应商二次征集公告
      [科技识别] 标题是否科技相关: 否
      [SKIP] 标题非科技相关，不进入详情爬取

  [15/40] 标题: 招商银行采购结果公告
      [科技识别] 标题是否科技相关: 否
      [SKIP] 标题非科技相关，不进入详情爬取

  [16/40] 标题: 沧州银行实时数据平台项目一标段
      [科技识别] 标题是否科技相关: 是
      [过滤-排除词] 未命中，通过
      [过滤-关键词] 包含「银行」，通过
      [OK] 通过全部筛选，进入详情爬取
    [已保存] output\2026-04-02\银行\中标结果_沧州银行实时数据平台项目一标段_075029.json

  [17/40] 标题: 山东省城市商业银行合作联盟有限公司社保卡实施项目供应商二次征集公告
      [科技识别] 标题是否科技相关: 否
      [SKIP] 标题非科技相关，不进入详情爬取

  [18/40] 标题: 建设银行北京市分行采购2026年中央广播电视总台文艺之声广播广告投放供应商项目供应商征集
      [科技识别] 标题是否科技相关: 否
      [SKIP] 标题非科技相关，不进入详情爬取

  [19/40] 标题: 招商银行广州分行大楼电梯钢丝绳更换及加装动能回收装置供应商征集公告
      [科技识别] 标题是否科技相关: 否
      [SKIP] 标题非科技相关，不进入详情爬取

  [20/40] 标题: 华润融资租赁有限公司发行永续中期票据银行机构主承销服务公告
      [科技识别] 标题是否科技相关: 否
      [SKIP] 标题非科技相关，不进入详情爬取

  [21/40] 标题: 中国银行济宁分行选取公司金融部泗水县城乡与住房建设局资金管理系统集中采购项目（五年）单一来…
      [科技识别] 标题是否科技相关: 否
      [SKIP] 标题非科技相关，不进入详情爬取

  [22/40] 标题: 中国建设银行股份有限公司朝阳分行喀左食堂租赁采购项目单一来源采前公示
      [科技识别] 标题是否科技相关: 否
      [SKIP] 标题非科技相关，不进入详情爬取

  [23/40] 标题: 南太湖洲际酒店智能化设备佣金和银行支付对账系统采购项目交易公告
      [科技识别] 标题是否科技相关: 否
      [SKIP] 标题非科技相关，不进入详情爬取

  [24/40] 标题: 中国银行菏泽分行办公室选取菏泽分行驾驶服务集中采购项目(二次)招标公告
      [科技识别] 标题是否科技相关: 否
      [SKIP] 标题非科技相关，不进入详情爬取

  [25/40] 标题: 江苏银行金融科技中心建设项目勘察中标结果公示
      [科技识别] 标题是否科技相关: 否
      [SKIP] 标题非科技相关，不进入详情爬取

  [26/40] 标题: 双辽市卧虎镇九家子村经济合作社张孝良银行地-产权交易公告
      [科技识别] 标题是否科技相关: 否
      [SKIP] 标题非科技相关，不进入详情爬取

  [27/40] 标题: 沧州银行实时数据平台项目一标段
      [科技识别] 标题是否科技相关: 是
      [过滤-排除词] 未命中，通过
      [过滤-关键词] 包含「银行」，通过
      [OK] 通过全部筛选，进入详情爬取
    [已保存] output\2026-04-02\银行\中标结果_沧州银行实时数据平台项目一标段_075106.json

  [28/40] 标题: 杭州文化产权交易所关于【个税出让方承担】浙江海盐农村商业银行股份有限公司员工自然人股权21…
      [科技识别] 标题是否科技相关: 否
      [SKIP] 标题非科技相关，不进入详情爬取

  [29/40] 标题: 杭州文化产权交易所有限公司关于四川南充农村商业银行自然人股权10万股公开竞价的公告(第一次…
      [科技识别] 标题是否科技相关: 否
      [SKIP] 标题非科技相关，不进入详情爬取

  [30/40] 标题: 中国农业科学院农业环境与可持续发展研究所定期存款银行竞争性选择公告
      [科技识别] 标题是否科技相关: 否
      [SKIP] 标题非科技相关，不进入详情爬取

  [31/40] 标题: 萍乡市安源区人民法院关于江西芦溪农村商业银行股份有限公司股权112707股（第一次拍卖）的…
      [科技识别] 标题是否科技相关: 否
      [SKIP] 标题非科技相关，不进入详情爬取

  [32/40] 标题: 兴业银行保定分行本部新址装修改造项目-兴业银行保定分行本部新址装修改造项目
      [科技识别] 标题是否科技相关: 否
      [SKIP] 标题非科技相关，不进入详情爬取

  [33/40] 标题: 潍坊银行分支机构企业文化展示阵地内容整改维修项目竞争性谈判采购公告
      [科技识别] 标题是否科技相关: 否
      [SKIP] 标题非科技相关，不进入详情爬取

  [34/40] 标题: 山西银行晋城分行收银一体化服务升级项目供应商征集公告
      [科技识别] 标题是否科技相关: 否
      [SKIP] 标题非科技相关，不进入详情爬取

  [35/40] 标题: 建设银行北京市分行采购2026年北京广播电视台广播广告投放供应商项目供应商征集
      [科技识别] 标题是否科技相关: 否
      [SKIP] 标题非科技相关，不进入详情爬取

  [36/40] 标题: 建设银行北京市分行采购2026年北京广播电视台卫视频道《博物馆之城》打包广告采购代理商项目…
      [科技识别] 标题是否科技相关: 否
      [SKIP] 标题非科技相关，不进入详情爬取

  [37/40] 标题: 兴业银行关于数据中心基础设施管理平台项目供应商征集调研公告
      [科技识别] 标题是否科技相关: 是
      [过滤-排除词] 未命中，通过
      [过滤-关键词] 包含「银行」，通过
      [OK] 通过全部筛选，进入详情爬取
    [已保存] output\2026-04-02\银行\招标公告_兴业银行关于数据中心基础设施管理平台项目供应商征集调研公告_075142.json

  [38/40] 标题: 中国银行股份有限公司江阴分行驾驶采购项目采购邀请公告（二次）
      [科技识别] 标题是否科技相关: 否
      [SKIP] 标题非科技相关，不进入详情爬取

  [39/40] 标题: 兴业银行保定分行本部新址装修改造项目
      [科技识别] 标题是否科技相关: 否
      [SKIP] 标题非科技相关，不进入详情爬取

  [40/40] 标题: 中国银行辽宁省分行第二届中行杯足球友谊赛项目结果公告
      [科技识别] 标题是否科技相关: 否
      [SKIP] 标题非科技相关，不进入详情爬取

  [第 25 页]
  [DEBUG] 已检测到「条信息」，按整页详情链接解析
      [WARN] 未找到 .ssjg-leixing，info_type 将记为采招信息
  本页找到 40 条结果

  [1/40] 标题: 中国进出口银行选聘2026-2029年全行固定资产统一保险公司项目中标结果公告
      [科技识别] 标题是否科技相关: 否
      [SKIP] 标题非科技相关，不进入详情爬取

  [2/40] 标题: 池州九华农村商业银行墩上支行营业厅工程招标公告
      [科技识别] 标题是否科技相关: 否
      [SKIP] 标题非科技相关，不进入详情爬取

  [3/40] 标题: 颍上农商银行可移动装配式银行网点租赁项目（框架协议）中标（成交）结果公示
      [科技识别] 标题是否科技相关: 否
      [SKIP] 标题非科技相关，不进入详情爬取

  [4/40] 标题: 中国民生银行股份有限公司北京分行2026年员工五一节日慰问品采购入围项目征询公告
      [科技识别] 标题是否科技相关: 否
      [SKIP] 标题非科技相关，不进入详情爬取

  [5/40] 标题: 中国人民银行宣城市分行关于移动硬盘的网上超市采购项目成交公告
      [科技识别] 标题是否科技相关: 否
      [SKIP] 标题非科技相关，不进入详情爬取

  [6/40] 标题: 招商银行采购结果公告-HZ01-20260323001
      [科技识别] 标题是否科技相关: 否
      [SKIP] 标题非科技相关，不进入详情爬取

  [7/40] 标题: 招商银行苏州分行数字化产品支持外包人员采购项目供应商征集公告
      [科技识别] 标题是否科技相关: 是
      [过滤-排除词] 未命中，通过
      [过滤-关键词] 包含「银行」，通过
      [OK] 通过全部筛选，进入详情爬取
    [已保存] output\2026-04-02\银行\招标公告_招商银行苏州分行数字化产品支持外包人员采购项目供应商征集公告_075310.json

  [8/40] 标题: 江西横峰农村商业银行股份有限公司关于江西横峰农村商业银行股份有限公司关于上饶市信州区凤凰大…
      [科技识别] 标题是否科技相关: 否
      [SKIP] 标题非科技相关，不进入详情爬取

  [9/40] 标题: 江苏盱眙农村商业银行股份有限公司关于大明宣化老街S1-101、S1-103、S1-104、…
      [科技识别] 标题是否科技相关: 否
      [SKIP] 标题非科技相关，不进入详情爬取

  [10/40] 标题: 江苏盱眙农村商业银行股份有限公司关于盱眙县盱城镇甘泉西路3号五环中央公馆7幢102室、10…
      [科技识别] 标题是否科技相关: 否
      [SKIP] 标题非科技相关，不进入详情爬取

  [11/40] 标题: 恒丰银行黄务数据中心机房二期扩容建设施工项目恒丰银行黄务数据中心机房二期扩容建设施工项目
      [科技识别] 标题是否科技相关: 是
      [过滤-排除词] 未命中，通过
      [过滤-关键词] 包含「银行」，通过
      [OK] 通过全部筛选，进入详情爬取
    [已保存] output\2026-04-02\银行\招标公告_恒丰银行黄务数据中心机房二期扩容建设施工项目恒丰银行黄务数据中心机房二期扩容建设施工项目_075347.json

  [12/40] 标题: 恒丰银行黄务数据中心机房二期扩容建设施工项目恒丰银行黄务数据中心机房二期扩容建设施工项目
      [科技识别] 标题是否科技相关: 是
      [过滤-排除词] 未命中，通过
      [过滤-关键词] 包含「银行」，通过
      [OK] 通过全部筛选，进入详情爬取
    [已保存] output\2026-04-02\银行\招标公告_恒丰银行黄务数据中心机房二期扩容建设施工项目恒丰银行黄务数据中心机房二期扩容建设施工项目_075423.json

  [13/40] 标题: 中国建设银行股份有限公司江西省分行关于南昌分行饮用水项目采购采购供应商二次征集公告
      [科技识别] 标题是否科技相关: 否
      [SKIP] 标题非科技相关，不进入详情爬取

  [14/40] 标题: 2026年江苏灌云农村商业银行股份有限公司员工工作服采购流标公告
      [科技识别] 标题是否科技相关: 否
      [SKIP] 标题非科技相关，不进入详情爬取

  [15/40] 标题: 中国建设银行武汉钢城支行公证服务采购项目供应商征集公告
      [科技识别] 标题是否科技相关: 否
      [SKIP] 标题非科技相关，不进入详情爬取

  [16/40] 标题: 杭州文化产权交易所关于（特价银行股权）10万股山东蒙阴农村商业银行自然人股权带证的公告(第…
      [科技识别] 标题是否科技相关: 否
      [SKIP] 标题非科技相关，不进入详情爬取

  [17/40] 标题: 杭州文化产权交易所关于东莞农商银行自然人股16100股【含证】＆专人协助办理过户的公告
      [科技识别] 标题是否科技相关: 否
      [SKIP] 标题非科技相关，不进入详情爬取

  [18/40] 标题: 中国银行股份有限公司中山分行全辖网点终端设备维护项目采购结果公告
      [科技识别] 标题是否科技相关: 是
      [过滤-排除词] 未命中，通过
      [过滤-关键词] 包含「银行」，通过
      [OK] 通过全部筛选，进入详情爬取
    [PDF] 路由拦截成功，共 337630 字节
    [PDF] 扫描版/少字 PDF 共 2 页，转为图片 OCR...
    [OCR] 识别第 1/2 页 ...
    [OCR] 识别第 2/2 页 ...
    [OCR] 全部 2 页识别完成
    [PDF] 响应拦截解析完成，共 632 字
    [已保存] output\2026-04-02\银行\中标结果_中国银行股份有限公司中山分行全辖网点终端设备维护项目采购结果公告_075502.json

  [19/40] 标题: 杭州文化产权交易所关于东莞农商银行自然人股3221股【含证】＆专人协助办理过户的公告
      [科技识别] 标题是否科技相关: 否
      [SKIP] 标题非科技相关，不进入详情爬取

  [20/40] 标题: 贵州大方农商银行云音箱采购项目成交候选供应商公示
      [科技识别] 标题是否科技相关: 否
      [SKIP] 标题非科技相关，不进入详情爬取

  [21/40] 标题: 上海浦东发展银行北京分行搬运服务采购项目结果公示
      [科技识别] 标题是否科技相关: 否
      [SKIP] 标题非科技相关，不进入详情爬取

  [22/40] 标题: 中国光大银行股份有限公司石家庄中山西路社区支行内装修工程-中国光大银行股份有限公司石家庄中…
      [科技识别] 标题是否科技相关: 否
      [SKIP] 标题非科技相关，不进入详情爬取

  [23/40] 标题: 山东临淄农村商业银行股份有限公司中心机房UPS不间断电源系统采购项目中标结果公示
      [科技识别] 标题是否科技相关: 是
      [过滤-排除词] 未命中，通过
      [过滤-关键词] 包含「银行」，通过
      [OK] 通过全部筛选，进入详情爬取
    [已保存] output\2026-04-02\银行\中标结果_山东临淄农村商业银行股份有限公司中心机房UPS不间断电源系统采购项目中标结果公示_075531.json

  [24/40] 标题: 积余汇勤南京分公司-积余汇勤南京分公司-招商银行南京分行同城42家支行网点及社区支行门头店…
      [科技识别] 标题是否科技相关: 否
      [SKIP] 标题非科技相关，不进入详情爬取

  [25/40] 标题: 银行保本型理财产品询价公告
      [科技识别] 标题是否科技相关: 否
      [SKIP] 标题非科技相关，不进入详情爬取

  [26/40] 标题: 河北省银行业协会采购法律顾问服务项目招标公告
      [科技识别] 标题是否科技相关: 否
      [SKIP] 标题非科技相关，不进入详情爬取

  [27/40] 标题: 中国建设银行股份有限公司厦门市分行2026-2027年消费者权益保护保险采购项目候选供应商…
      [科技识别] 标题是否科技相关: 否
      [SKIP] 标题非科技相关，不进入详情爬取

  [28/40] 标题: 中国建设银行股份有限公司朝阳分行房屋租赁采购项目单一来源采前公示
      [科技识别] 标题是否科技相关: 否
      [SKIP] 标题非科技相关，不进入详情爬取

  [29/40] 标题: 中国建设银行股份有限公司朝阳分行房屋租赁采购项目单一来源采前公示
      [科技识别] 标题是否科技相关: 否
      [SKIP] 标题非科技相关，不进入详情爬取

  [30/40] 标题: 中国建设银行青岛市分行2026年营销用品采购项目市场调研公告
      [科技识别] 标题是否科技相关: 否
      [SKIP] 标题非科技相关，不进入详情爬取

  [31/40] 标题: 宁波市浙电集体资产经营管理中心及其下属公司基本户开户银行及公款竞争性存放项目结果公示
      [科技识别] 标题是否科技相关: 否
      [SKIP] 标题非科技相关，不进入详情爬取

  [32/40] 标题: 中国银行保险监督管理委员会江西监管局处置电子设备的公告
      [科技识别] 标题是否科技相关: 否
      [SKIP] 标题非科技相关，不进入详情爬取

  [33/40] 标题: 【黑龙江联合产权交易所】哈尔滨银行股份有限公司金桥支行一处房产出租
      [科技识别] 标题是否科技相关: 否
      [SKIP] 标题非科技相关，不进入详情爬取

  [34/40] 标题: 杭州文化产权交易所关于江门农商银行自然人股1198股【含证】＆专人协助办理过户的公告
      [科技识别] 标题是否科技相关: 否
      [SKIP] 标题非科技相关，不进入详情爬取

  [35/40] 标题: 垣曲农商银行广告设计、印刷服务采购项目框架协议采购成交候选人公示
      [科技识别] 标题是否科技相关: 否
      [SKIP] 标题非科技相关，不进入详情爬取

  [36/40] 标题: 杭州文化产权交易所关于（银行股权）637622股四川阿坝州农村信用联社股权转让的公告(第一…
      [科技识别] 标题是否科技相关: 否
      [SKIP] 标题非科技相关，不进入详情爬取

  [37/40] 标题: 乡宁农商银行选聘律师事务所框架协议采购入围项目(001标段)框架协议采购成交候选人公示
      [科技识别] 标题是否科技相关: 否
      [SKIP] 标题非科技相关，不进入详情爬取

  [38/40] 标题: 中国外汇交易中心(全国银行间同业拆借中心)便携式计算机（框采）等协议比价成交公告
      [科技识别] 标题是否科技相关: 否
      [SKIP] 标题非科技相关，不进入详情爬取

  [39/40] 标题: 保定市莲池区农大西街154号房屋及河北农业大学西校区物业楼西南角自助银行用房租赁一批拍卖公…
      [科技识别] 标题是否科技相关: 否
      [SKIP] 标题非科技相关，不进入详情爬取

  [40/40] 标题: 招商银行烟台分行2026年技防设施设备维修维项目采购合同
      [科技识别] 标题是否科技相关: 否
      [SKIP] 标题非科技相关，不进入详情爬取

  [第 26 页]
  [DEBUG] 已检测到「条信息」，按整页详情链接解析
      [WARN] 未找到 .ssjg-leixing，info_type 将记为采招信息
  本页找到 40 条结果

  [1/40] 标题: 哈尔滨银行股份有限公司金桥支行一处房产出租交易公告(国资监测编号GR2026HL20012…
      [科技识别] 标题是否科技相关: 否
      [SKIP] 标题非科技相关，不进入详情爬取

  [2/40] 标题: 中国进出口银行2026-2027年互联网邮箱托管项目供应商征集公告
      [科技识别] 标题是否科技相关: 否
      [SKIP] 标题非科技相关，不进入详情爬取

  [3/40] 标题: 中国建设银行安徽省分行关于2026年度办公楼宇“双碳”二期试点机构市场化代理购买绿电服务供…
      [科技识别] 标题是否科技相关: 否
      [SKIP] 标题非科技相关，不进入详情爬取

  [4/40] 标题: 中国银行井冈山支行2026年营业网点保安服务采购项目竞争性磋商公告
      [科技识别] 标题是否科技相关: 否
      [SKIP] 标题非科技相关，不进入详情爬取

  [5/40] 标题: 亚洲开发银行贷款湖南省湘西州农村环境整治和绿色发展项目龙山县里耶历史文化名镇消防设备采购
      [科技识别] 标题是否科技相关: 否
      [SKIP] 标题非科技相关，不进入详情爬取

  [6/40] 标题: 成都银行新核心业务系统建设生产服务器采购项目评标结果公示
      [科技识别] 标题是否科技相关: 是
      [过滤-排除词] 未命中，通过
      [过滤-关键词] 包含「银行」，通过
      [OK] 通过全部筛选，进入详情爬取
    [PDF] 路由拦截成功，共 516709 字节
    [PDF] 扫描版/少字 PDF 共 3 页，转为图片 OCR...
    [OCR] 识别第 1/3 页 ...
    [OCR] 识别第 2/3 页 ...
    [OCR] 识别第 3/3 页 ...
    [OCR] 全部 3 页识别完成
    [PDF] 响应拦截解析完成，共 1599 字
    [已保存] output\2026-04-02\银行\中标结果_成都银行新核心业务系统建设生产服务器采购项目评标结果公示_075712.json

  [7/40] 标题: 中国银行二连浩特市分行2026年离境退税服务外包采购项目中标结果公示
      [科技识别] 标题是否科技相关: 否
      [SKIP] 标题非科技相关，不进入详情爬取

  [8/40] 标题: 常德科技职业技术学院银行金融业务合作服务项目公开招标公告
      [科技识别] 标题是否科技相关: 否
      [SKIP] 标题非科技相关，不进入详情爬取

  [9/40] 标题: 兴业银行保定分行本部新址装修改造项目-建设工程消防验收备案【竞秀区】
      [科技识别] 标题是否科技相关: 否
      [SKIP] 标题非科技相关，不进入详情爬取

  [10/40] 标题: 2026-2027年度上海浦东发展银行南宁分行常年法律顾问服务采购（GXKLG202630…
      [科技识别] 标题是否科技相关: 否
      [SKIP] 标题非科技相关，不进入详情爬取

  [11/40] 标题: 成都农村商业银行股份有限公司青羊支行资产出租交易结果公示（2026年04月02日）
      [科技识别] 标题是否科技相关: 否
      [SKIP] 标题非科技相关，不进入详情爬取

  [12/40] 标题: 关于【宁都农商银行总行大楼建设项目】中选结果的公告
      [科技识别] 标题是否科技相关: 否
      [SKIP] 标题非科技相关，不进入详情爬取

  [13/40] 标题: 中原银行股份有限公司洛阳分行与河南资产管理有限公司债权转让通知暨债务催收联合公告(编号:Z…
      [科技识别] 标题是否科技相关: 否
      [SKIP] 标题非科技相关，不进入详情爬取

  [14/40] 标题: 兴业银行常州分行门禁系统改造项目中标（成交）结果公告
      [科技识别] 标题是否科技相关: 是
      [过滤-排除词] 未命中，通过
      [过滤-关键词] 包含「银行」，通过
      [OK] 通过全部筛选，进入详情爬取
    [已保存] output\2026-04-02\银行\中标结果_兴业银行常州分行门禁系统改造项目中标（成交）结果公告_075748.json

  [15/40] 标题: 内蒙古农村商业银行股份有限公司阿荣旗支行关于抵债资产拍卖的公告(再次)
      [科技识别] 标题是否科技相关: 否
      [SKIP] 标题非科技相关，不进入详情爬取

  [16/40] 标题: 内蒙古农村商业银行股份有限公司太仆寺旗支行关于太仆寺旗宝昌镇向阳北街商业楼的公告
      [科技识别] 标题是否科技相关: 否
      [SKIP] 标题非科技相关，不进入详情爬取

  [17/40] 标题: 重庆农村商业银行重要信息系统国产数据库项目答疑补遗文件
      [科技识别] 标题是否科技相关: 是
      [过滤-排除词] 未命中，通过
      [过滤-关键词] 包含「银行」，通过
      [OK] 通过全部筛选，进入详情爬取
    [已保存] output\2026-04-02\银行\招标公告_重庆农村商业银行重要信息系统国产数据库项目答疑补遗文件_075824.json

  [18/40] 标题: 关于“中信银行马坡机房CQCA级认证复审服务项目”供应商征集公告
      [科技识别] 标题是否科技相关: 是
      [过滤-排除词] 未命中，通过
      [过滤-关键词] 包含「银行」，通过
      [OK] 通过全部筛选，进入详情爬取
    [已保存] output\2026-04-02\银行\招标公告_关于“中信银行马坡机房CQCA级认证复审服务项目”供应商征集公告_075902.json

  [19/40] 标题: 哈尔滨银行股份有限公司金桥支行一处房产出租交易公告
      [科技识别] 标题是否科技相关: 否
      [SKIP] 标题非科技相关，不进入详情爬取

  [20/40] 标题: 亚洲开发银行贷款丝绸之路沿线地区生态治理与保护项目甘肃子项庆阳市森林防火专用车采购第三次投…
      [科技识别] 标题是否科技相关: 否
      [SKIP] 标题非科技相关，不进入详情爬取

  [21/40] 标题: 中原银行安阳分行2026-2028公证服务采购项目中标候选人公示
      [科技识别] 标题是否科技相关: 否
      [SKIP] 标题非科技相关，不进入详情爬取

  [22/40] 标题: 关于2026年（第二期）平湖市公款竞争性存放定期存款银行项目的暂停公告
      [科技识别] 标题是否科技相关: 否
      [SKIP] 标题非科技相关，不进入详情爬取

  [23/40] 标题: 中国进出口银行选聘2026-2029年全行固定资产统一保险公司项目中标结果公告
      [科技识别] 标题是否科技相关: 否
      [SKIP] 标题非科技相关，不进入详情爬取

  [24/40] 标题: 中国邮政储蓄银行股份有限公司2026年许昌市分行办公大楼及魏都区支行各二级支行零星维修服务…
      [科技识别] 标题是否科技相关: 否
      [SKIP] 标题非科技相关，不进入详情爬取

  [25/40] 标题: 华诚工程咨询集团有限公司关于中国工商银行嘉兴分行本级食堂食材定点采购项目的招标公告
      [科技识别] 标题是否科技相关: 否
      [SKIP] 标题非科技相关，不进入详情爬取

  [26/40] 标题: 中国农业银行股份有限公司钦州江南支行营业网点装修工程-备案项目
      [科技识别] 标题是否科技相关: 否
      [SKIP] 标题非科技相关，不进入详情爬取

  [27/40] 标题: 颍淮农村商业银行机房核心路由器和核心交换机采购项目招标公告
      [科技识别] 标题是否科技相关: 是
      [过滤-排除词] 未命中，通过
      [过滤-关键词] 包含「银行」，通过
      [OK] 通过全部筛选，进入详情爬取
    [已保存] output\2026-04-02\银行\招标公告_颍淮农村商业银行机房核心路由器和核心交换机采购项目招标公告_075939.json

  [28/40] 标题: 颍淮农村商业银行员工生日蛋糕券采购项目招标公告
      [科技识别] 标题是否科技相关: 否
      [SKIP] 标题非科技相关，不进入详情爬取

  [29/40] 标题: 泰兴支行办公大楼装修中国银行泰兴支行办公楼装修改造项目中标结果公告
      [科技识别] 标题是否科技相关: 否
      [SKIP] 标题非科技相关，不进入详情爬取

  [30/40] 标题: 白马镇农业银行（文化大楼）屋面维修等零星工程中标公示
      [科技识别] 标题是否科技相关: 否
      [SKIP] 标题非科技相关，不进入详情爬取

  [31/40] 标题: 中信银行股份有限公司信用卡中心ACS系统EMVCo3DS2.3.1与PCI3DS认证服务采…
      [科技识别] 标题是否科技相关: 否
      [SKIP] 标题非科技相关，不进入详情爬取

  [32/40] 标题: 广西建工集团控股有限公司第四分公司广西柳城农村合作银行综合业务大楼项目幕墙专业分包合同采购…
      [科技识别] 标题是否科技相关: 否
      [SKIP] 标题非科技相关，不进入详情爬取

  [33/40] 标题: 中国农业银行股份有限公司天水建设路支行装修改造工程项目中标候选人及中标结果公示
      [科技识别] 标题是否科技相关: 否
      [SKIP] 标题非科技相关，不进入详情爬取

  [34/40] 标题: 中国银行济宁分行选取公司金融部机构事业中心外包驻点服务商集中采购项目招标公告
      [科技识别] 标题是否科技相关: 否
      [SKIP] 标题非科技相关，不进入详情爬取

  [35/40] 标题: 【人力招标】乌鲁木齐银行|业务系统及AI专项服务人力外包采购项目(4.08截止)
      [科技识别] 标题是否科技相关: 是
      [过滤-排除词] 未命中，通过
      [过滤-关键词] 包含「银行」，通过
      [OK] 通过全部筛选，进入详情爬取
    [已保存] output\2026-04-02\银行\招标公告_【人力招标】乌鲁木齐银行_业务系统及AI专项服务人力外包采购项目(4.08截止)_080015.json

  [36/40] 标题: 徽商银行关于宿州分行抵质押物及抵债资产评估服务供应商采购项目招标公告
      [科技识别] 标题是否科技相关: 否
      [SKIP] 标题非科技相关，不进入详情爬取

  [37/40] 标题: 世界银行贷款预防、准备与应对新发传染病项目海南省项目(全球“全健康”海南示范项目)可行性研…
      [科技识别] 标题是否科技相关: 否
      [SKIP] 标题非科技相关，不进入详情爬取

  [38/40] 标题: 青海省农商银行(农信社)系统新核心项目群-测试服务项目（核心包）标段一合同公告
      [科技识别] 标题是否科技相关: 否
      [SKIP] 标题非科技相关，不进入详情爬取

  [39/40] 标题: 潍坊银行抵押品业务第三方监管服务采购项目单一来源采购公告
      [科技识别] 标题是否科技相关: 否
      [SKIP] 标题非科技相关，不进入详情爬取

  [40/40] 标题: 萍乡市预售资金监管银行招标代理机构-政府采购代理
      [科技识别] 标题是否科技相关: 否
      [SKIP] 标题非科技相关，不进入详情爬取

  [第 27 页]
  [DEBUG] 已检测到「条信息」，按整页详情链接解析
      [WARN] 未找到 .ssjg-leixing，info_type 将记为采招信息
  本页找到 40 条结果

  [1/40] 标题: 中国光大银行股份有限公司太原分行印刷品供应商库入围项目招标变更公告
      [科技识别] 标题是否科技相关: 否
      [SKIP] 标题非科技相关，不进入详情爬取

  [2/40] 标题: 广西兴安农村合作银行空调设备采购项目成交结果公告
      [科技识别] 标题是否科技相关: 否
      [SKIP] 标题非科技相关，不进入详情爬取

  [3/40] 标题: 兴业银行广州分行关于广州同城支行客户沙龙区相关设施设备采购项目结果公告
      [科技识别] 标题是否科技相关: 否
      [SKIP] 标题非科技相关，不进入详情爬取

  [4/40] 标题: 中国工商银行江苏省分行2026年AI数字客户经理营销触客项目招标公告变更公告
      [科技识别] 标题是否科技相关: 否
      [SKIP] 标题非科技相关，不进入详情爬取

  [5/40] 标题: 中国建设银行安徽省分行关于六安市分行本部城区支行临时性网点零星维修项目市场调研公告
      [科技识别] 标题是否科技相关: 否
      [SKIP] 标题非科技相关，不进入详情爬取

  [6/40] 标题: 中国工商银行股份有限公司河南省分行综合营业大楼项目景观及总图专业工程施工【招标计划】
      [科技识别] 标题是否科技相关: 否
      [SKIP] 标题非科技相关，不进入详情爬取

  [7/40] 标题: 中信银行信用卡中心关于2026-2028年度地图服务采购项目招标失败公告
      [科技识别] 标题是否科技相关: 否
      [SKIP] 标题非科技相关，不进入详情爬取

  [8/40] 标题: 中国银行股份有限公司衡水分行地方特色酒线下采购项目成交结果公示
      [科技识别] 标题是否科技相关: 否
      [SKIP] 标题非科技相关，不进入详情爬取

  [9/40] 标题: 中信银行股份有限公司信用卡中心ACS系统EMVCo3DS2.3.1与PCI3DS认证服务采…
      [科技识别] 标题是否科技相关: 否
      [SKIP] 标题非科技相关，不进入详情爬取

  [10/40] 标题: 中国人民银行怀化市分行2026年5月政府采购意向-扫描仪详细情况1.200000万元(人民…
      [科技识别] 标题是否科技相关: 否
      [SKIP] 标题非科技相关，不进入详情爬取

  [11/40] 标题: 杭州文化产权交易所关于（特价股）山东烟台农村商业银行自然人股权的公告(第一次)
      [科技识别] 标题是否科技相关: 否
      [SKIP] 标题非科技相关，不进入详情爬取

  [12/40] 标题: 扶余市永平乡九连山村经济合作社四社机动地老银行地刘永刚地东大山沟3份-产权交易公告
      [科技识别] 标题是否科技相关: 否
      [SKIP] 标题非科技相关，不进入详情爬取

  [13/40] 标题: 交通银行安庆分行零星标识标牌制作安装供应商征集公告
      [科技识别] 标题是否科技相关: 否
      [SKIP] 标题非科技相关，不进入详情爬取

  [14/40] 标题: 2604-320572-89-01-756753中国农业银行股份有限公司常熟东南经济开发区…
      [科技识别] 标题是否科技相关: 否
      [SKIP] 标题非科技相关，不进入详情爬取

  [15/40] 标题: 广州银行信用卡催收外呼号码标识查询服务采购项目的征集公告（第二次）
      [科技识别] 标题是否科技相关: 否
      [SKIP] 标题非科技相关，不进入详情爬取

  [16/40] 标题: 【泰兴市】中国银行泰兴支行办公楼装修改造项目
      [科技识别] 标题是否科技相关: 否
      [SKIP] 标题非科技相关，不进入详情爬取

  [17/40] 标题: 中信银行信用卡中心关于2026-2028年度地图服务采购项目招标失败公告
      [科技识别] 标题是否科技相关: 否
      [SKIP] 标题非科技相关，不进入详情爬取

  [18/40] 标题: 厦门国际银行股份有限公司2026年一季度新一代核心项目群开发测试环境硬件资源采购项目中标候…
      [科技识别] 标题是否科技相关: 否
      [SKIP] 标题非科技相关，不进入详情爬取

  [19/40] 标题: 中国建设银行安徽省分行关于芜湖市分行2026年员工体检服务项目征集公告
      [科技识别] 标题是否科技相关: 否
      [SKIP] 标题非科技相关，不进入详情爬取

  [20/40] 标题: 厦门国际银行股份有限公司2026年一季度常规项目建设科技测试硬件资源采购项目中标候选人公示
      [科技识别] 标题是否科技相关: 否
      [SKIP] 标题非科技相关，不进入详情爬取

  [21/40] 标题: 中国人民银行清算总中心2026年内部控制风险评估服务供应商征集
      [科技识别] 标题是否科技相关: 否
      [SKIP] 标题非科技相关，不进入详情爬取

  [22/40] 标题: 广西建工集团控股有限公司第四分公司广西柳城农村合作银行综合业务大楼项目栏杆扶手专业分包合同…
      [科技识别] 标题是否科技相关: 否
      [SKIP] 标题非科技相关，不进入详情爬取

  [23/40] 标题: 关于2026年（第二期）平湖市公款竞争性存放定期存款银行项目的暂停公告
      [科技识别] 标题是否科技相关: 否
      [SKIP] 标题非科技相关，不进入详情爬取

  [24/40] 标题: 中国邮政储蓄银行四川省分行2026年至2027年本部临时应急技术外包服务与大众客群集约化数…
      [科技识别] 标题是否科技相关: 否
      [SKIP] 标题非科技相关，不进入详情爬取

  [25/40] 标题: 吉林农村商业银行股份有限公司蛟河支行关于吉林农村商业银行股份有限公司蛟河支行关于蛟河市漂河…
      [科技识别] 标题是否科技相关: 否
      [SKIP] 标题非科技相关，不进入详情爬取

  [26/40] 标题: 广西龙胜农村商业银行股份有限公司关于广西龙胜农村商业银行股份有限公司拍卖公告的公告(第二次…
      [科技识别] 标题是否科技相关: 否
      [SKIP] 标题非科技相关，不进入详情爬取

  [27/40] 标题: 广西龙胜农村商业银行股份有限公司关于广西龙胜农村商业银行股份有限公司拍卖公告的公告(第二次…
      [科技识别] 标题是否科技相关: 否
      [SKIP] 标题非科技相关，不进入详情爬取

  [28/40] 标题: 广西大新农村商业银行股份有限公司关于公开拍卖广西崇左农村商业银行股份有限公司1044710…
      [科技识别] 标题是否科技相关: 否
      [SKIP] 标题非科技相关，不进入详情爬取

  [29/40] 标题: 珠海农村商业银行股份有限公司关于李海林不良贷款债权转让的公告(第一次)
      [科技识别] 标题是否科技相关: 否
      [SKIP] 标题非科技相关，不进入详情爬取

  [30/40] 标题: 吉林农村商业银行股份有限公司蛟河支行关于吉林农村商业银行股份有限公司蛟河支行关于蛟河市新华…
      [科技识别] 标题是否科技相关: 否
      [SKIP] 标题非科技相关，不进入详情爬取

  [31/40] 标题: 中国银行舟山市分行集中采购结果公示表(2026年4月2日)
      [科技识别] 标题是否科技相关: 否
      [SKIP] 标题非科技相关，不进入详情爬取

  [32/40] 标题: 杭州联合银行打印机耗材供应商入围项目结果公告
      [科技识别] 标题是否科技相关: 是
      [过滤-排除词] 未命中，通过
      [过滤-关键词] 包含「银行」，通过
      [OK] 通过全部筛选，进入详情爬取
    [已保存] output\2026-04-02\银行\中标结果_杭州联合银行打印机耗材供应商入围项目结果公告_080138.json

  [33/40] 标题: 东莞银行深圳分行2026-2029年押运服务采购项目成交结果公告
      [科技识别] 标题是否科技相关: 否
      [SKIP] 标题非科技相关，不进入详情爬取

  [34/40] 标题: 中国人民银行吉林省分行购红百旺复印纸竞价公告-62026040195932832
      [科技识别] 标题是否科技相关: 否
      [SKIP] 标题非科技相关，不进入详情爬取

  [35/40] 标题: 中标结果发布|中国建设银行股份有限公司广州分行私行客户生日有礼增值服务项目中标结果公告
      [科技识别] 标题是否科技相关: 否
      [SKIP] 标题非科技相关，不进入详情爬取

  [36/40] 标题: 江西农村商业联合银行股份有限公司2026年参股辖内农商银行专项法律服务项目B包
      [科技识别] 标题是否科技相关: 否
      [SKIP] 标题非科技相关，不进入详情爬取

  [37/40] 标题: 江西农村商业联合银行股份有限公司2026年参股辖内农商银行专项法律服务项目A包
      [科技识别] 标题是否科技相关: 否
      [SKIP] 标题非科技相关，不进入详情爬取

  [38/40] 标题: 中原银行开封分行市区营业网点现金押运服务项目（二次）招标失败公告
      [科技识别] 标题是否科技相关: 否
      [SKIP] 标题非科技相关，不进入详情爬取

  [39/40] 标题: 兴业银行天津分行外聘保险公司提供抵押物财产保险服务项目供应商征集公告
      [科技识别] 标题是否科技相关: 否
      [SKIP] 标题非科技相关，不进入详情爬取

  [40/40] 标题: 中国银行股份有限公司阜阳分行2026年银医系统升级改造项目（二次）中标结果公告
      [科技识别] 标题是否科技相关: 是
      [过滤-排除词] 未命中，通过
      [过滤-关键词] 包含「银行」，通过
      [OK] 通过全部筛选，进入详情爬取
    [已保存] output\2026-04-02\银行\中标结果_中国银行股份有限公司阜阳分行2026年银医系统升级改造项目（二次）中标结果公告_080207.json

  [第 28 页]
  [DEBUG] 已检测到「条信息」，按整页详情链接解析
      [WARN] 未找到 .ssjg-leixing，info_type 将记为采招信息
  本页找到 40 条结果

  [1/40] 标题: 友亿嘉拍卖（江苏）有限公司关于【财产预估超百亿】债务人控股的上市公司财产线索预估超百亿的原…
      [科技识别] 标题是否科技相关: 否
      [SKIP] 标题非科技相关，不进入详情爬取

  [2/40] 标题: 友亿嘉拍卖（江苏）有限公司关于【11.23%股份】债务人占11.23%股份的上市公司其股票…
      [科技识别] 标题是否科技相关: 否
      [SKIP] 标题非科技相关，不进入详情爬取

  [3/40] 标题: 杭州文化产权交易所关于福建宁德农村商业银行个人股金59.49万股公开竞价的公告(第一次)
      [科技识别] 标题是否科技相关: 否
      [SKIP] 标题非科技相关，不进入详情爬取

  [4/40] 标题: 友亿嘉拍卖（江苏）有限公司关于【预估2亿元】债务人在其控股的上市公司所占股票市值预估2亿元…
      [科技识别] 标题是否科技相关: 否
      [SKIP] 标题非科技相关，不进入详情爬取

  [5/40] 标题: 亚洲开发银行贷款南水北调中线源头河南邓州生态环境保护及综合治理项目邓州市湍北污水处理厂配套…
      [科技识别] 标题是否科技相关: 否
      [SKIP] 标题非科技相关，不进入详情爬取

  [6/40] 标题: 招商银行股份有限公司邯郸分行装饰装修项目-招商银行股份有限公司邯郸分行装饰装修项目
      [科技识别] 标题是否科技相关: 否
      [SKIP] 标题非科技相关，不进入详情爬取

  [7/40] 标题: 中国人民银行会计核算系统全国处理中心及国家支付系统创新实验室业务用房项目（1#主楼等7项）…
      [科技识别] 标题是否科技相关: 否
      [SKIP] 标题非科技相关，不进入详情爬取

  [8/40] 标题: 中国人民银行会计核算系统全国处理中心及国家支付系统创新实验室业务用房项目（1#主楼等7项）…
      [科技识别] 标题是否科技相关: 否
      [SKIP] 标题非科技相关，不进入详情爬取

  [9/40] 标题: 中国人民银行会计核算系统全国处理中心及国家支付系统创新实验室业务用房项目（1#主楼等7项）…
      [科技识别] 标题是否科技相关: 否
      [SKIP] 标题非科技相关，不进入详情爬取

  [10/40] 标题: 中国人民银行会计核算系统全国处理中心及国家支付系统创新实验室业务用房项目（1#主楼等7项）…
      [科技识别] 标题是否科技相关: 否
      [SKIP] 标题非科技相关，不进入详情爬取

  [11/40] 标题: 中国建设银行股份有限公司MSCI数据采购项目候选供应商征集公告
      [科技识别] 标题是否科技相关: 否
      [SKIP] 标题非科技相关，不进入详情爬取

  [12/40] 标题: 中信银行股份有限公司马坡一期机房机电设备维保（原厂）服务采购项目成交公告
      [科技识别] 标题是否科技相关: 是
      [过滤-排除词] 未命中，通过
      [过滤-关键词] 包含「银行」，通过
      [OK] 通过全部筛选，进入详情爬取
    [已保存] output\2026-04-02\银行\中标结果_中信银行股份有限公司马坡一期机房机电设备维保（原厂）服务采购项目成交公告_080339.json

  [13/40] 标题: 线上支付齐商银行股份有限公司经开区支行拥有的山东耀昌集团有限公司的债权及相关权益
      [科技识别] 标题是否科技相关: 否
      [SKIP] 标题非科技相关，不进入详情爬取

  [14/40] 标题: 中国人民银行清算总中心2026-2028年度Xsky存储维护服务单一来源采购公示
      [科技识别] 标题是否科技相关: 否
      [SKIP] 标题非科技相关，不进入详情爬取

  [15/40] 标题: 普信国际工程咨询有限公司关于江苏银行无锡分行2026年员工工作服清洗服务中标结果公示
      [科技识别] 标题是否科技相关: 否
      [SKIP] 标题非科技相关，不进入详情爬取

  [16/40] 标题: 恒丰银行2026年普惠金融部工商全库外部数据采购项目-竞争性磋商公告（三次）-HFZHJZ…
      [科技识别] 标题是否科技相关: 否
      [SKIP] 标题非科技相关，不进入详情爬取

  [17/40] 标题: 恒丰银行2026年度存储资源池扩容项目竞争性磋商公告-HFZHJZCG202602036
      [科技识别] 标题是否科技相关: 否
      [SKIP] 标题非科技相关，不进入详情爬取

  [18/40] 标题: 中国建设银行张家口分行2026年-2027年新业务经营用房消防控制室保安服务项目供应商征集…
      [科技识别] 标题是否科技相关: 否
      [SKIP] 标题非科技相关，不进入详情爬取

  [19/40] 标题: 内蒙古农村商业银行股份有限公司太仆寺旗支行关于资产拍卖的公告(再次)
      [科技识别] 标题是否科技相关: 否
      [SKIP] 标题非科技相关，不进入详情爬取

  [20/40] 标题: 吉林农村商业银行股份有限公司四平城区支行关于抵债资产公开拍卖的公告
      [科技识别] 标题是否科技相关: 否
      [SKIP] 标题非科技相关，不进入详情爬取

  [21/40] 标题: 石嘴山银行股份有限公司中卫分行关于石嘴山银行股份有限公司中卫分行抵债资产拍卖的公告的公告(…
      [科技识别] 标题是否科技相关: 否
      [SKIP] 标题非科技相关，不进入详情爬取

  [22/40] 标题: 兴业银行沈阳分行关于2026年零售快捷支付业务营销活动项目供应商征集调研公告
      [科技识别] 标题是否科技相关: 否
      [SKIP] 标题非科技相关，不进入详情爬取

  [23/40] 标题: 泸州银行股份有限公司关于公开转让泸州市江阳区花果路6号1号楼负201号商业用房的公告(第二…
      [科技识别] 标题是否科技相关: 否
      [SKIP] 标题非科技相关，不进入详情爬取

  [24/40] 标题: 中国建设银行张家口分行2026年-2027年新业务经营用房消防控制室保安服务项目供应商征集…
      [科技识别] 标题是否科技相关: 否
      [SKIP] 标题非科技相关，不进入详情爬取

  [25/40] 标题: 固始天骄村镇银行股份有限公司关于位于内蒙古鄂尔多斯市东胜区丛林名景小区6号楼一单元901号…
      [科技识别] 标题是否科技相关: 否
      [SKIP] 标题非科技相关，不进入详情爬取

  [26/40] 标题: 泸州银行股份有限公司关于公开转让泸州市江阳区花果路6号1号楼201号商业用房的公告(第二次…
      [科技识别] 标题是否科技相关: 否
      [SKIP] 标题非科技相关，不进入详情爬取

  [27/40] 标题: 中国银行股份有限公司汉中分行2026年员工工装洗涤项目流标公告
      [科技识别] 标题是否科技相关: 否
      [SKIP] 标题非科技相关，不进入详情爬取

  [28/40] 标题: 中国工商银行泰安分行肥城高余支行营业用房装修改造项目-审批事项信息
      [科技识别] 标题是否科技相关: 否
      [SKIP] 标题非科技相关，不进入详情爬取

  [29/40] 标题: 中国银行泰安通天街支行迁址装修项目-审批事项信息
      [科技识别] 标题是否科技相关: 否
      [SKIP] 标题非科技相关，不进入详情爬取

  [30/40] 标题: 中国农业发展银行晋中市分行本级消防改造工程项目招标公告
      [科技识别] 标题是否科技相关: 否
      [SKIP] 标题非科技相关，不进入详情爬取

  [31/40] 标题: 招商银行兰州分行机场贵宾厅采购项目采购结果公告-LZ01-20260331001
      [科技识别] 标题是否科技相关: 否
      [SKIP] 标题非科技相关，不进入详情爬取

  [32/40] 标题: 中银富登村镇银行防火墙国产化改造项目采购公告
      [科技识别] 标题是否科技相关: 是
      [过滤-排除词] 未命中，通过
      [过滤-关键词] 包含「银行」，通过
      [OK] 通过全部筛选，进入详情爬取
    [已保存] output\2026-04-02\银行\招标公告_中银富登村镇银行防火墙国产化改造项目采购公告_080415.json

  [33/40] 标题: 财务部2026年定期存款合作银行项目竞争性磋商公告
      [科技识别] 标题是否科技相关: 否
      [SKIP] 标题非科技相关，不进入详情爬取

  [34/40] 标题: 四川银行2026年2-4季度文旅综合商圈特色权益活动采购项目澄清通知01号
      [科技识别] 标题是否科技相关: 否
      [SKIP] 标题非科技相关，不进入详情爬取

  [35/40] 标题: 中国邮政储蓄银行黑龙江省分行逾期委外上门清收外包服务采购项目中标候选人公示
      [科技识别] 标题是否科技相关: 否
      [SKIP] 标题非科技相关，不进入详情爬取

  [36/40] 标题: 中国邮政储蓄银行砀山县、萧县支行食堂食材供应与配送服务采购项目（二次）中标候选人公示
      [科技识别] 标题是否科技相关: 否
      [SKIP] 标题非科技相关，不进入详情爬取

  [37/40] 标题: 中国邮政储蓄银行股份有限公司常州市分行2026-2028年物业服务采购项目公开招标公告
      [科技识别] 标题是否科技相关: 否
      [SKIP] 标题非科技相关，不进入详情爬取

  [38/40] 标题: 招商银行股份有限公司邯郸分行装饰装修项目
      [科技识别] 标题是否科技相关: 否
      [SKIP] 标题非科技相关，不进入详情爬取

  [39/40] 标题: 亳州药都农村商业银行股份有限公司关于召开2025年度股东大会的通知
      [科技识别] 标题是否科技相关: 否
      [SKIP] 标题非科技相关，不进入详情爬取

  [40/40] 标题: 【招标】广东南粤银行2026-2027年通用数据开发服务项目
      [科技识别] 标题是否科技相关: 否
      [SKIP] 标题非科技相关，不进入详情爬取

  [第 29 页]
  [DEBUG] 已检测到「条信息」，按整页详情链接解析
      [WARN] 未找到 .ssjg-leixing，info_type 将记为采招信息
  本页找到 40 条结果

  [1/40] 标题: 中国人民银行安徽省分行关于饮水机的网上超市采购项目成交公告
      [科技识别] 标题是否科技相关: 否
      [SKIP] 标题非科技相关，不进入详情爬取

  [2/40] 标题: 宁波市第六医院工会委员会银行账户竞争性选择项目的结果公告
      [科技识别] 标题是否科技相关: 否
      [SKIP] 标题非科技相关，不进入详情爬取

  [3/40] 标题: 宁波市第六医院银行账户竞争性选择项目的结果公告
      [科技识别] 标题是否科技相关: 否
      [SKIP] 标题非科技相关，不进入详情爬取

  [4/40] 标题: 杭州文化产权交易所关于（特价银行股权）海南农村商业银行自然人股权转让的公告(第一次)
      [科技识别] 标题是否科技相关: 否
      [SKIP] 标题非科技相关，不进入详情爬取

  [5/40] 标题: 双辽市卧虎镇九家子村经济合作社张孝良银行地-流转项目
      [科技识别] 标题是否科技相关: 否
      [SKIP] 标题非科技相关，不进入详情爬取

  [6/40] 标题: 2026年4-12月兴业银行哈尔滨分行物业服务外包采购项目-成交公告
      [科技识别] 标题是否科技相关: 否
      [SKIP] 标题非科技相关，不进入详情爬取

  [7/40] 标题: 【招标】世界银行中国市场伙伴实施基金赠款项目(P504267)碳定价技术专家(ETS)咨询…
      [科技识别] 标题是否科技相关: 否
      [SKIP] 标题非科技相关，不进入详情爬取

  [8/40] 标题: 科力普,史泰博,得力,企事通等中标中国工商银行温州分行福利物资采购项目
      [科技识别] 标题是否科技相关: 否
      [SKIP] 标题非科技相关，不进入详情爬取

  [9/40] 标题: 内蒙古农村商业银行股份有限公司呼伦贝尔海拉尔区支行关于海拉尔区正阳办东四道街华银小区4号楼…
      [科技识别] 标题是否科技相关: 否
      [SKIP] 标题非科技相关，不进入详情爬取

  [10/40] 标题: 中国邮政储蓄银行大庆市分行2026年监理服务采购项目公开招标公告
      [科技识别] 标题是否科技相关: 否
      [SKIP] 标题非科技相关，不进入详情爬取

  [11/40] 标题: 上海浦东发展银行股份有限公司郑州分行与中国中信金融资产管理股份有限公司河南省分公司债权转让…
      [科技识别] 标题是否科技相关: 否
      [SKIP] 标题非科技相关，不进入详情爬取

  [12/40] 标题: 0320260115157C001北京银行2025年安贞银医合作集采项目-TJ-集成数据平…
      [科技识别] 标题是否科技相关: 是
      [过滤-排除词] 未命中，通过
      [过滤-关键词] 包含「银行」，通过
      [OK] 通过全部筛选，进入详情爬取
    [已保存] output\2026-04-02\银行\中标结果_0320260115157C001北京银行2025年安贞银医合作集采项目-TJ-集成数据平台、智慧医保成交公告_080541.json

  [13/40] 标题: 0320260115157C001北京银行2025年安贞银医合作集采项目-TJ-集成数据平…
      [科技识别] 标题是否科技相关: 是
      [过滤-排除词] 未命中，通过
      [过滤-关键词] 包含「银行」，通过
      [OK] 通过全部筛选，进入详情爬取
    [已保存] output\2026-04-02\银行\中标结果_0320260115157C001北京银行2025年安贞银医合作集采项目-TJ-集成数据平台、智慧医保中标候选人公示_080613.json

  [14/40] 标题: 内蒙古农村商业银行股份有限公司呼伦贝尔海拉尔区支行关于海拉尔区奋斗办龙凤丽苑B号楼101、…
      [科技识别] 标题是否科技相关: 否
      [SKIP] 标题非科技相关，不进入详情爬取

  [15/40] 标题: 上海浦东发展银行股份有限公司郑州分行与中国中信金融资产管理股份有限公司河南省分公司债权转让…
      [科技识别] 标题是否科技相关: 否
      [SKIP] 标题非科技相关，不进入详情爬取

  [16/40] 标题: 吉林珲春农村商业银行股份有限公司总行食堂食材及日杂采购项目
      [科技识别] 标题是否科技相关: 否
      [SKIP] 标题非科技相关，不进入详情爬取

  [17/40] 标题: 辽宁农村商业银行股份有限公司内部审计业务外包中介机构备选库建设项目
      [科技识别] 标题是否科技相关: 否
      [SKIP] 标题非科技相关，不进入详情爬取

  [18/40] 标题: 营口银行总行保安服务项目招标公告
      [科技识别] 标题是否科技相关: 否
      [SKIP] 标题非科技相关，不进入详情爬取

  [19/40] 标题: 哈尔滨银行裂变营销平台项目招标公告
      [科技识别] 标题是否科技相关: 是
      [过滤-排除词] 未命中，通过
      [过滤-关键词] 包含「银行」，通过
      [OK] 通过全部筛选，进入详情爬取
    [PDF] 路由拦截成功，共 1111746 字节
    [PDF] 扫描版/少字 PDF 共 5 页，转为图片 OCR...
    [OCR] 识别第 1/5 页 ...
    [OCR] 识别第 2/5 页 ...
    [OCR] 识别第 3/5 页 ...
    [OCR] 识别第 4/5 页 ...
    [OCR] 识别第 5/5 页 ...
    [OCR] 全部 5 页识别完成
    [PDF] 响应拦截解析完成，共 3006 字
    [已保存] output\2026-04-02\银行\招标公告_哈尔滨银行裂变营销平台项目招标公告_080715.json

  [20/40] 标题: “中国银行巴中分行个人资产业务诉讼类法律服务采购项目”采购结果公示
      [科技识别] 标题是否科技相关: 否
      [SKIP] 标题非科技相关，不进入详情爬取

  [21/40] 标题: 中国银行十堰武当山支行2026至2028年消防控制室人员值守服务项目成交结果公告
      [科技识别] 标题是否科技相关: 否
      [SKIP] 标题非科技相关，不进入详情爬取

  [22/40] 标题: 四川银行96998通话服务及号码池外呼服务采购项目（号码池外呼服务）公开询价公告
      [科技识别] 标题是否科技相关: 否
      [SKIP] 标题非科技相关，不进入详情爬取

  [23/40] 标题: 中国邮政储蓄银行股份有限公司聊城市郊区支行职工食堂服务采购项目流标公告
      [科技识别] 标题是否科技相关: 否
      [SKIP] 标题非科技相关，不进入详情爬取

  [24/40] 标题: 中国光大银行股份有限公司石家庄槐安西路支行空调及新风系统工程项目招标公告
      [科技识别] 标题是否科技相关: 否
      [SKIP] 标题非科技相关，不进入详情爬取

  [25/40] 标题: 华夏银行股份有限公司石家庄鹿泉支行（内）消防工程-项目审批情况
      [科技识别] 标题是否科技相关: 否
      [SKIP] 标题非科技相关，不进入详情爬取

  [26/40] 标题: 宜宾市商业银行全额存单质押流动资金贷款业务项目竞争性磋商成交公告
      [科技识别] 标题是否科技相关: 否
      [SKIP] 标题非科技相关，不进入详情爬取

  [27/40] 标题: 四川银行96998通话服务及号码池外呼服务采购项目（96998客服）公开询价公告
      [科技识别] 标题是否科技相关: 否
      [SKIP] 标题非科技相关，不进入详情爬取

  [28/40] 标题: 辽沈银行二代征信报送系统配合新信贷项目群配套改造项目单一来源采前公示
      [科技识别] 标题是否科技相关: 是
      [过滤-排除词] 未命中，通过
      [过滤-关键词] 包含「银行」，通过
      [OK] 通过全部筛选，进入详情爬取
    [已保存] output\2026-04-02\银行\招标公告_辽沈银行二代征信报送系统配合新信贷项目群配套改造项目单一来源采前公示_080752.json

  [29/40] 标题: 中国银行包头分行屋面防水修缮采购项目招标公告
      [科技识别] 标题是否科技相关: 否
      [SKIP] 标题非科技相关，不进入详情爬取

  [30/40] 标题: 武胜县公安局涉案资金专户存放管理银行采购项目－磋商邀请
      [科技识别] 标题是否科技相关: 否
      [SKIP] 标题非科技相关，不进入详情爬取

  [31/40] 标题: 中国银行抚顺分行13楼会议室LED显示大屏采购项目的采购公告
      [科技识别] 标题是否科技相关: 否
      [SKIP] 标题非科技相关，不进入详情爬取

  [32/40] 标题: 三峡农商银行业务综合楼配套建设项目精装修施工-厨房设备及天燃气管道竞争性磋商公告
      [科技识别] 标题是否科技相关: 否
      [SKIP] 标题非科技相关，不进入详情爬取

  [33/40] 标题: 营口银行洗钱风险自评估项目（二次公告）
      [科技识别] 标题是否科技相关: 否
      [SKIP] 标题非科技相关，不进入详情爬取

  [34/40] 标题: 中国银行股份有限公司中山分行本部三楼文化长廊建设项目采购邀请公告
      [科技识别] 标题是否科技相关: 否
      [SKIP] 标题非科技相关，不进入详情爬取

  [35/40] 标题: 长沙银行2026-2027年空调及新风系统采购及安装服务单位入围项目澄清公告（一）
      [科技识别] 标题是否科技相关: 否
      [SKIP] 标题非科技相关，不进入详情爬取

  [36/40] 标题: 中国银行本溪分行2026年宣传物料、服务用品等制作项目结果公示
      [科技识别] 标题是否科技相关: 否
      [SKIP] 标题非科技相关，不进入详情爬取

  [37/40] 标题: 中国移动西城区百万庄大街与阜成门北大街交叉口西南角JSGJ01-西城区车公庄北街中国建设银…
      [科技识别] 标题是否科技相关: 否
      [SKIP] 标题非科技相关，不进入详情爬取

  [38/40] 标题: 云南通海农村商业银行股份有限公司2026年度押守服务项目流标公告
      [科技识别] 标题是否科技相关: 否
      [SKIP] 标题非科技相关，不进入详情爬取

  [39/40] 标题: 2026年福建地区银行系统综合布线施工服务项目-比选公告
      [科技识别] 标题是否科技相关: 否
      [SKIP] 标题非科技相关，不进入详情爬取

  [40/40] 标题: 亳州药都农商银行双层玻璃杯采购项目
      [科技识别] 标题是否科技相关: 否
      [SKIP] 标题非科技相关，不进入详情爬取

  [第 30 页]
  [DEBUG] 已检测到「条信息」，按整页详情链接解析
      [WARN] 未找到 .ssjg-leixing，info_type 将记为采招信息
  本页找到 7 条结果

  [1/7] 标题: 兴业银行深圳分行关于消防维保服务项目供应商征集调研公告
      [科技识别] 标题是否科技相关: 否
      [SKIP] 标题非科技相关，不进入详情爬取

  [2/7] 标题: 三门县人民法院关于浙江三门农村商业银行股份有限公司处持有的5831股股权及可分配红利权益（…
      [科技识别] 标题是否科技相关: 否
      [SKIP] 标题非科技相关，不进入详情爬取

  [3/7] 标题: 亳州药都农商银行双层玻璃杯采购项目-第一次变更
      [科技识别] 标题是否科技相关: 否
      [SKIP] 标题非科技相关，不进入详情爬取

  [4/7] 标题: 萍乡市安源区人民法院关于江西芦溪农村商业银行股份有限公司的股权112707股（第一次拍卖）…
      [科技识别] 标题是否科技相关: 否
      [SKIP] 标题非科技相关，不进入详情爬取

  [5/7] 标题: 兴业银行关于数据中心基础设施管理平台项目供应商征集调研公告
      [科技识别] 标题是否科技相关: 是
      [过滤-排除词] 未命中，通过
      [过滤-关键词] 包含「银行」，通过
      [OK] 通过全部筛选，进入详情爬取
    [已保存] output\2026-04-02\银行\招标公告_兴业银行关于数据中心基础设施管理平台项目供应商征集调研公告_080921.json

  [6/7] 标题: 萍乡市安源区人民法院关于江西芦溪农村商业银行股份有限公司股权112707股（第一次拍卖）的…
      [科技识别] 标题是否科技相关: 否
      [SKIP] 标题非科技相关，不进入详情爬取

  [7/7] 标题: 兴业银行关于光谷支行午餐配送服务采购项目供应商征集调研公告
      [科技识别] 标题是否科技相关: 否
      [SKIP] 标题非科技相关，不进入详情爬取

  [第 31 页]
  [DEBUG] 已检测到「条信息」，按整页详情链接解析
      [WARN] 未找到 .ssjg-leixing，info_type 将记为采招信息
  本页找到 7 条结果
  本页链接均已在之前页处理过，视为重复页，停止翻页。
  [OK] 「银行」爬取结束，正在关闭标签页…

  「银行」完成：成功 125 篇，失败 0 篇
  [OK] 等待 2~6 秒后继续下一关键词…

====================================================
  [2/10] 关键词：「资产管理」

────────────────────────────────────────────────────
  关键词：「资产管理」  输出目录：output\2026-04-02\资产管理/
  [OK] 搜索结果页 -> https://search.bidcenter.com.cn/search?keywords=%e8%b5%84%e4%ba%a7%e7%ae%a1%e7%90%86&mod=0
  [OK] 已点击「标题搜索」
  [OK] 标题搜索结果页 -> https://search.bidcenter.com.cn/search?keywords=%E8%B5%84%E4%BA%A7%E7%AE%A1%E7%90%86&tag=1&mod=0
  [时间筛选] 2026-04-02 ~ 2026-04-02
  [OK] 时间筛选已应用 -> https://search.bidcenter.com.cn/search?keywords=%E8%B5%84%E4%BA%A7%E7%AE%A1%E7%90%86&tag=1&mod=0&time=5&stime=2026-04-02&endtime=2026-04-02

  [第 1 页]
  [DEBUG] 已检测到「条信息」，按整页详情链接解析
      [WARN] 未找到 .ssjg-leixing，info_type 将记为采招信息
  本页找到 40 条结果

  [1/40] 标题: 中国中信金融资产管理股份有限公司湖北省分公司公开竞价公告
      [科技识别] 标题是否科技相关: 否
      [SKIP] 标题非科技相关，不进入详情爬取

  [2/40] 标题: 中国中信金融资产管理股份有限公司湖北省分公司公开竞价公告
      [科技识别] 标题是否科技相关: 否
      [SKIP] 标题非科技相关，不进入详情爬取

  [3/40] 标题: 中国中信金融资产管理股份有限公司湖北省分公司公开竞价公告
      [科技识别] 标题是否科技相关: 否
      [SKIP] 标题非科技相关，不进入详情爬取

  [4/40] 标题: 中国中信金融资产管理股份有限公司湖北省分公司公开竞价公告
      [科技识别] 标题是否科技相关: 否
      [SKIP] 标题非科技相关，不进入详情爬取

  [5/40] 标题: 中国中信金融资产管理股份有限公司湖北省分公司公开竞价公告
      [科技识别] 标题是否科技相关: 否
      [SKIP] 标题非科技相关，不进入详情爬取

  [6/40] 标题: 中国中信金融资产新疆维吾尔自治区分公司关于中国中信金融资产管理股份有限公司新疆维吾尔自治区…
      [科技识别] 标题是否科技相关: 否
      [SKIP] 标题非科技相关，不进入详情爬取

  [7/40] 标题: 中国人寿资产管理有限公司金融街职场更新智能门锁供应商采购项目征集公告
      [科技识别] 标题是否科技相关: 否
      [SKIP] 标题非科技相关，不进入详情爬取

  [8/40] 标题: 兴业信托非标资产管理系统升级项目中标候选人公示
      [科技识别] 标题是否科技相关: 是
      [过滤-排除词] 未命中，通过
      [过滤-关键词] 包含「资产管理」，通过
      [OK] 通过全部筛选，进入详情爬取
    [已保存] output\2026-04-02\资产管理\中标结果_兴业信托非标资产管理系统升级项目中标候选人公示_081152.json

  [9/40] 标题: 中国中信金融资产管理股份有限公司湖北省分公司公开竞价公告
      [科技识别] 标题是否科技相关: 否
      [SKIP] 标题非科技相关，不进入详情爬取

  [10/40] 标题: 中国中信金融资产管理股份有限公司湖北省分公司公开竞价公告
      [科技识别] 标题是否科技相关: 否
      [SKIP] 标题非科技相关，不进入详情爬取

  [11/40] 标题: 中国中信金融资产管理股份有限公司湖北省分公司公开竞价公告
      [科技识别] 标题是否科技相关: 否
      [SKIP] 标题非科技相关，不进入详情爬取

  [12/40] 标题: 中国中信金融资产管理股份有限公司湖北省分公司公开竞价公告
      [科技识别] 标题是否科技相关: 否
      [SKIP] 标题非科技相关，不进入详情爬取

  [13/40] 标题: 中国中信金融资产管理股份有限公司湖北省分公司公开竞价公告
      [科技识别] 标题是否科技相关: 否
      [SKIP] 标题非科技相关，不进入详情爬取

  [14/40] 标题: 宜昌市富兴投资资产管理有限公司2026年涉案财物拍卖机构入库采购成交公告
      [科技识别] 标题是否科技相关: 否
      [SKIP] 标题非科技相关，不进入详情爬取

  [15/40] 标题: 赣州东翔工程管理有限公司关于龙南龙诚物业管理有限公司国有资产管理软件采购项目（项目编号：G…
      [科技识别] 标题是否科技相关: 否
      [SKIP] 标题非科技相关，不进入详情爬取

  [16/40] 标题: 中国铁路哈尔滨局集团有限公司哈尔滨铁路资产管理有限公司2026-2027年度房屋维修服务项…
      [科技识别] 标题是否科技相关: 否
      [SKIP] 标题非科技相关，不进入详情爬取

  [17/40] 标题: 资产管理开发公司西区原幼儿园房屋修缮及周边区域管道改造项目成交结果公示--竞价采购
      [科技识别] 标题是否科技相关: 否
      [SKIP] 标题非科技相关，不进入详情爬取

  [18/40] 标题: 中国中信金融资产管理股份有限公司湖北省分公司公开竞价公告
      [科技识别] 标题是否科技相关: 否
      [SKIP] 标题非科技相关，不进入详情爬取

  [19/40] 标题: 中国中信金融资产管理股份有限公司湖北省分公司公开竞价公告
      [科技识别] 标题是否科技相关: 否
      [SKIP] 标题非科技相关，不进入详情爬取

  [20/40] 标题: 平高电气资产管理分公司2026年义务植树项目公开谈判采购采购公告
      [科技识别] 标题是否科技相关: 否
      [SKIP] 标题非科技相关，不进入详情爬取

  [21/40] 标题: 海南省直属机关资产管理中心报废资产第二次公开竞价流标公告
      [科技识别] 标题是否科技相关: 否
      [SKIP] 标题非科技相关，不进入详情爬取

  [22/40] 标题: 徐州信拍资产管理有限公司关于云龙区正德君城1号楼1-105商铺的公告(第一次)
      [科技识别] 标题是否科技相关: 否
      [SKIP] 标题非科技相关，不进入详情爬取

  [23/40] 标题: 中国中信金融资产管理股份有限公司湖北省分公司公开竞价公告
      [科技识别] 标题是否科技相关: 否
      [SKIP] 标题非科技相关，不进入详情爬取

  [24/40] 标题: 中国中信金融资产管理股份有限公司湖北省分公司公开竞价公告
      [科技识别] 标题是否科技相关: 否
      [SKIP] 标题非科技相关，不进入详情爬取

  [25/40] 标题: 广州工控资产管理有限公司广州市海珠区宝岗路汾阳里一号首层自编南部出租-AA2026RD10…
      [科技识别] 标题是否科技相关: 否
      [SKIP] 标题非科技相关，不进入详情爬取

  [26/40] 标题: 河北资产管理股份有限公司对玉田县丰友农业生产资料有限公司不良债权资产进行债务重组公告
      [科技识别] 标题是否科技相关: 否
      [SKIP] 标题非科技相关，不进入详情爬取

  [27/40] 标题: 河北资产管理股份有限公司对玉田县玉天拓商贸有限公司不良债权资产进行债务重组公告
      [科技识别] 标题是否科技相关: 否
      [SKIP] 标题非科技相关，不进入详情爬取

  [28/40] 标题: 来安县供销社资产管理有限责任公司位于来安县西城河路原回收公司大门南侧自南向北第1-3间商服…
      [科技识别] 标题是否科技相关: 否
      [SKIP] 标题非科技相关，不进入详情爬取

  [29/40] 标题: 来安县供销社资产管理有限责任公司位于来安县永阳东路246号再生资源分拣中心（1#仓库二层及…
      [科技识别] 标题是否科技相关: 否
      [SKIP] 标题非科技相关，不进入详情爬取

  [30/40] 标题: 中国长城资产管理股份有限公司大连市分公司对新大洲控股股份有限公司债权投资意向征集公告-6
      [科技识别] 标题是否科技相关: 否
      [SKIP] 标题非科技相关，不进入详情爬取

  [31/40] 标题: 中国中信金融资产河南省分公司关于中国中信金融资产管理股份有限公司河南省分公司资产处置竞价及…
      [科技识别] 标题是否科技相关: 否
      [SKIP] 标题非科技相关，不进入详情爬取

  [32/40] 标题: 浙江省电信实业集团有限公司资产管理分公司淳安星岛度假村边坡整治项目勘察设计服务项目比选公告…
      [科技识别] 标题是否科技相关: 否
      [SKIP] 标题非科技相关，不进入详情爬取

  [33/40] 标题: 国有资产管理部配置采购招标室空调-编号：440001-2026-10259采购计划
      [科技识别] 标题是否科技相关: 否
      [SKIP] 标题非科技相关，不进入详情爬取

  [34/40] 标题: 【采购公告】洛阳交通投资集团有限公司数字化资产管理平台建设项目询比采购公告
      [科技识别] 标题是否科技相关: 是
      [过滤-排除词] 未命中，通过
      [过滤-关键词] 包含「资产管理」，通过
      [OK] 通过全部筛选，进入详情爬取
    [已保存] output\2026-04-02\资产管理\招标公告_【采购公告】洛阳交通投资集团有限公司数字化资产管理平台建设项目询比采购公告_081229.json

  [35/40] 标题: 镇江市财政局2026年度专项监督三（行政事业性国有资产管理监督检查）成交公告
      [科技识别] 标题是否科技相关: 否
      [SKIP] 标题非科技相关，不进入详情爬取

  [36/40] 标题: 宜宾罗投资产管理有限公司南溪区九龙及罗龙道路提升工程项目—盐店路地勘竞争性磋商邀请公告
      [科技识别] 标题是否科技相关: 否
      [SKIP] 标题非科技相关，不进入详情爬取

  [37/40] 标题: 蚌埠中欣投资发展有限责任公司资产管理平台采购项目（二次）询比采购公告
      [科技识别] 标题是否科技相关: 是
      [过滤-排除词] 未命中，通过
      [过滤-关键词] 包含「资产管理」，通过
      [OK] 通过全部筛选，进入详情爬取
    [已保存] output\2026-04-02\资产管理\招标公告_蚌埠中欣投资发展有限责任公司资产管理平台采购项目（二次）询比采购公告_081307.json

  [38/40] 标题: 云南省国有金融资本控股集团有限公司采购专项资产管理公证服务成交公告
      [科技识别] 标题是否科技相关: 否
      [SKIP] 标题非科技相关，不进入详情爬取

  [39/40] 标题: 沂水县国运资产管理有限公司无人机采购项目公开招标公告-采购公告
      [科技识别] 标题是否科技相关: 否
      [SKIP] 标题非科技相关，不进入详情爬取

  [40/40] 标题: 青海汇信资产管理有限责任公司（镁业、元品）PVC纤维增强软管等4项物资采购文件采购结果公示
      [科技识别] 标题是否科技相关: 否
      [SKIP] 标题非科技相关，不进入详情爬取

  [第 2 页]
  [DEBUG] 已检测到「条信息」，按整页详情链接解析
      [WARN] 未找到 .ssjg-leixing，info_type 将记为采招信息
  本页找到 40 条结果

  [1/40] 标题: 曲靖市麒麟区国有资产管理有限公司到期商铺招租项目结果公告
      [科技识别] 标题是否科技相关: 否
      [SKIP] 标题非科技相关，不进入详情爬取

  [2/40] 标题: 青海汇信资产管理有限责任公司（镁业、元品）轴承等65项物资采购文件_01采购结果公示
      [科技识别] 标题是否科技相关: 否
      [SKIP] 标题非科技相关，不进入详情爬取

  [3/40] 标题: 蚌埠中欣投资发展有限责任公司资产管理平台采购项目（二次）询比采购公告
      [科技识别] 标题是否科技相关: 是
      [过滤-排除词] 未命中，通过
      [过滤-关键词] 包含「资产管理」，通过
      [OK] 通过全部筛选，进入详情爬取
    [已保存] output\2026-04-02\资产管理\招标公告_蚌埠中欣投资发展有限责任公司资产管理平台采购项目（二次）询比采购公告_081438.json

  [4/40] 标题: 中国长城资产管理股份有限公司大连市分公司对新大洲控股股份有限公司债权投资意向征集公告
      [科技识别] 标题是否科技相关: 否
      [SKIP] 标题非科技相关，不进入详情爬取

  [5/40] 标题: 黑龙江电信2025年SOC平台资产管理系统扩容工程项目成交候选人公示
      [科技识别] 标题是否科技相关: 是
      [过滤-排除词] 未命中，通过
      [过滤-关键词] 包含「资产管理」，通过
      [OK] 通过全部筛选，进入详情爬取
    [已保存] output\2026-04-02\资产管理\中标结果_黑龙江电信2025年SOC平台资产管理系统扩容工程项目成交候选人公示_081509.json

  [6/40] 标题: 藤县国有资产管理中心关于激光打印机的网上超市采购项目成交公告-20418010000080…
      [科技识别] 标题是否科技相关: 是
      [过滤-排除词] 未命中，通过
      [过滤-关键词] 包含「资产管理」，通过
      [OK] 通过全部筛选，进入详情爬取
    [已保存] output\2026-04-02\资产管理\中标结果_藤县国有资产管理中心关于激光打印机的网上超市采购项目成交公告-2041801000008016860_081547.json

  [7/40] 标题: 2025-1052-资产管理软件采购事前公示
      [科技识别] 标题是否科技相关: 是
      [过滤-排除词] 未命中，通过
      [过滤-关键词] 包含「资产管理」，通过
      [OK] 通过全部筛选，进入详情爬取
    [已保存] output\2026-04-02\资产管理\招标公告_2025-1052-资产管理软件采购事前公示_081624.json

  [8/40] 标题: 佛山市顺德区乐从镇财政和公有资产管理办公室审计服务定点议价采购公告(2026-04-021…
      [科技识别] 标题是否科技相关: 否
      [SKIP] 标题非科技相关，不进入详情爬取

  [9/40] 标题: 辽宁资产管理有限公司资产处置公告
      [科技识别] 标题是否科技相关: 否
      [SKIP] 标题非科技相关，不进入详情爬取

  [10/40] 标题: 凯里学院智慧资产管理信息系统建设项目终止公告
      [科技识别] 标题是否科技相关: 否
      [SKIP] 标题非科技相关，不进入详情爬取

  [11/40] 标题: 光大金瓯资产管理有限公司【杭州吉秀科技有限公司等29户】债权资产处置公告
      [科技识别] 标题是否科技相关: 否
      [SKIP] 标题非科技相关，不进入详情爬取

  [12/40] 标题: 盐城市土地储备中心盐城市区全民所有土地资产管理信息系统数据服务项目成交公告
      [科技识别] 标题是否科技相关: 是
      [过滤-排除词] 未命中，通过
      [过滤-关键词] 包含「资产管理」，通过
      [OK] 通过全部筛选，进入详情爬取
    [已保存] output\2026-04-02\资产管理\中标结果_盐城市土地储备中心盐城市区全民所有土地资产管理信息系统数据服务项目成交公告_081702.json

  [13/40] 标题: 兰州理工大学资料打印复印国有资产管理处1590履约验收公告
      [科技识别] 标题是否科技相关: 否
      [SKIP] 标题非科技相关，不进入详情爬取

  [14/40] 标题: 国翌（北京）资产管理集团有限公司办公区域设备采购安装及装修升级改造项目询竞价公告
      [科技识别] 标题是否科技相关: 否
      [SKIP] 标题非科技相关，不进入详情爬取

  [15/40] 标题: 浙江国际招投标有限公司关于光大金瓯资产管理有限公司公司债券承销项目的公开招标公告
      [科技识别] 标题是否科技相关: 否
      [SKIP] 标题非科技相关，不进入详情爬取

  [16/40] 标题: 蚌埠中欣投资发展有限责任公司资产管理平台采购项目流标公告
      [科技识别] 标题是否科技相关: 是
      [过滤-排除词] 未命中，通过
      [过滤-关键词] 包含「资产管理」，通过
      [OK] 通过全部筛选，进入详情爬取
    [已保存] output\2026-04-02\资产管理\招标公告_蚌埠中欣投资发展有限责任公司资产管理平台采购项目流标公告_081740.json

  [17/40] 标题: 毕节市润源资产管理有限公司环宇委托0307右号商铺招租转让公告
      [科技识别] 标题是否科技相关: 否
      [SKIP] 标题非科技相关，不进入详情爬取

  [18/40] 标题: 中国长城资产管理股份有限公司云南省分公司对昆明吉尔达实业有限公司、昆明洁乐商贸有限公司及昆…
      [科技识别] 标题是否科技相关: 否
      [SKIP] 标题非科技相关，不进入详情爬取

  [19/40] 标题: 毕节市润源资产管理有限公司锦愿委托0214号商铺招租转让公告
      [科技识别] 标题是否科技相关: 否
      [SKIP] 标题非科技相关，不进入详情爬取

  [20/40] 标题: 中国东方资产管理股份有限公司河南省分公司关于长葛市华轩实业有限公司等4户抵债资产的公开竞价…
      [科技识别] 标题是否科技相关: 否
      [SKIP] 标题非科技相关，不进入详情爬取

  [21/40] 标题: 上海市浦东新区生态环境局基建项目和资产管理事务中心2026年05月政府采购意向-浦三雨水泵…
      [科技识别] 标题是否科技相关: 否
      [SKIP] 标题非科技相关，不进入详情爬取

  [22/40] 标题: 上海市浦东新区生态环境局基建项目和资产管理事务中心2026年05月政府采购意向-浦三雨水泵…
      [科技识别] 标题是否科技相关: 否
      [SKIP] 标题非科技相关，不进入详情爬取

  [23/40] 标题: 上海市浦东新区生态环境局基建项目和资产管理事务中心2026年05月政府采购意向-浦三雨水泵…
      [科技识别] 标题是否科技相关: 否
      [SKIP] 标题非科技相关，不进入详情爬取

  [24/40] 标题: 关于河南平煤神马资产管理有限公司机械制造核算点闲置车辆的拍卖公告
      [科技识别] 标题是否科技相关: 否
      [SKIP] 标题非科技相关，不进入详情爬取

  [25/40] 标题: 广州工控资产管理有限公司广州市海珠区宝岗路马涌直街91号首层出租-AA2026RD1010…
      [科技识别] 标题是否科技相关: 否
      [SKIP] 标题非科技相关，不进入详情爬取

  [26/40] 标题: 中国中信金融资产管理股份有限公司新疆维吾尔自治区分公司公开竞价公告
      [科技识别] 标题是否科技相关: 否
      [SKIP] 标题非科技相关，不进入详情爬取

  [27/40] 标题: 年度固定资产管理服务采购
      [科技识别] 标题是否科技相关: 否
      [SKIP] 标题非科技相关，不进入详情爬取

  [28/40] 标题: 佛山市南海区桂城街道公有资产管理办公室佛山市南海区桂城街道公有资产管理办公室资产评估服务电…
      [科技识别] 标题是否科技相关: 否
      [SKIP] 标题非科技相关，不进入详情爬取

  [29/40] 标题: 山西政府投资资产管理中心有限公司2025年度企业所得税汇算清缴审核和一般涉税咨询服务项目采…
      [科技识别] 标题是否科技相关: 否
      [SKIP] 标题非科技相关，不进入详情爬取

  [30/40] 标题: 中国中信金融资产管理股份有限公司青海省分公司实物资产处置公告
      [科技识别] 标题是否科技相关: 否
      [SKIP] 标题非科技相关，不进入详情爬取

  [31/40] 标题: 中国中信金融资产管理股份有限公司新疆维吾尔自治区分公司公开竞价公告
      [科技识别] 标题是否科技相关: 否
      [SKIP] 标题非科技相关，不进入详情爬取

  [32/40] 标题: 中国中信金融资产管理股份有限公司青海省分公司资产处置公告
      [科技识别] 标题是否科技相关: 否
      [SKIP] 标题非科技相关，不进入详情爬取

  [33/40] 标题: 浙越资产管理关于天津海鑫物流有限公司等3户债权收益权公开竞价转让的公告(再次)
      [科技识别] 标题是否科技相关: 否
      [SKIP] 标题非科技相关，不进入详情爬取

  [34/40] 标题: 北京市首都公路发展集团有限公司公路资产管理分公司2026年保安服务中选候选人公示
      [科技识别] 标题是否科技相关: 否
      [SKIP] 标题非科技相关，不进入详情爬取

  [35/40] 标题: 毕节市润源资产管理有限公司环宇委托0307右号商铺招租转让公告
      [科技识别] 标题是否科技相关: 否
      [SKIP] 标题非科技相关，不进入详情爬取

  [36/40] 标题: 毕节市润源资产管理有限公司环宇委托0775号商铺招租转让公告
      [科技识别] 标题是否科技相关: 否
      [SKIP] 标题非科技相关，不进入详情爬取

  [37/40] 标题: 毕节市润源资产管理有限公司锦愿委托0214号商铺招租转让公告
      [科技识别] 标题是否科技相关: 否
      [SKIP] 标题非科技相关，不进入详情爬取

  [38/40] 标题: 毕节市润源资产管理有限公司环宇委托0771号商铺招租转让公告
      [科技识别] 标题是否科技相关: 否
      [SKIP] 标题非科技相关，不进入详情爬取

  [39/40] 标题: 毕节市润源资产管理有限公司环宇委托0775号商铺招租转让公告
      [科技识别] 标题是否科技相关: 否
      [SKIP] 标题非科技相关，不进入详情爬取

  [40/40] 标题: 中国中信金融资产管理股份有限公司青海省分公司实物资产处置公告
      [科技识别] 标题是否科技相关: 否
      [SKIP] 标题非科技相关，不进入详情爬取

  [第 3 页]
  [DEBUG] 已检测到「条信息」，按整页详情链接解析
      [WARN] 未找到 .ssjg-leixing，info_type 将记为采招信息
  本页找到 40 条结果

  [1/40] 标题: 中国中信金融资产管理股份有限公司青海省分公司资产处置公告
      [科技识别] 标题是否科技相关: 否
      [SKIP] 标题非科技相关，不进入详情爬取

  [2/40] 标题: 2026年全椒县惠农资产管理有限公司的（第一批）资产对外招租项目交易公告
      [科技识别] 标题是否科技相关: 否
      [SKIP] 标题非科技相关，不进入详情爬取

  [3/40] 标题: 西安机场-资产管理部-建筑消防设施运维技术服务咨询项目
      [科技识别] 标题是否科技相关: 是
      [过滤-排除词] 命中「消防」→ 跳过

  [4/40] 标题: 绿城资产管理集团有限公司商管事业部下属项目布菲家具类物资集采项目
      [科技识别] 标题是否科技相关: 否
      [SKIP] 标题非科技相关，不进入详情爬取

  [5/40] 标题: 绿城资产管理集团有限公司商管事业部下属项目布草床褥产品集采
      [科技识别] 标题是否科技相关: 否
      [SKIP] 标题非科技相关，不进入详情爬取

  [6/40] 标题: 中国中信金融资产管理股份有限公司江苏省分公司对南京业彩物资贸易有限公司户法拍资产招商公告
      [科技识别] 标题是否科技相关: 否
      [SKIP] 标题非科技相关，不进入详情爬取

  [7/40] 标题: 资阳仟裕资产管理有限公司2026年度资产维修服务采购项目入围公告
      [科技识别] 标题是否科技相关: 否
      [SKIP] 标题非科技相关，不进入详情爬取

  [8/40] 标题: 彭州市龙兴资产管理有限公司资产出租公告(彭州市公资竞告〔2026〕28号)
      [科技识别] 标题是否科技相关: 否
      [SKIP] 标题非科技相关，不进入详情爬取

  [9/40] 标题: 中国中信金融资产管理股份有限公司江苏省分公司对南京业彩物资贸易有限公司户法拍资产招商公告
      [科技识别] 标题是否科技相关: 否
      [SKIP] 标题非科技相关，不进入详情爬取

  [10/40] 标题: 中国信达资产管理股份有限公司湖南省分公司对湖南万泉贸易有限公司等3户债权资产公开竞价转让的…
      [科技识别] 标题是否科技相关: 否
      [SKIP] 标题非科技相关，不进入详情爬取

  [11/40] 标题: 中国信达资产管理股份有限公司吉林省分公司关于吉林斯卡瑞车轮有限公司等3户资产处置公告
      [科技识别] 标题是否科技相关: 否
      [SKIP] 标题非科技相关，不进入详情爬取

  [12/40] 标题: 金华市资产管理有限公司报废灯罩等一批
      [科技识别] 标题是否科技相关: 否
      [SKIP] 标题非科技相关，不进入详情爬取

  [13/40] 标题: 广西联合资产管理股份有限公司|债权处置公告
      [科技识别] 标题是否科技相关: 否
      [SKIP] 标题非科技相关，不进入详情爬取

  [14/40] 标题: 广西联合资产管理股份有限公司|债权处置公告
      [科技识别] 标题是否科技相关: 否
      [SKIP] 标题非科技相关，不进入详情爬取

  [15/40] 标题: 广西联合资产管理股份有限公司|债权处置公告
      [科技识别] 标题是否科技相关: 否
      [SKIP] 标题非科技相关，不进入详情爬取

  [16/40] 标题: 毕节市润源资产管理有限公司环宇委托0783号商铺招租转让公告
      [科技识别] 标题是否科技相关: 否
      [SKIP] 标题非科技相关，不进入详情爬取

  [17/40] 标题: 毕节市润源资产管理有限公司环宇委托0784号商铺招租转让公告
      [科技识别] 标题是否科技相关: 否
      [SKIP] 标题非科技相关，不进入详情爬取

  [18/40] 标题: 毕节市润源资产管理有限公司环宇委托0784号商铺招租转让公告
      [科技识别] 标题是否科技相关: 否
      [SKIP] 标题非科技相关，不进入详情爬取

  [19/40] 标题: 毕节市润源资产管理有限公司环宇委托0783号商铺招租转让公告
      [科技识别] 标题是否科技相关: 否
      [SKIP] 标题非科技相关，不进入详情爬取

  [20/40] 标题: 无锡新堰资产管理有限公司部分资产（惠山区堰桥街道污水管网等资产）项目成交公告
      [科技识别] 标题是否科技相关: 否
      [SKIP] 标题非科技相关，不进入详情爬取

  [21/40] 标题: 华润置地控股有限公司华润置地资产管理公司战略专项咨询服务项目采购单源直接采购结果公告
      [科技识别] 标题是否科技相关: 否
      [SKIP] 标题非科技相关，不进入详情爬取

  [22/40] 标题: 始兴县兴达资产管理有限公司1项流拍物业第二次公开招租交易结果公示（项目编号：CQ20260…
      [科技识别] 标题是否科技相关: 否
      [SKIP] 标题非科技相关，不进入详情爬取

  [23/40] 标题: 中国长城资产管理股份有限公司宁夏回族自治区分公司关于宁夏艾依明珠饭店有限公司债权资产进行公…
      [科技识别] 标题是否科技相关: 否
      [SKIP] 标题非科技相关，不进入详情爬取

  [24/40] 标题: 始兴县兴达资产管理有限公司1项流拍物业第二次公开招租交易结果公示（项目编号：CQ20260…
      [科技识别] 标题是否科技相关: 否
      [SKIP] 标题非科技相关，不进入详情爬取

  [25/40] 标题: 国有资产管理处多媒体教室音频设备(WSJJ20260023)网上竞价结果公告
      [科技识别] 标题是否科技相关: 否
      [SKIP] 标题非科技相关，不进入详情爬取

  [26/40] 标题: 佛山市南海区桂城街道公有资产管理办公室佛山市南海区桂城街道公有资产管理办公室资产评估服务电…
      [科技识别] 标题是否科技相关: 否
      [SKIP] 标题非科技相关，不进入详情爬取

  [27/40] 标题: 广州国有资产管理集团有限公司关于广州市越秀区盘福路24号3栋1号4楼的公告(第二次)
      [科技识别] 标题是否科技相关: 否
      [SKIP] 标题非科技相关，不进入详情爬取

  [28/40] 标题: 2026-2027年固定资产管理服务-编号：440118-2026-01187采购计划
      [科技识别] 标题是否科技相关: 否
      [SKIP] 标题非科技相关，不进入详情爬取

  [29/40] 标题: 云南省资产管理有限公司延长不良贷款转让试点期限专项审计中介服务机构采购项目结果公告-202…
      [科技识别] 标题是否科技相关: 否
      [SKIP] 标题非科技相关，不进入详情爬取

  [30/40] 标题: 资产管理技术服务项目定点议价成交公告
      [科技识别] 标题是否科技相关: 否
      [SKIP] 标题非科技相关，不进入详情爬取

  [31/40] 标题: 2026年度十堰市中心城区全民所有土地资产管理信息系统年度更新维护项目（第二次）竞争性磋商…
      [科技识别] 标题是否科技相关: 是
      [过滤-排除词] 未命中，通过
      [过滤-关键词] 包含「资产管理」，通过
      [OK] 通过全部筛选，进入详情爬取
    [已保存] output\2026-04-02\资产管理\土地挂牌_2026年度十堰市中心城区全民所有土地资产管理信息系统年度更新维护项目（第二次）竞争性磋商公告_081902.json

  [32/40] 标题: 2026年度十堰市中心城区全民所有土地资产管理信息系统年度更新维护项目终止公告
      [科技识别] 标题是否科技相关: 是
      [过滤-排除词] 未命中，通过
      [过滤-关键词] 包含「资产管理」，通过
      [OK] 通过全部筛选，进入详情爬取
    [已保存] output\2026-04-02\资产管理\土地挂牌_2026年度十堰市中心城区全民所有土地资产管理信息系统年度更新维护项目终止公告_081939.json

  [33/40] 标题: 中国长城资产管理股份有限公司宁夏回族自治区分公司关于宁夏艾依明珠饭店有限公司债权资产进行公…
      [科技识别] 标题是否科技相关: 否
      [SKIP] 标题非科技相关，不进入详情爬取

  [34/40] 标题: 【资产管理运营平台接口对接服务】采购公告
      [科技识别] 标题是否科技相关: 是
      [过滤-排除词] 未命中，通过
      [过滤-关键词] 包含「资产管理」，通过
      [OK] 通过全部筛选，进入详情爬取
    [已保存] output\2026-04-02\资产管理\招标公告_【资产管理运营平台接口对接服务】采购公告_082016.json

  [35/40] 标题: 中国煤炭资产管理集团有限公司商业用房租金评估服务项目结果公告
      [科技识别] 标题是否科技相关: 否
      [SKIP] 标题非科技相关，不进入详情爬取

  [36/40] 标题: 台山市公有资产管理委员会办公室台山市公有资产管理委员会办公室复印纸直接选定采购合同的合同公…
      [科技识别] 标题是否科技相关: 否
      [SKIP] 标题非科技相关，不进入详情爬取

  [37/40] 标题: 马尔康市国有资产管理服务中心马尔康市国有资产管理服务中心碎纸机直接选定采购合同政府采购合同…
      [科技识别] 标题是否科技相关: 否
      [SKIP] 标题非科技相关，不进入详情爬取

  [38/40] 标题: 成都市市级机关国有资产管理服务中心19套公有住房出租项目
      [科技识别] 标题是否科技相关: 否
      [SKIP] 标题非科技相关，不进入详情爬取

  [39/40] 标题: 成都市市级机关国有资产管理服务中心资产出租竞价结果公示（2026年04月02日）
      [科技识别] 标题是否科技相关: 否
      [SKIP] 标题非科技相关，不进入详情爬取

  [40/40] 标题: 彭州市龙兴资产管理有限公司资产出租交易结果公示（2026年04月02日）
      [科技识别] 标题是否科技相关: 否
      [SKIP] 标题非科技相关，不进入详情爬取

  [第 4 页]
  [DEBUG] 已检测到「条信息」，按整页详情链接解析
      [WARN] 未找到 .ssjg-leixing，info_type 将记为采招信息
  本页找到 25 条结果

  [1/25] 标题: 中原银行股份有限公司洛阳分行与河南资产管理有限公司债权转让通知暨债务催收联合公告(编号:Z…
      [科技识别] 标题是否科技相关: 否
      [SKIP] 标题非科技相关，不进入详情爬取

  [2/25] 标题: 中国长城资产管理股份有限公司宁夏回族自治区分公司关于宁夏艾依明珠饭店有限公司债权公开竞价处…
      [科技识别] 标题是否科技相关: 否
      [SKIP] 标题非科技相关，不进入详情爬取

  [3/25] 标题: 河南资产管理有限公司关于河南鑫昌新材料科技股份有限公司等2户不良债权转让项目补登公告（编号…
      [科技识别] 标题是否科技相关: 否
      [SKIP] 标题非科技相关，不进入详情爬取

  [4/25] 标题: 河南资产管理有限公司与商丘甜蜜办公商贸有限公司债权转让通知暨债务催收联合公告(编号:ZQZ…
      [科技识别] 标题是否科技相关: 否
      [SKIP] 标题非科技相关，不进入详情爬取

  [5/25] 标题: 华润置地控股有限公司华润置地资产管理公司战略专项咨询服务项目采购单源直接采购结果公告
      [科技识别] 标题是否科技相关: 否
      [SKIP] 标题非科技相关，不进入详情爬取

  [6/25] 标题: 中国长城资产管理股份有限公司甘肃省分公司关于甘肃国峰文化旅游发展有限公司等164户资产营销…
      [科技识别] 标题是否科技相关: 否
      [SKIP] 标题非科技相关，不进入详情爬取

  [7/25] 标题: 中国铁路哈尔滨局集团有限公司中国铁路哈尔滨局集团有限公司哈尔滨铁路资产管理有限公司房屋经营…
      [科技识别] 标题是否科技相关: 否
      [SKIP] 标题非科技相关，不进入详情爬取

  [8/25] 标题: 南通市康泰资产管理有限公司于2026年04月02日成交一笔交易-JJ20260331004
      [科技识别] 标题是否科技相关: 否
      [SKIP] 标题非科技相关，不进入详情爬取

  [9/25] 标题: 2026年全椒县惠农资产管理有限公司的（第一批）资产对外招租项目
      [科技识别] 标题是否科技相关: 否
      [SKIP] 标题非科技相关，不进入详情爬取

  [10/25] 标题: 关于为【关于选取重庆渝隆资产管理有限公司涉及李*起诉重庆恒雅旅游开发有限公司房屋买卖合同纠…
      [科技识别] 标题是否科技相关: 否
      [SKIP] 标题非科技相关，不进入详情爬取

  [11/25] 标题: 关于选取重庆渝隆资产管理有限公司涉及李*起诉重庆恒雅旅游开发有限公司房屋买卖合同纠纷一案应…
      [科技识别] 标题是否科技相关: 否
      [SKIP] 标题非科技相关，不进入详情爬取

  [12/25] 标题: 常州市新北区西夏墅财政和资产管理办公室常州市新北区西夏墅镇人民政府关于教学仪器的网上商城采…
      [科技识别] 标题是否科技相关: 否
      [SKIP] 标题非科技相关，不进入详情爬取

  [13/25] 标题: 吉林省九富资产管理有限公司石料（约6.05016万立方米）整体转让项目
      [科技识别] 标题是否科技相关: 否
      [SKIP] 标题非科技相关，不进入详情爬取

  [14/25] 标题: 中国长城资产管理股份有限公司云南省分公司对云南汇联实业有限公司债权资产的营销公告
      [科技识别] 标题是否科技相关: 否
      [SKIP] 标题非科技相关，不进入详情爬取

  [15/25] 标题: 海南省直属机关资产管理中心2026年度周转住房维修单位遴选结果公告
      [科技识别] 标题是否科技相关: 否
      [SKIP] 标题非科技相关，不进入详情爬取

  [16/25] 标题: 中国中信金融资产管理股份有限公司湖北省分公司资产处置公告
      [科技识别] 标题是否科技相关: 否
      [SKIP] 标题非科技相关，不进入详情爬取

  [17/25] 标题: 中国中信金融资产管理股份有限公司湖北省分公司债权转让公告
      [科技识别] 标题是否科技相关: 否
      [SKIP] 标题非科技相关，不进入详情爬取

  [18/25] 标题: 20260402-后勤与资产管理处-华侨大学泉州校区基础维修改造工程预算及结算审核服务采购…
      [科技识别] 标题是否科技相关: 否
      [SKIP] 标题非科技相关，不进入详情爬取

  [19/25] 标题: 中国中信金融资产管理股份有限公司湖北省分公司资产处置公告
      [科技识别] 标题是否科技相关: 否
      [SKIP] 标题非科技相关，不进入详情爬取

  [20/25] 标题: 中国中信金融资产管理股份有限公司湖北省分公司债权转让公告
      [科技识别] 标题是否科技相关: 否
      [SKIP] 标题非科技相关，不进入详情爬取

  [21/25] 标题: 上海浦东发展银行股份有限公司郑州分行与中国中信金融资产管理股份有限公司河南省分公司债权转让…
      [科技识别] 标题是否科技相关: 否
      [SKIP] 标题非科技相关，不进入详情爬取

  [22/25] 标题: 上海浦东发展银行股份有限公司郑州分行与中国中信金融资产管理股份有限公司河南省分公司债权转让…
      [科技识别] 标题是否科技相关: 否
      [SKIP] 标题非科技相关，不进入详情爬取

  [23/25] 标题: 北京建投嘉昱资产管理有限公司关于2026-2027年通州复地中心办公楼绿植租摆采购项目供应…
      [科技识别] 标题是否科技相关: 否
      [SKIP] 标题非科技相关，不进入详情爬取

  [24/25] 标题: 金华市资产管理有限公司报废灯罩等一批转让公告
      [科技识别] 标题是否科技相关: 否
      [SKIP] 标题非科技相关，不进入详情爬取

  [25/25] 标题: 山西省晋城市河西惠农服务中心建设项目（高平市社有资产管理有限公司）
      [科技识别] 标题是否科技相关: 否
      [SKIP] 标题非科技相关，不进入详情爬取

  [第 5 页]
  [DEBUG] 已检测到「条信息」，按整页详情链接解析
      [WARN] 未找到 .ssjg-leixing，info_type 将记为采招信息
  本页找到 25 条结果
  本页链接均已在之前页处理过，视为重复页，停止翻页。
  [OK] 「资产管理」爬取结束，正在关闭标签页…

  「资产管理」完成：成功 12 篇，失败 0 篇
  [OK] 等待 2~6 秒后继续下一关键词…

====================================================
  [3/10] 关键词：「信托」

────────────────────────────────────────────────────
  关键词：「信托」  输出目录：output\2026-04-02\信托/
  [OK] 搜索结果页 -> https://search.bidcenter.com.cn/search?keywords=%e4%bf%a1%e6%89%98&mod=0
  [OK] 已点击「标题搜索」
  [OK] 标题搜索结果页 -> https://search.bidcenter.com.cn/search?keywords=%E4%BF%A1%E6%89%98&tag=1&mod=0
  [时间筛选] 2026-04-02 ~ 2026-04-02
  [OK] 时间筛选已应用 -> https://search.bidcenter.com.cn/search?keywords=%E4%BF%A1%E6%89%98&tag=1&mod=0&time=5&stime=2026-04-02&endtime=2026-04-02

  [第 1 页]
  [DEBUG] 已检测到「条信息」，按整页详情链接解析
      [WARN] 未找到 .ssjg-leixing，info_type 将记为采招信息
  本页找到 16 条结果

  [1/16] 标题: （2025）辽02破3号华信信托股份有限公司重整案关于公开招募和遴选重整投资人的公告
      [科技识别] 标题是否科技相关: 否
      [SKIP] 标题非科技相关，不进入详情爬取

  [2/16] 标题: 兴业信托非标资产管理系统升级项目中标候选人公示
      [科技识别] 标题是否科技相关: 是
      [过滤-排除词] 未命中，通过
      [过滤-关键词] 包含「信托」，通过
      [OK] 通过全部筛选，进入详情爬取
    [已保存] output\2026-04-02\信托\中标结果_兴业信托非标资产管理系统升级项目中标候选人公示_082338.json

  [3/16] 标题: 建信信托有限责任公司2026年网络安全服务项目供应商征集公告
      [科技识别] 标题是否科技相关: 是
      [过滤-排除词] 未命中，通过
      [过滤-关键词] 包含「信托」，通过
      [OK] 通过全部筛选，进入详情爬取
    [已保存] output\2026-04-02\信托\招标公告_建信信托有限责任公司2026年网络安全服务项目供应商征集公告_082416.json

  [4/16] 标题: 中海信托线上学习平台项目供应商资源开发公开征集公示
      [科技识别] 标题是否科技相关: 是
      [过滤-排除词] 未命中，通过
      [过滤-关键词] 包含「信托」，通过
      [OK] 通过全部筛选，进入详情爬取
    [已保存] output\2026-04-02\信托\招标公告_中海信托线上学习平台项目供应商资源开发公开征集公示_082454.json

  [5/16] 标题: 收购某信托公司股权项目法务尽调服务采购谈判采购公告
      [科技识别] 标题是否科技相关: 否
      [SKIP] 标题非科技相关，不进入详情爬取

  [6/16] 标题: 财信信托长沙西枢纽商务中心办公场地一批闲置办公家具(七次挂牌)
      [科技识别] 标题是否科技相关: 否
      [SKIP] 标题非科技相关，不进入详情爬取

  [7/16] 标题: 华能贵诚信托2026年贵阳办公区维修服务项目询比采购公告
      [科技识别] 标题是否科技相关: 否
      [SKIP] 标题非科技相关，不进入详情爬取

  [8/16] 标题: 华能贵诚信托郑州办公区及北京办公区部分改造装修竣工决算审计服务项目询比采购公告
      [科技识别] 标题是否科技相关: 否
      [SKIP] 标题非科技相关，不进入详情爬取

  [9/16] 标题: 华能贵诚信托2026年贵阳办公区保安保洁服务项目询比采购公告
      [科技识别] 标题是否科技相关: 否
      [SKIP] 标题非科技相关，不进入详情爬取

  [10/16] 标题: 华润深国投信托有限公司华润信托估值系统2026年运维服务项目公告
      [科技识别] 标题是否科技相关: 是
      [过滤-排除词] 未命中，通过
      [过滤-关键词] 包含「信托」，通过
      [OK] 通过全部筛选，进入详情爬取
    [已保存] output\2026-04-02\信托\招标公告_华润深国投信托有限公司华润信托估值系统2026年运维服务项目公告_082532.json

  [11/16] 标题: （直接采购）【外贸信托工会2026年妇女节活动服务采购项目】结果公告
      [科技识别] 标题是否科技相关: 否
      [SKIP] 标题非科技相关，不进入详情爬取

  [12/16] 标题: 【询比采购】外贸信托2026年CV备份软件维保服务采购/1601-PS2026031900…
      [科技识别] 标题是否科技相关: 是
      [过滤-排除词] 未命中，通过
      [过滤-关键词] 包含「信托」，通过
      [OK] 通过全部筛选，进入详情爬取
    [已保存] output\2026-04-02\信托\中标结果_【询比采购】外贸信托2026年CV备份软件维保服务采购_1601-PS202603190076采购结果公示_082609.json

  [13/16] 标题: 征集项目:中信信托短信服务采购项目
      [科技识别] 标题是否科技相关: 否
      [SKIP] 标题非科技相关，不进入详情爬取

  [14/16] 标题: 征集项目:中信信托信用评级系统信创改造项目供应商征集公告
      [科技识别] 标题是否科技相关: 否
      [SKIP] 标题非科技相关，不进入详情爬取

  [15/16] 标题: 征集项目:中信信托收付款系统信创改造项目供应商征集公告
      [科技识别] 标题是否科技相关: 否
      [SKIP] 标题非科技相关，不进入详情爬取

  [16/16] 标题: 哈尔滨信托物业供热有限责任公司热源中心一批废旧资产处置成交公告
      [科技识别] 标题是否科技相关: 否
      [SKIP] 标题非科技相关，不进入详情爬取

  [第 2 页]
  [DEBUG] 已检测到「条信息」，按整页详情链接解析
      [WARN] 未找到 .ssjg-leixing，info_type 将记为采招信息
  本页找到 16 条结果
  本页链接均已在之前页处理过，视为重复页，停止翻页。
  [OK] 「信托」爬取结束，正在关闭标签页…

  「信托」完成：成功 5 篇，失败 0 篇
  [OK] 等待 2~6 秒后继续下一关键词…

====================================================
  [4/10] 关键词：「消费金融」

────────────────────────────────────────────────────
  关键词：「消费金融」  输出目录：output\2026-04-02\消费金融/
  [OK] 搜索结果页 -> https://search.bidcenter.com.cn/search?keywords=%e6%b6%88%e8%b4%b9%e9%87%91%e8%9e%8d&mod=0
  [OK] 已点击「标题搜索」
  [OK] 标题搜索结果页 -> https://search.bidcenter.com.cn/search?keywords=%E6%B6%88%E8%B4%B9%E9%87%91%E8%9E%8D&tag=1&mod=0
  [时间筛选] 2026-04-02 ~ 2026-04-02
  [OK] 时间筛选已应用 -> https://search.bidcenter.com.cn/search?keywords=%E6%B6%88%E8%B4%B9%E9%87%91%E8%9E%8D&tag=1&mod=0&time=5&stime=2026-04-02&endtime=2026-04-02

  [第 1 页]
  [DEBUG] 已检测到「条信息」，按整页详情链接解析
      [WARN] 未找到 .ssjg-leixing，info_type 将记为采招信息
  本页找到 17 条结果

  [1/17] 标题: 中邮消费金融有限公司浙江中心2026-2027年线下进件资料整理服务项目招标公告
      [科技识别] 标题是否科技相关: 否
      [SKIP] 标题非科技相关，不进入详情爬取

  [2/17] 标题: 中邮消费金融有限公司2026年生产数据库技术服务项目中标候选人公示
      [科技识别] 标题是否科技相关: 是
      [过滤-排除词] 未命中，通过
      [过滤-关键词] 包含「消费金融」，通过
      [OK] 通过全部筛选，进入详情爬取
    [已保存] output\2026-04-02\消费金融\中标结果_中邮消费金融有限公司2026年生产数据库技术服务项目中标候选人公示_082841.json

  [3/17] 标题: 中银消费金融有限公司2026年网络安全设备维保采购项目结果公告
      [科技识别] 标题是否科技相关: 是
      [过滤-排除词] 未命中，通过
      [过滤-关键词] 包含「消费金融」，通过
      [OK] 通过全部筛选，进入详情爬取
    [已保存] output\2026-04-02\消费金融\中标结果_中银消费金融有限公司2026年网络安全设备维保采购项目结果公告_082911.json

  [4/17] 标题: 四川锦程消费金融有限责任公司采购项目公告：办公区保洁服务二次采购项目（JCJC-2026-…
      [科技识别] 标题是否科技相关: 否
      [SKIP] 标题非科技相关，不进入详情爬取

  [5/17] 标题: 河南中原消费金融股份有限公司楷林职场局部改造服务采购项目供应商征集公告
      [科技识别] 标题是否科技相关: 否
      [SKIP] 标题非科技相关，不进入详情爬取

  [6/17] 标题: 盛银消费金融有限公司采购数据治理管控平台项目（第二次）招标公告
      [科技识别] 标题是否科技相关: 是
      [过滤-排除词] 未命中，通过
      [过滤-关键词] 包含「消费金融」，通过
      [OK] 通过全部筛选，进入详情爬取
    [已保存] output\2026-04-02\消费金融\招标公告_盛银消费金融有限公司采购数据治理管控平台项目（第二次）招标公告_082948.json

  [7/17] 标题: 关于兴业消费金融股份公司2026年人事服务项目采购结果公告
      [科技识别] 标题是否科技相关: 否
      [SKIP] 标题非科技相关，不进入详情爬取

  [8/17] 标题: 关于兴业消费金融股份公司2026年餐饮服务项目采购结果公告
      [科技识别] 标题是否科技相关: 否
      [SKIP] 标题非科技相关，不进入详情爬取

  [9/17] 标题: 关于兴业消费金融股份公司2026年人事劳务派遣服务项目采购结果公告
      [科技识别] 标题是否科技相关: 否
      [SKIP] 标题非科技相关，不进入详情爬取

  [10/17] 标题: 湖南银行消费金融个贷辅助管理服务外包项目中标候选人公示
      [科技识别] 标题是否科技相关: 否
      [SKIP] 标题非科技相关，不进入详情爬取

  [11/17] 标题: 河南中原消费金融股份有限公司2026年语音线路供应商采购项目-入围候选人公示
      [科技识别] 标题是否科技相关: 否
      [SKIP] 标题非科技相关，不进入详情爬取

  [12/17] 标题: 河南中原消费金融股份有限公司2026年语音线路供应商采购项目入围候选人公示
      [科技识别] 标题是否科技相关: 否
      [SKIP] 标题非科技相关，不进入详情爬取

  [13/17] 标题: 关于兴业消费金融股份公司2025-2027年逾期贷款诉讼广州地区律所采购项目采购结果公告
      [科技识别] 标题是否科技相关: 否
      [SKIP] 标题非科技相关，不进入详情爬取

  [14/17] 标题: 中国银行济南分行住房与消费金融部选取中银E贷公积金数据对接供应商集中采购项目（二年）结果公…
      [科技识别] 标题是否科技相关: 否
      [SKIP] 标题非科技相关，不进入详情爬取

  [15/17] 标题: 2026年上海电信金融大客户部消费金融客户全国办公电话服务
      [科技识别] 标题是否科技相关: 否
      [SKIP] 标题非科技相关，不进入详情爬取

  [16/17] 标题: 四川锦程消费金融有限责任公司关于【锦程消费】关于张某坤的个人抵押债权转让的公告(第一次)
      [科技识别] 标题是否科技相关: 否
      [SKIP] 标题非科技相关，不进入详情爬取

  [17/17] 标题: 兴业消费金融股份公司关于线下及互联网贷款业务数据服务项目供应商征集调研公告
      [科技识别] 标题是否科技相关: 否
      [SKIP] 标题非科技相关，不进入详情爬取

  [第 2 页]
  [DEBUG] 已检测到「条信息」，按整页详情链接解析
      [WARN] 未找到 .ssjg-leixing，info_type 将记为采招信息
  本页找到 17 条结果
  本页链接均已在之前页处理过，视为重复页，停止翻页。
  [OK] 「消费金融」爬取结束，正在关闭标签页…

  「消费金融」完成：成功 3 篇，失败 0 篇
  [OK] 等待 2~6 秒后继续下一关键词…

====================================================
  [5/10] 关键词：「汽车金融」

────────────────────────────────────────────────────
  关键词：「汽车金融」  输出目录：output\2026-04-02\汽车金融/
  [OK] 搜索结果页 -> https://search.bidcenter.com.cn/search?keywords=%e6%b1%bd%e8%bd%a6%e9%87%91%e8%9e%8d&mod=0
  [OK] 已点击「标题搜索」
  [OK] 标题搜索结果页 -> https://search.bidcenter.com.cn/search?keywords=%E6%B1%BD%E8%BD%A6%E9%87%91%E8%9E%8D&tag=1&mod=0
  [时间筛选] 2026-04-02 ~ 2026-04-02
  [OK] 时间筛选已应用 -> https://search.bidcenter.com.cn/search?keywords=%E6%B1%BD%E8%BD%A6%E9%87%91%E8%9E%8D&tag=1&mod=0&time=5&stime=2026-04-02&endtime=2026-04-02

  [第 1 页]
  [截图] debug_no_list.png
  [WARN] 等待结果区（.ssjg-list 或 条信息）超时，本页可能无数据
  无结果，停止翻页。
  [OK] 「汽车金融」爬取结束，正在关闭标签页…

  「汽车金融」完成：成功 0 篇，失败 0 篇
  [OK] 等待 2~6 秒后继续下一关键词…

====================================================
  [6/10] 关键词：「农村信用」

────────────────────────────────────────────────────
  关键词：「农村信用」  输出目录：output\2026-04-02\农村信用/
  [OK] 搜索结果页 -> https://search.bidcenter.com.cn/search?keywords=%e5%86%9c%e6%9d%91%e4%bf%a1%e7%94%a8&mod=0
  [OK] 已点击「标题搜索」
  [OK] 标题搜索结果页 -> https://search.bidcenter.com.cn/search?keywords=%E5%86%9C%E6%9D%91%E4%BF%A1%E7%94%A8&tag=1&mod=0
  [时间筛选] 2026-04-02 ~ 2026-04-02
  [OK] 时间筛选已应用 -> https://search.bidcenter.com.cn/search?keywords=%E5%86%9C%E6%9D%91%E4%BF%A1%E7%94%A8&tag=1&mod=0&time=5&stime=2026-04-02&endtime=2026-04-02

  [第 1 页]
  [DEBUG] 已检测到「条信息」，按整页详情链接解析
      [WARN] 未找到 .ssjg-leixing，info_type 将记为采招信息
  本页找到 40 条结果

  [1/40] 标题: 湖北省农村信用社联合社网络信息中心宜昌数据中心机房建设工程项目电力引入工程（EPC）开标记…
      [科技识别] 标题是否科技相关: 是
      [过滤-排除词] 未命中，通过
      [过滤-关键词] 包含「农村信用」，通过
      [OK] 通过全部筛选，进入详情爬取
    [已保存] output\2026-04-02\农村信用\中标结果_湖北省农村信用社联合社网络信息中心宜昌数据中心机房建设工程项目电力引入工程（EPC）开标记录_083318.json

  [2/40] 标题: 玉林市区农村信用合作联社关于玉林市人民东路体育中心北侧奥园康城花园13栋B单元502号房产…
      [科技识别] 标题是否科技相关: 否
      [SKIP] 标题非科技相关，不进入详情爬取

  [3/40] 标题: 横州市农村信用合作联社2026年度不良贷款委托清收项目（项目编号：GXJD-26131SQ…
      [科技识别] 标题是否科技相关: 否
      [SKIP] 标题非科技相关，不进入详情爬取

  [4/40] 标题: 湖北省农村信用社联合社网络信息中心办公设备电脑采购项目（第二次）竞争性谈判采购公告（260…
      [科技识别] 标题是否科技相关: 是
      [过滤-排除词] 命中「办公」→ 跳过

  [5/40] 标题: 富民县农村信用合作联社2026年社会押运、监控中心及金库远程值守服务采购项目(二次)竞争性…
      [科技识别] 标题是否科技相关: 否
      [SKIP] 标题非科技相关，不进入详情爬取

  [6/40] 标题: 黑龙江省农村信用社联合社新华社服务合作项目单一来源采购公示
      [科技识别] 标题是否科技相关: 否
      [SKIP] 标题非科技相关，不进入详情爬取

  [7/40] 标题: 昆明市盘龙区农村信用合作联社2026年智能云POS机采购项目竞争性磋商公告
      [科技识别] 标题是否科技相关: 否
      [SKIP] 标题非科技相关，不进入详情爬取

  [8/40] 标题: 玉林市区农村信用合作联社关于钦州市向阳路2号房地产公开拍卖的公告
      [科技识别] 标题是否科技相关: 否
      [SKIP] 标题非科技相关，不进入详情爬取

  [9/40] 标题: 玉林市区农村信用合作联社关于玉林市福绵区天河西路北侧1072091013000号国有土地使…
      [科技识别] 标题是否科技相关: 否
      [SKIP] 标题非科技相关，不进入详情爬取

  [10/40] 标题: 玉林市区农村信用合作联社关于玉林市玉州区中山路202号华商国际E区21幢402室房地产公开…
      [科技识别] 标题是否科技相关: 否
      [SKIP] 标题非科技相关，不进入详情爬取

  [11/40] 标题: 玉林市区农村信用合作联社关于玉林市玉州区大北路141号房地产公开拍卖的公告
      [科技识别] 标题是否科技相关: 否
      [SKIP] 标题非科技相关，不进入详情爬取

  [12/40] 标题: 玉林市区农村信用合作联社关于玉林市一环东路170号204房公开拍卖的公告
      [科技识别] 标题是否科技相关: 否
      [SKIP] 标题非科技相关，不进入详情爬取

  [13/40] 标题: 龙江县农村信用合作联社法律顾问服务项目招标公告
      [科技识别] 标题是否科技相关: 否
      [SKIP] 标题非科技相关，不进入详情爬取

  [14/40] 标题: 漯河市郾城区农村信用合作联社2026年更换网点标识项目竞争性磋商公告
      [科技识别] 标题是否科技相关: 否
      [SKIP] 标题非科技相关，不进入详情爬取

  [15/40] 标题: 容县农村信用合作联社重建石头信用社项目规划总平面图批前公示
      [科技识别] 标题是否科技相关: 否
      [SKIP] 标题非科技相关，不进入详情爬取

  [16/40] 标题: 广东省农村信用社联合社华建机房基础设施优化改造项目（第三次）招标公告
      [科技识别] 标题是否科技相关: 是
      [过滤-排除词] 未命中，通过
      [过滤-关键词] 包含「农村信用」，通过
      [OK] 通过全部筛选，进入详情爬取
    [已保存] output\2026-04-02\农村信用\招标公告_广东省农村信用社联合社华建机房基础设施优化改造项目（第三次）招标公告_083356.json

  [17/40] 标题: 富民县农村信用合作联社2026年社会押运、监控中心及金库远程值守服务采购项目流标公示
      [科技识别] 标题是否科技相关: 否
      [SKIP] 标题非科技相关，不进入详情爬取

  [18/40] 标题: 宁洱县农村信用合作联社营业部、勐先社GA38-2021安防标准改造项目招标公告
      [科技识别] 标题是否科技相关: 否
      [SKIP] 标题非科技相关，不进入详情爬取

  [19/40] 标题: 山东省农村信用社联合社企业年金计划受托管理服务项目招标公告
      [科技识别] 标题是否科技相关: 否
      [SKIP] 标题非科技相关，不进入详情爬取

  [20/40] 标题: 合浦县农村信用合作联社采购安装专业无纸化会议系统竞争性磋商公告
      [科技识别] 标题是否科技相关: 否
      [SKIP] 标题非科技相关，不进入详情爬取

  [21/40] 标题: 【蔚县农村信用联社股份有限公司2026年宣传用品、办公用品及网点零星修缮框架协议采购项目】…
      [科技识别] 标题是否科技相关: 否
      [SKIP] 标题非科技相关，不进入详情爬取

  [22/40] 标题: 尚义县农村信用联社股份有限公司2026年职工补充医疗保险管理项目招标公告
      [科技识别] 标题是否科技相关: 否
      [SKIP] 标题非科技相关，不进入详情爬取

  [23/40] 标题: 关于2026年永泰县农村信用合作联社耗材服务项目（招标编号：YTNX-2026-4-4）的…
      [科技识别] 标题是否科技相关: 否
      [SKIP] 标题非科技相关，不进入详情爬取

  [24/40] 标题: 海伦市农村信用合作联社关于海伦市安全街1委1组雷炎大街路北向阳大街路东生产资料集资楼西数第…
      [科技识别] 标题是否科技相关: 否
      [SKIP] 标题非科技相关，不进入详情爬取

  [25/40] 标题: 海伦市农村信用合作联社关于海伦市文明街一委一组雷炎大街路南向阳大街路东工商局综合楼南数11…
      [科技识别] 标题是否科技相关: 否
      [SKIP] 标题非科技相关，不进入详情爬取

  [26/40] 标题: 云南农村信用社ECC建设项目-成交候选人公示
      [科技识别] 标题是否科技相关: 否
      [SKIP] 标题非科技相关，不进入详情爬取

  [27/40] 标题: 大同市农村信用社IDC机房托管服务项目(001标段)竞争性磋商公告
      [科技识别] 标题是否科技相关: 是
      [过滤-排除词] 未命中，通过
      [过滤-关键词] 包含「农村信用」，通过
      [OK] 通过全部筛选，进入详情爬取
    [已保存] output\2026-04-02\农村信用\招标公告_大同市农村信用社IDC机房托管服务项目(001标段)竞争性磋商公告_083431.json

  [28/40] 标题: 大同市农村信用社八家县级机构内网一年期专线租赁采购项目(001标段)框架协议采购公告
      [科技识别] 标题是否科技相关: 否
      [SKIP] 标题非科技相关，不进入详情爬取

  [29/40] 标题: 【蔚县农村信用联社股份有限公司2026年宣传用品、办公用品及网点零星修缮框架协议采购项目（…
      [科技识别] 标题是否科技相关: 否
      [SKIP] 标题非科技相关，不进入详情爬取

  [30/40] 标题: 横州市农村信用合作联社2026年度不良贷款委托清收项目（项目编号：GXJD-26131SQ…
      [科技识别] 标题是否科技相关: 否
      [SKIP] 标题非科技相关，不进入详情爬取

  [31/40] 标题: 广东省农村信用社联合银信中心工程项目造价咨询服务采购需求调研预公告
      [科技识别] 标题是否科技相关: 否
      [SKIP] 标题非科技相关，不进入详情爬取

  [32/40] 标题: 安徽省农村信用社联合社第三代核心业务系统项目群测试服务项目中标候选人公示
      [科技识别] 标题是否科技相关: 是
      [过滤-排除词] 未命中，通过
      [过滤-关键词] 包含「农村信用」，通过
      [OK] 通过全部筛选，进入详情爬取
    [已保存] output\2026-04-02\农村信用\中标结果_安徽省农村信用社联合社第三代核心业务系统项目群测试服务项目中标候选人公示_083501.json

  [33/40] 标题: 山东省农村信用社联合社场地改造谈判采购公告
      [科技识别] 标题是否科技相关: 否
      [SKIP] 标题非科技相关，不进入详情爬取

  [34/40] 标题: 昆明农信-呈贡区联社关于昆明市呈贡区农村信用合作联社关于云南省红河州建水县清远路140号（…
      [科技识别] 标题是否科技相关: 否
      [SKIP] 标题非科技相关，不进入详情爬取

  [35/40] 标题: 昆明农信-呈贡区联社关于昆明市呈贡区农村信用合作联社关于云南省红河州建水县清远路140号（…
      [科技识别] 标题是否科技相关: 否
      [SKIP] 标题非科技相关，不进入详情爬取

  [36/40] 标题: 昆明农信-呈贡区联社关于昆明市呈贡区农村信用合作联社关于云南省红河州建水县清远路140号（…
      [科技识别] 标题是否科技相关: 否
      [SKIP] 标题非科技相关，不进入详情爬取

  [37/40] 标题: 昆明农信-呈贡区联社关于昆明市呈贡区农村信用合作联社关于云南省红河州建水县清远路140号（…
      [科技识别] 标题是否科技相关: 否
      [SKIP] 标题非科技相关，不进入详情爬取

  [38/40] 标题: 杭州文化产权交易所关于（银行股权）637622股四川阿坝州农村信用联社股权转让的公告(第一…
      [科技识别] 标题是否科技相关: 否
      [SKIP] 标题非科技相关，不进入详情爬取

  [39/40] 标题: 昆明农信-呈贡区联社关于昆明市呈贡区农村信用合作联社关于云南省红河州建水县清远路140号（…
      [科技识别] 标题是否科技相关: 否
      [SKIP] 标题非科技相关，不进入详情爬取

  [40/40] 标题: 容城县农村信用合作联社食堂外包服务项目中标候选人公示
      [科技识别] 标题是否科技相关: 否
      [SKIP] 标题非科技相关，不进入详情爬取

  [第 2 页]
  [DEBUG] 已检测到「条信息」，按整页详情链接解析
      [WARN] 未找到 .ssjg-leixing，info_type 将记为采招信息
  本页找到 3 条结果

  [1/3] 标题: 安徽省农村信用社联合社第三代核心业务系统项目群管理（PMO）服务项目（二次）招标公告
      [科技识别] 标题是否科技相关: 是
      [过滤-排除词] 未命中，通过
      [过滤-关键词] 包含「农村信用」，通过
      [OK] 通过全部筛选，进入详情爬取
    [已保存] output\2026-04-02\农村信用\招标公告_安徽省农村信用社联合社第三代核心业务系统项目群管理（PMO）服务项目（二次）招标公告_083629.json

  [2/3] 标题: 平泉市农村信用合作联社2026年度春季存款贷款营销项目中标候选人公示
      [科技识别] 标题是否科技相关: 否
      [SKIP] 标题非科技相关，不进入详情爬取

  [3/3] 标题: 博白县农村信用合作联社由划拨的其他商服用地变更为出让的商业金融业用地-
      [科技识别] 标题是否科技相关: 否
      [SKIP] 标题非科技相关，不进入详情爬取

  [第 3 页]
  [DEBUG] 已检测到「条信息」，按整页详情链接解析
      [WARN] 未找到 .ssjg-leixing，info_type 将记为采招信息
  本页找到 3 条结果
  本页链接均已在之前页处理过，视为重复页，停止翻页。
  [OK] 「农村信用」爬取结束，正在关闭标签页…

  「农村信用」完成：成功 5 篇，失败 0 篇
  [OK] 等待 2~6 秒后继续下一关键词…

====================================================
  [7/10] 关键词：「金融租赁」

────────────────────────────────────────────────────
  关键词：「金融租赁」  输出目录：output\2026-04-02\金融租赁/
  [OK] 搜索结果页 -> https://search.bidcenter.com.cn/search?keywords=%e9%87%91%e8%9e%8d%e7%a7%9f%e8%b5%81&mod=0
  [OK] 已点击「标题搜索」
  [OK] 标题搜索结果页 -> https://search.bidcenter.com.cn/search?keywords=%E9%87%91%E8%9E%8D%E7%A7%9F%E8%B5%81&tag=1&mod=0
  [时间筛选] 2026-04-02 ~ 2026-04-02
  [OK] 时间筛选已应用 -> https://search.bidcenter.com.cn/search?keywords=%E9%87%91%E8%9E%8D%E7%A7%9F%E8%B5%81&tag=1&mod=0&time=5&stime=2026-04-02&endtime=2026-04-02

  [第 1 页]
  [DEBUG] 已检测到「条信息」，按整页详情链接解析
      [WARN] 未找到 .ssjg-leixing，info_type 将记为采招信息
  本页找到 12 条结果

  [1/12] 标题: 邦银金融租赁股份有限公司2026年-2028年员工食堂食材采购项目中标候选人公示
      [科技识别] 标题是否科技相关: 否
      [SKIP] 标题非科技相关，不进入详情爬取

  [2/12] 标题: 【2026年巴州代理金融网点改造“移动式现金区”租赁服务采购项目】中标结果公告
      [科技识别] 标题是否科技相关: 否
      [SKIP] 标题非科技相关，不进入详情爬取

  [3/12] 标题: 【2026年巴州代理金融网点改造“移动式现金区”租赁服务采购项目】中标结果公告
      [科技识别] 标题是否科技相关: 否
      [SKIP] 标题非科技相关，不进入详情爬取

  [4/12] 标题: 交银金融租赁有限责任公司与交通银行股份有限公司及交通银行（香港）有限公司之间的重大关联交易…
      [科技识别] 标题是否科技相关: 否
      [SKIP] 标题非科技相关，不进入详情爬取

  [5/12] 标题: 交银金融租赁有限责任公司与交通银行股份有限公司之间的重大关联交易相关情况(4月2日）
      [科技识别] 标题是否科技相关: 否
      [SKIP] 标题非科技相关，不进入详情爬取

  [6/12] 标题: 中国五冶启动区金融岛配套商业项目施工总承包项目塔式起重机租赁及安拆服务中标候选人公示
      [科技识别] 标题是否科技相关: 否
      [SKIP] 标题非科技相关，不进入详情爬取

  [7/12] 标题: 江苏金融租赁股份有限公司2026年实物资产处置服务商采购项目采购公告
      [科技识别] 标题是否科技相关: 否
      [SKIP] 标题非科技相关，不进入详情爬取

  [8/12] 标题: 广东金融学院来华留学生采购来华留学生管理及教学系统租赁服务采购公告
      [科技识别] 标题是否科技相关: 否
      [SKIP] 标题非科技相关，不进入详情爬取

  [9/12] 标题: 中国人民大学财政金融学院车辆租赁服务项目招标公告
      [科技识别] 标题是否科技相关: 否
      [SKIP] 标题非科技相关，不进入详情爬取

  [10/12] 标题: 某金融机构关于黄冈晨鸣浆纸有限公司融资租赁项目债权的处置公告
      [科技识别] 标题是否科技相关: 否
      [SKIP] 标题非科技相关，不进入详情爬取

  [11/12] 标题: 某金融机构关于徐州隆丰商业发展有限公司、柳州广柳置业有限公司融资租赁项目债权资产的营销公告
      [科技识别] 标题是否科技相关: 否
      [SKIP] 标题非科技相关，不进入详情爬取

  [12/12] 标题: 华融金融租赁股份有限公司关于沭阳县帝景佳园36幢36B别墅拍卖的公告(第二次)
      [科技识别] 标题是否科技相关: 否
      [SKIP] 标题非科技相关，不进入详情爬取

  [第 2 页]
  [DEBUG] 已检测到「条信息」，按整页详情链接解析
      [WARN] 未找到 .ssjg-leixing，info_type 将记为采招信息
  本页找到 12 条结果
  本页链接均已在之前页处理过，视为重复页，停止翻页。
  [OK] 「金融租赁」爬取结束，正在关闭标签页…

  「金融租赁」完成：成功 0 篇，失败 0 篇
  [OK] 等待 2~6 秒后继续下一关键词…

====================================================
  [8/10] 关键词：「金融控股」

────────────────────────────────────────────────────
  关键词：「金融控股」  输出目录：output\2026-04-02\金融控股/
  [OK] 搜索结果页 -> https://search.bidcenter.com.cn/search?keywords=%e9%87%91%e8%9e%8d%e6%8e%a7%e8%82%a1&mod=0
  [OK] 已点击「标题搜索」
  [OK] 标题搜索结果页 -> https://search.bidcenter.com.cn/search?keywords=%E9%87%91%E8%9E%8D%E6%8E%A7%E8%82%A1&tag=1&mod=0
  [时间筛选] 2026-04-02 ~ 2026-04-02
  [OK] 时间筛选已应用 -> https://search.bidcenter.com.cn/search?keywords=%E9%87%91%E8%9E%8D%E6%8E%A7%E8%82%A1&tag=1&mod=0&time=5&stime=2026-04-02&endtime=2026-04-02

  [第 1 页]
  [DEBUG] 已检测到「条信息」，按整页详情链接解析
      [WARN] 未找到 .ssjg-leixing，info_type 将记为采招信息
  本页找到 2 条结果

  [1/2] 标题: 云南省国有金融资本控股集团有限公司采购专项资产管理公证服务成交公告
      [科技识别] 标题是否科技相关: 否
      [SKIP] 标题非科技相关，不进入详情爬取

  [2/2] 标题: 合肥兴泰金融控股（集团）有限公司兴泰科技主要负责人经济责任审计服务比选项目流标公告
      [科技识别] 标题是否科技相关: 否
      [SKIP] 标题非科技相关，不进入详情爬取

  [第 2 页]
  [DEBUG] 已检测到「条信息」，按整页详情链接解析
      [WARN] 未找到 .ssjg-leixing，info_type 将记为采招信息
  本页找到 2 条结果
  本页链接均已在之前页处理过，视为重复页，停止翻页。
  [OK] 「金融控股」爬取结束，正在关闭标签页…

  「金融控股」完成：成功 0 篇，失败 0 篇
  [OK] 等待 2~6 秒后继续下一关键词…

====================================================
  [9/10] 关键词：「财务公司」

────────────────────────────────────────────────────
  关键词：「财务公司」  输出目录：output\2026-04-02\财务公司/
  [OK] 搜索结果页 -> https://search.bidcenter.com.cn/search?keywords=%e8%b4%a2%e5%8a%a1%e5%85%ac%e5%8f%b8&mod=0
  [OK] 已点击「标题搜索」
  [OK] 标题搜索结果页 -> https://search.bidcenter.com.cn/search?keywords=%E8%B4%A2%E5%8A%A1%E5%85%AC%E5%8F%B8&tag=1&mod=0
  [时间筛选] 2026-04-02 ~ 2026-04-02
  [OK] 时间筛选已应用 -> https://search.bidcenter.com.cn/search?keywords=%E8%B4%A2%E5%8A%A1%E5%85%AC%E5%8F%B8&tag=1&mod=0&time=5&stime=2026-04-02&endtime=2026-04-02

  [第 1 页]
  [DEBUG] 已检测到「条信息」，按整页详情链接解析
      [WARN] 未找到 .ssjg-leixing，info_type 将记为采招信息
  本页找到 40 条结果

  [1/40] 标题: 国电南京自动化股份有限公司招标项目工程华电集团南京电力自动化设备有限公司财务部分费用及应收…
      [科技识别] 标题是否科技相关: 否
      [SKIP] 标题非科技相关，不进入详情爬取

  [2/40] 标题: 广西金澜工程建设管理有限公司关于百色大道三期（田阳段）K0+150-K6+438段财务审计…
      [科技识别] 标题是否科技相关: 否
      [SKIP] 标题非科技相关，不进入详情爬取

  [3/40] 标题: 广西金澜工程建设管理有限公司关于百色大道三期（田阳段）K0%2B150-K6%2B438段…
      [科技识别] 标题是否科技相关: 否
      [SKIP] 标题非科技相关，不进入详情爬取

  [4/40] 标题: 中国银行股份有限公司深圳市分行深圳大学智能财务管理系统（二期）项目
      [科技识别] 标题是否科技相关: 否
      [SKIP] 标题非科技相关，不进入详情爬取

  [5/40] 标题: 广西云腾工程咨询有限公司关于广西容州旅游投资有限公司及8家子公司2025年度单体及合并财务…
      [科技识别] 标题是否科技相关: 否
      [SKIP] 标题非科技相关，不进入详情爬取

  [6/40] 标题: 山东公司新能源分公司财务一体化模块建设服务项目直接采购
      [科技识别] 标题是否科技相关: 否
      [SKIP] 标题非科技相关，不进入详情爬取

  [7/40] 标题: 【浙江公司融投业务财务核算委托服务】竞谈公告
      [科技识别] 标题是否科技相关: 否
      [SKIP] 标题非科技相关，不进入详情爬取

  [8/40] 标题: 华润新能源苏南分公司江苏省某渔光互补项目财务尽调及审计服务询比采购结果公告
      [科技识别] 标题是否科技相关: 否
      [SKIP] 标题非科技相关，不进入详情爬取

  [9/40] 标题: 华润新能源新疆公司建设项目财务竣工决算审计服务采购公告
      [科技识别] 标题是否科技相关: 否
      [SKIP] 标题非科技相关，不进入详情爬取

  [10/40] 标题: 中节能水务发展有限公司ZHHB水务资产控股权收购项目财务顾问询比采购采购失败公告
      [科技识别] 标题是否科技相关: 否
      [SKIP] 标题非科技相关，不进入详情爬取

  [11/40] 标题: 华润新能源苏南分公司江苏省某渔光互补项目财务尽调及审计服务询比采购结果公告
      [科技识别] 标题是否科技相关: 否
      [SKIP] 标题非科技相关，不进入详情爬取

  [12/40] 标题: 丽江市清洁载能产业投资有限责任公司2025年度（含集团本部及其子公司、代管公司）共计19家…
      [科技识别] 标题是否科技相关: 否
      [SKIP] 标题非科技相关，不进入详情爬取

  [13/40] 标题: 包钢集团财务有限责任公司采购网络安全设备维保服务竞价采购公告
      [科技识别] 标题是否科技相关: 是
      [过滤-排除词] 未命中，通过
      [过滤-关键词] 标题不包含「财务公司」→ 跳过

  [14/40] 标题: 物资公司本部2026年度重大财务事项综合咨询服务项目项目采购结果公告
      [科技识别] 标题是否科技相关: 否
      [SKIP] 标题非科技相关，不进入详情爬取

  [15/40] 标题: 漯河市发展投资控股集团有限公司财务系统升级改造服务项目竞争性磋商公告
      [科技识别] 标题是否科技相关: 是
      [过滤-排除词] 未命中，通过
      [过滤-关键词] 标题不包含「财务公司」→ 跳过

  [16/40] 标题: 山东微湖产业发展集团有限公司财务报表审计服务项目竞争性磋商公告
      [科技识别] 标题是否科技相关: 否
      [SKIP] 标题非科技相关，不进入详情爬取

  [17/40] 标题: 洛阳嵩州投资发展集团有限公司2025年度财务报表审计服务竞争性磋商公告
      [科技识别] 标题是否科技相关: 否
      [SKIP] 标题非科技相关，不进入详情爬取

  [18/40] 标题: 华能能交山东新能泰山发电股份有限公司财务咨询服务结果公告
      [科技识别] 标题是否科技相关: 否
      [SKIP] 标题非科技相关，不进入详情爬取

  [19/40] 标题: 中国电建水电四局投资公司青海硅基新材料科技有限公司审计报告及财务尽职调查报告编制服务采购公…
      [科技识别] 标题是否科技相关: 否
      [SKIP] 标题非科技相关，不进入详情爬取

  [20/40] 标题: 中国电建水电四局投资公司青海加西公路项目财务出表专项咨询服务采购公示（第二次）
      [科技识别] 标题是否科技相关: 否
      [SKIP] 标题非科技相关，不进入详情爬取

  [21/40] 标题: 洛阳永宁国资投资集团有限公司下属子公司财务报表审计机构遴选服务-成交公告
      [科技识别] 标题是否科技相关: 否
      [SKIP] 标题非科技相关，不进入详情爬取

  [22/40] 标题: 新昌县鸿翔工程咨询有限公司关于新昌县交通投资集团有限公司财务报表审计项目的竞争性磋商公告
      [科技识别] 标题是否科技相关: 否
      [SKIP] 标题非科技相关，不进入详情爬取

  [23/40] 标题: 贵州省粮食发展集团有限公司财务专项服务机构采购比选结果公示
      [科技识别] 标题是否科技相关: 否
      [SKIP] 标题非科技相关，不进入详情爬取

  [24/40] 标题: 四川博瑞农旅发展（集团）有限公司下属雅安市金羽肉业有限公司、雅安鑫川建筑工程有限责任公司、…
      [科技识别] 标题是否科技相关: 否
      [SKIP] 标题非科技相关，不进入详情爬取

  [25/40] 标题: 四川博瑞农旅发展（集团）有限公司下属公司开展2020年至2025年年度财务收支专项审计服务…
      [科技识别] 标题是否科技相关: 否
      [SKIP] 标题非科技相关，不进入详情爬取

  [26/40] 标题: 襄阳襄江国有资本投资运营集团有限公司拟以财务报告为目的涉及的相关投资性房地产公允价值评估项…
      [科技识别] 标题是否科技相关: 否
      [SKIP] 标题非科技相关，不进入详情爬取

  [27/40] 标题: 【物流集团】湖北交投物流集团有限公司财务共享平台项目造价咨询单位采购服务询比采购公告
      [科技识别] 标题是否科技相关: 是
      [过滤-排除词] 未命中，通过
      [过滤-关键词] 标题不包含「财务公司」→ 跳过

  [28/40] 标题: 景德镇市陶瓷科技投资经营有限公司及子公司2025年度财务报表审计-会计师事务所服务
      [科技识别] 标题是否科技相关: 否
      [SKIP] 标题非科技相关，不进入详情爬取

  [29/40] 标题: 元龙公司三亚西元新能源项目资产处置财务审计及广东新能源公司下属三家项目公司股权处置专项审计…
      [科技识别] 标题是否科技相关: 否
      [SKIP] 标题非科技相关，不进入详情爬取

  [30/40] 标题: 景德镇市陶瓷科技投资经营有限公司及子公司2025年度财务报表审计
      [科技识别] 标题是否科技相关: 否
      [SKIP] 标题非科技相关，不进入详情爬取

  [31/40] 标题: 贵州乌江水电开发有限责任公司财务共享西南分中心运维服务项目预成交公示
      [科技识别] 标题是否科技相关: 是
      [过滤-排除词] 未命中，通过
      [过滤-关键词] 标题不包含「财务公司」→ 跳过

  [32/40] 标题: 华电湖北发电有限公司物资分公司华电湖北新能源有限公司财务管理咨询服务项目预成交公示
      [科技识别] 标题是否科技相关: 否
      [SKIP] 标题非科技相关，不进入详情爬取

  [33/40] 标题: 省内某氧化铝公司财务尽职调查服务采购变更公告第1次变更公告
      [科技识别] 标题是否科技相关: 否
      [SKIP] 标题非科技相关，不进入详情爬取

  [34/40] 标题: 广东万绿湖文化旅游投资有限公司及下属企业2025年度财务报表进行合并审计报告项目-采购公告
      [科技识别] 标题是否科技相关: 否
      [SKIP] 标题非科技相关，不进入详情爬取

  [35/40] 标题: 乡村振兴公司2025年度财务报表审计及2026年二、三季度财务报表审阅服务项目邀请函
      [科技识别] 标题是否科技相关: 否
      [SKIP] 标题非科技相关，不进入详情爬取

  [36/40] 标题: 青海金佳裕工程项目管理有限公司关于囊谦县行政村、社区和村集体财务代理记账服务项目的公开招标…
      [科技识别] 标题是否科技相关: 否
      [SKIP] 标题非科技相关，不进入详情爬取

  [37/40] 标题: 资本控股国能保经西安分公司2026财务规范化管理咨询服务询价采购项目采购
      [科技识别] 标题是否科技相关: 否
      [SKIP] 标题非科技相关，不进入详情爬取

  [38/40] 标题: 阿克苏城乡建设发展集团有限公司及子公司2025年度合并财务报表审计服务项目竞争性磋商公告
      [科技识别] 标题是否科技相关: 否
      [SKIP] 标题非科技相关，不进入详情爬取

  [39/40] 标题: 关于为【财务浪潮软件3家公司2025年期末数据录入审计单位采购】公开选取【会计师事务所服务…
      [科技识别] 标题是否科技相关: 否
      [SKIP] 标题非科技相关，不进入详情爬取

  [40/40] 标题: 区财政局对涵朝（广州）财务咨询服务有限公司申请终止代理记账业务的办理结果
      [科技识别] 标题是否科技相关: 否
      [SKIP] 标题非科技相关，不进入详情爬取

  [第 2 页]
  [DEBUG] 已检测到「条信息」，按整页详情链接解析
      [WARN] 未找到 .ssjg-leixing，info_type 将记为采招信息
  本页找到 40 条结果

  [1/40] 标题: 金沙县建设投资集团股份有限公司采购第三方会计师事务所对2025年年报进行财务审计项目竞争性…
      [科技识别] 标题是否科技相关: 否
      [SKIP] 标题非科技相关，不进入详情爬取

  [2/40] 标题: 华润创业(深圳)有限公司2026年华创科睿科技（深圳）有限公司财务共享核算服务项目.公告
      [科技识别] 标题是否科技相关: 否
      [SKIP] 标题非科技相关，不进入详情爬取

  [3/40] 标题: 临沂港控投资发展集团有限公司财务报表审计项目竞争性磋商公告-采购公告
      [科技识别] 标题是否科技相关: 否
      [SKIP] 标题非科技相关，不进入详情爬取

  [4/40] 标题: 【询比采购】中开财务有限公司机房网络、数据库及虚拟化维保项目中标结果公示
      [科技识别] 标题是否科技相关: 是
      [过滤-排除词] 未命中，通过
      [过滤-关键词] 标题不包含「财务公司」→ 跳过

  [5/40] 标题: 财务浪潮软件3家公司2025年期末数据录入审计单位采购
      [科技识别] 标题是否科技相关: 否
      [SKIP] 标题非科技相关，不进入详情爬取

  [6/40] 标题: 乡村振兴公司2025年度财务报表审计及2026年二、三季度财务报表审阅服务项目邀请函
      [科技识别] 标题是否科技相关: 否
      [SKIP] 标题非科技相关，不进入详情爬取

  [7/40] 标题: 内蒙古华电氢能科技有限公司选聘财务辅助类工作中介机构服务询比采购公告_采购信息
      [科技识别] 标题是否科技相关: 否
      [SKIP] 标题非科技相关，不进入详情爬取

  [8/40] 标题: 新昌县交通投资集团有限公司财务报表审计项目竞争性磋商公告
      [科技识别] 标题是否科技相关: 否
      [SKIP] 标题非科技相关，不进入详情爬取

  [9/40] 标题: 衡南县发展集团有限公司关于建立财务管控信息化平台单一来源采购公示
      [科技识别] 标题是否科技相关: 是
      [过滤-排除词] 未命中，通过
      [过滤-关键词] 标题不包含「财务公司」→ 跳过

  [10/40] 标题: 2026年南网数字运营软件科技（广东）有限公司业财一体财务共享项目咨询服务采购项目公开招标…
      [科技识别] 标题是否科技相关: 是
      [过滤-排除词] 未命中，通过
      [过滤-关键词] 标题不包含「财务公司」→ 跳过

  [11/40] 标题: 鄱发控股和鄱发集团子公司2025年度财务审计服务二次中标公告
      [科技识别] 标题是否科技相关: 否
      [SKIP] 标题非科技相关，不进入详情爬取

  [12/40] 标题: 股权并购之财务顾问（证券公司）服务采购项目更正公告FWBBZC2026CGX0961
      [科技识别] 标题是否科技相关: 否
      [SKIP] 标题非科技相关，不进入详情爬取

  [13/40] 标题: 股权并购之财务顾问（证券公司）服务采购项目澄清公告
      [科技识别] 标题是否科技相关: 否
      [SKIP] 标题非科技相关，不进入详情爬取

  [14/40] 标题: 上海明华电力科技有限公司财务辅助服务（采购单编号：P-XJ-26-00418135）成交候…
      [科技识别] 标题是否科技相关: 否
      [SKIP] 标题非科技相关，不进入详情爬取

  [15/40] 标题: 【建行自采】中国融通集团财务有限责任公司专线项目采购结果信息公开
      [科技识别] 标题是否科技相关: 否
      [SKIP] 标题非科技相关，不进入详情爬取

  [16/40] 标题: 宁波市鄞州区中小企业融资担保有限公司办公用房搬迁装修项目（财务决算）比选结果公告
      [科技识别] 标题是否科技相关: 否
      [SKIP] 标题非科技相关，不进入详情爬取

  [17/40] 标题: 江苏长江口开发集团有限公司采购江苏瀚思瑞半导体科技有限公司财务尽调服务项目（二次）招标公告
      [科技识别] 标题是否科技相关: 否
      [SKIP] 标题非科技相关，不进入详情爬取

  [18/40] 标题: 关于“遵义市新区开发投资有限责任公司待财务决算项目5包”的更正说明2
      [科技识别] 标题是否科技相关: 否
      [SKIP] 标题非科技相关，不进入详情爬取

  [19/40] 标题: 贵州茅台集团财务有限公司2026年数据专线租赁服务采购项目询比采购邀请函第1次变更公告
      [科技识别] 标题是否科技相关: 否
      [SKIP] 标题非科技相关，不进入详情爬取

  [20/40] 标题: 关于儋州市西培中学运动场塑胶跑道改造及运动场周边改造工程选取招标代理公司、设计公司、预算编…
      [科技识别] 标题是否科技相关: 否
      [SKIP] 标题非科技相关，不进入详情爬取

  [21/40] 标题: 关于注销湖南财税无忧财务管理有限责任公司宁乡分公司代理记账备案登记的公告
      [科技识别] 标题是否科技相关: 否
      [SKIP] 标题非科技相关，不进入详情爬取

  [22/40] 标题: 晋能控股集团财务有限公司选聘职工食堂服务单位二次询比采购公告
      [科技识别] 标题是否科技相关: 否
      [SKIP] 标题非科技相关，不进入详情爬取

  [23/40] 标题: 关于“遵义市新区开发投资有限责任公司待财务决算项目4包”的更正说明2
      [科技识别] 标题是否科技相关: 否
      [SKIP] 标题非科技相关，不进入详情爬取

  [24/40] 标题: 大连太平湾港口有限公司大连港太平湾港区散粮作业区301#-302#泊位工程相关财务竣工决算…
      [科技识别] 标题是否科技相关: 否
      [SKIP] 标题非科技相关，不进入详情爬取

  [25/40] 标题: 【集团公司司库数据采集传输优化项目（财务共享类数据采集接口）】结果公告
      [科技识别] 标题是否科技相关: 否
      [SKIP] 标题非科技相关，不进入详情爬取

  [26/40] 标题: 关于【收购信诺中国所持淮阴医院投资管理有限公司80%股权项目财务尽调】【直接选取】【出具财…
      [科技识别] 标题是否科技相关: 否
      [SKIP] 标题非科技相关，不进入详情爬取

  [27/40] 标题: 关于【收购信诺中国所持淮阴医院投资管理有限公司80%股权项目财务审计】【直接选取】【出具财…
      [科技识别] 标题是否科技相关: 否
      [SKIP] 标题非科技相关，不进入详情爬取

  [28/40] 标题: 华电（沙县）能源有限公司2026年3月份运维部及财务部物资采购询比采购公告_采购信息
      [科技识别] 标题是否科技相关: 否
      [SKIP] 标题非科技相关，不进入详情爬取

  [29/40] 标题: 江苏句容新农控股集团有限公司2026年度债务发行财务服务采购项目询比公告
      [科技识别] 标题是否科技相关: 否
      [SKIP] 标题非科技相关，不进入详情爬取

  [30/40] 标题: 旅投公司2025年度财务审计-中选公告
      [科技识别] 标题是否科技相关: 否
      [SKIP] 标题非科技相关，不进入详情爬取

  [31/40] 标题: 省内某氧化铝公司财务尽职调查服务采购变更公告
      [科技识别] 标题是否科技相关: 否
      [SKIP] 标题非科技相关，不进入详情爬取

  [32/40] 标题: 松林智能制造公司财务尽调和投资收益测算服务遴选公告
      [科技识别] 标题是否科技相关: 否
      [SKIP] 标题非科技相关，不进入详情爬取

  [33/40] 标题: 萍乡市安源区昌佳污水处理有限公司2025年度财务报表审计-中选结果
      [科技识别] 标题是否科技相关: 否
      [SKIP] 标题非科技相关，不进入详情爬取

  [34/40] 标题: 华电（宁夏）能源有限公司新能源分公司固定资产投资项目暂估转资和财务竣工决算技术服务成交结果…
      [科技识别] 标题是否科技相关: 否
      [SKIP] 标题非科技相关，不进入详情爬取

  [35/40] 标题: 中国移动通信集团福建有限公司2026年至2028年度财务部税费鉴证及涉税政策支撑服务采购项…
      [科技识别] 标题是否科技相关: 否
      [SKIP] 标题非科技相关，不进入详情爬取

  [36/40] 标题: 关于为【重庆江津产业发展集团有限公司财务成熟度评价服务】公开选取【管理和决策咨询】机构的公…
      [科技识别] 标题是否科技相关: 否
      [SKIP] 标题非科技相关，不进入详情爬取

  [37/40] 标题: 关于【旅投公司2025年度财务审计】中选结果的公告
      [科技识别] 标题是否科技相关: 否
      [SKIP] 标题非科技相关，不进入详情爬取

  [38/40] 标题: 关于“遵义市新区开发投资有限责任公司待财务决算项目2包”的更正说明2
      [科技识别] 标题是否科技相关: 否
      [SKIP] 标题非科技相关，不进入详情爬取

  [39/40] 标题: 关于“遵义市新区开发投资有限责任公司待财务决算项目1包”的更正说明2
      [科技识别] 标题是否科技相关: 否
      [SKIP] 标题非科技相关，不进入详情爬取

  [40/40] 标题: 关于“遵义市新区开发投资有限责任公司待财务决算项目3包”的更正说明2
      [科技识别] 标题是否科技相关: 否
      [SKIP] 标题非科技相关，不进入详情爬取

  [第 3 页]
  [DEBUG] 已检测到「条信息」，按整页详情链接解析
      [WARN] 未找到 .ssjg-leixing，info_type 将记为采招信息
  本页找到 40 条结果

  [1/40] 标题: 重庆江津产业发展集团有限公司财务成熟度评价服务
      [科技识别] 标题是否科技相关: 否
      [SKIP] 标题非科技相关，不进入详情爬取

  [2/40] 标题: 广西广投北海发电有限公司资产损失财务核销经济鉴证意见书询价比选采购
      [科技识别] 标题是否科技相关: 否
      [SKIP] 标题非科技相关，不进入详情爬取

  [3/40] 标题: 江苏东布洲科技园集团有限公司采购载洲公司财务审计服务项目中标结果公示
      [科技识别] 标题是否科技相关: 否
      [SKIP] 标题非科技相关，不进入详情爬取

  [4/40] 标题: 国电电力湖南新能源开发有限公司2026年财务咨询服务询价采购-采购结果
      [科技识别] 标题是否科技相关: 否
      [SKIP] 标题非科技相关，不进入详情爬取

  [5/40] 标题: 【物流集团】湖北交投物流集团有限公司财务共享平台项目造价咨询单位采购服务采购计划
      [科技识别] 标题是否科技相关: 是
      [过滤-排除词] 未命中，通过
      [过滤-关键词] 标题不包含「财务公司」→ 跳过

  [6/40] 标题: 关于为【足盛公司财务报表审计】公开选取【会计师事务所服务】机构的公告
      [科技识别] 标题是否科技相关: 否
      [SKIP] 标题非科技相关，不进入详情爬取

  [7/40] 标题: 收购信诺中国所持淮阴医院投资管理有限公司80%股权项目财务尽调
      [科技识别] 标题是否科技相关: 否
      [SKIP] 标题非科技相关，不进入详情爬取

  [8/40] 标题: 收购信诺中国所持淮阴医院投资管理有限公司80%股权项目财务审计
      [科技识别] 标题是否科技相关: 否
      [SKIP] 标题非科技相关，不进入详情爬取

  [9/40] 标题: 深国万印和颂轩和颐城栖湾里物业服务中心财务收支专项审计及公司年度税务鉴证服务机构聘用采购
      [科技识别] 标题是否科技相关: 否
      [SKIP] 标题非科技相关，不进入详情爬取

  [10/40] 标题: 某公司财务集中管控系统建设采购项目中标公示-ESSRFQ2026031600016
      [科技识别] 标题是否科技相关: 是
      [过滤-排除词] 未命中，通过
      [过滤-关键词] 标题不包含「财务公司」→ 跳过

  [11/40] 标题: 贵州茅台集团财务有限公司2026年数据专线租赁服务采购项目询比采购邀请函
      [科技识别] 标题是否科技相关: 否
      [SKIP] 标题非科技相关，不进入详情爬取

  [12/40] 标题: 关于为【足盛公司财务报表审计】公开选取【会计师事务所服务】机构的公告
      [科技识别] 标题是否科技相关: 否
      [SKIP] 标题非科技相关，不进入详情爬取

  [13/40] 标题: 五矿集团财务有限责任公司办公用房装修改造工程造价咨询服务
      [科技识别] 标题是否科技相关: 否
      [SKIP] 标题非科技相关，不进入详情爬取

  [14/40] 标题: 足盛公司财务报表审计
      [科技识别] 标题是否科技相关: 否
      [SKIP] 标题非科技相关，不进入详情爬取

  [15/40] 标题: 广西广投北海发电有限公司资产损失财务核销经济鉴证意见书询价比选采购
      [科技识别] 标题是否科技相关: 否
      [SKIP] 标题非科技相关，不进入详情爬取

  [16/40] 标题: 邯郸蓝德公司2025年财务报表审计服务候选人公示
      [科技识别] 标题是否科技相关: 否
      [SKIP] 标题非科技相关，不进入详情爬取

  [17/40] 标题: 鄂尔多斯市融媒文化发展有限公司企业财务决算审计工作复核项目、工资总额审计、业绩考核指标完成…
      [科技识别] 标题是否科技相关: 否
      [SKIP] 标题非科技相关，不进入详情爬取

  [18/40] 标题: 息烽县文化旅游发展有限公司2024--2025年度财务报表审计会计师事务所采购服务
      [科技识别] 标题是否科技相关: 否
      [SKIP] 标题非科技相关，不进入详情爬取

  [19/40] 标题: 太原西山生态文旅投资建设有限公司2025年度财务报表审计项目询比采购公告
      [科技识别] 标题是否科技相关: 否
      [SKIP] 标题非科技相关，不进入详情爬取

  [20/40] 标题: 关于【开平市城市建设发展集团有限公司2023-2025年财务审计服务采购】中选结果的公告
      [科技识别] 标题是否科技相关: 否
      [SKIP] 标题非科技相关，不进入详情爬取

  [21/40] 标题: 中国银行股份有限公司沈阳分行沈阳农业大学银校合作第六批采购项目【包5：沈阳农业大学财务处网…
      [科技识别] 标题是否科技相关: 否
      [SKIP] 标题非科技相关，不进入详情爬取

  [22/40] 标题: 企业专区-驻马店市融通投资发展有限公司2025年度财务审计项目
      [科技识别] 标题是否科技相关: 否
      [SKIP] 标题非科技相关，不进入详情爬取

  [23/40] 标题: 息烽县文化旅游发展有限公司2024--2025年度财务报表审计会计师事务所采购服务谈判采购…
      [科技识别] 标题是否科技相关: 否
      [SKIP] 标题非科技相关，不进入详情爬取

  [24/40] 标题: 南京公用发展股份有限公司拟退出南京中北金基建筑装修有限公司股权所涉财务状况审计中介服务机构…
      [科技识别] 标题是否科技相关: 否
      [SKIP] 标题非科技相关，不进入详情爬取

  [25/40] 标题: 浙江省交通投资集团有限公司招标采购管理中心信贷、同业、投资系统建设（财务公司）第2次招标公…
      [科技识别] 标题是否科技相关: 是
      [过滤-排除词] 未命中，通过
      [过滤-关键词] 包含「财务公司」，通过
      [OK] 通过全部筛选，进入详情爬取
    [已保存] output\2026-04-02\财务公司\招标公告_浙江省交通投资集团有限公司招标采购管理中心信贷、同业、投资系统建设（财务公司）第2次招标公开招标项目项目公告_084506.json

  [26/40] 标题: 云南能投滇中配售电有限公司4个项目财务决算审计报告编制专项工作
      [科技识别] 标题是否科技相关: 否
      [SKIP] 标题非科技相关，不进入详情爬取

  [27/40] 标题: 义乌市双江湖建设开发有限公司2019-2025年度财务规范性专项审计项目服务
      [科技识别] 标题是否科技相关: 否
      [SKIP] 标题非科技相关，不进入详情爬取

  [28/40] 标题: 【安徽省纺织服装研究所“合肥路桥工程公司”应收款项资产损失财务核销专项审计】成交结果公示
      [科技识别] 标题是否科技相关: 否
      [SKIP] 标题非科技相关，不进入详情爬取

  [29/40] 标题: 华能（上海）电力检修有限责任公司科技项目财务审计结果公告
      [科技识别] 标题是否科技相关: 否
      [SKIP] 标题非科技相关，不进入详情爬取

  [30/40] 标题: 光大环保能源（儋州）有限公司财务竣工决算审计服务询价公告
      [科技识别] 标题是否科技相关: 否
      [SKIP] 标题非科技相关，不进入详情爬取

  [31/40] 标题: 北京首都国际机场股份有限公司集团公司财务预算管理系统技术支持服务项目询比公告
      [科技识别] 标题是否科技相关: 否
      [SKIP] 标题非科技相关，不进入详情爬取

  [32/40] 标题: 江苏省市场监督管理局（机关）江苏特检科技有限公司财务收支审计合同公告
      [科技识别] 标题是否科技相关: 否
      [SKIP] 标题非科技相关，不进入详情爬取

  [33/40] 标题: 中国铁塔股份有限公司贵州省分公司2026年（黔东南州分公司）财务部支撑服务采购项目成交结果…
      [科技识别] 标题是否科技相关: 否
      [SKIP] 标题非科技相关，不进入详情爬取

  [34/40] 标题: 重庆泰山电缆有限公司财务咨询管理专项服务公开谈判采购采购公告
      [科技识别] 标题是否科技相关: 否
      [SKIP] 标题非科技相关，不进入详情爬取

  [35/40] 标题: 关于【海南昇耕投资有限公司、萍乡市天东电器科技有限公司、江西伊西电气有限公司财务尽职调查】…
      [科技识别] 标题是否科技相关: 否
      [SKIP] 标题非科技相关，不进入详情爬取

  [36/40] 标题: 海南昇耕投资有限公司、萍乡市天东电器科技有限公司、江西伊西电气有限公司财务尽职调查-中选结…
      [科技识别] 标题是否科技相关: 否
      [SKIP] 标题非科技相关，不进入详情爬取

  [37/40] 标题: 中国华电集团有限公司河北分公司河北新能源2026-2027年度财务咨询服务项目成交结果公告
      [科技识别] 标题是否科技相关: 否
      [SKIP] 标题非科技相关，不进入详情爬取

  [38/40] 标题: 宁波阳明股份有限公司2025年度财务报告审计工作比选结果公告
      [科技识别] 标题是否科技相关: 否
      [SKIP] 标题非科技相关，不进入详情爬取

  [39/40] 标题: 中国铁塔股份有限公司贵州省分公司2026年（黔东南州分公司）财务部支撑服务采购项目成交结果…
      [科技识别] 标题是否科技相关: 否
      [SKIP] 标题非科技相关，不进入详情爬取

  [40/40] 标题: 关于【萍乡市昌奕开发投资有限公司2025年度财务报表审计项目】中选结果的公告
      [科技识别] 标题是否科技相关: 否
      [SKIP] 标题非科技相关，不进入详情爬取

  [第 4 页]
  [DEBUG] 已检测到「条信息」，按整页详情链接解析
      [WARN] 未找到 .ssjg-leixing，info_type 将记为采招信息
  本页找到 15 条结果

  [1/15] 标题: 关于【萍乡市安农投资有限公司2025年度财务报表审计项目】中选结果的公告
      [科技识别] 标题是否科技相关: 否
      [SKIP] 标题非科技相关，不进入详情爬取

  [2/15] 标题: 萍乡市昌奕开发投资有限公司2025年度财务报表审计项目-中选结果
      [科技识别] 标题是否科技相关: 否
      [SKIP] 标题非科技相关，不进入详情爬取

  [3/15] 标题: 关于【万盛文旅集团公司2023-2025年多期财务审计】中选结果的公告
      [科技识别] 标题是否科技相关: 否
      [SKIP] 标题非科技相关，不进入详情爬取

  [4/15] 标题: 关于【万盛文旅集团公司2023-2025年多期财务审计】中选结果的公告
      [科技识别] 标题是否科技相关: 否
      [SKIP] 标题非科技相关，不进入详情爬取

  [5/15] 标题: 山东省欣能能源科技有限公司潍坊卓源新能源有限公司股权收购项目财务审计服务采购公告
      [科技识别] 标题是否科技相关: 否
      [SKIP] 标题非科技相关，不进入详情爬取

  [6/15] 标题: 2026年深圳青岛啤酒朝日有限公司财务报告审计类竞价采购中标结果公告-中标结果公告
      [科技识别] 标题是否科技相关: 否
      [SKIP] 标题非科技相关，不进入详情爬取

  [7/15] 标题: 2026年深圳青岛啤酒朝日有限公司财务报告审计类竞价采购成交公告
      [科技识别] 标题是否科技相关: 否
      [SKIP] 标题非科技相关，不进入详情爬取

  [8/15] 标题: 采购《马鞍山市洁源环保有限公司（财务险）》项目
      [科技识别] 标题是否科技相关: 否
      [SKIP] 标题非科技相关，不进入详情爬取

  [9/15] 标题: 鞍钢集团财务有限责任公司信息科技全面风险审计招标公告
      [科技识别] 标题是否科技相关: 否
      [SKIP] 标题非科技相关，不进入详情爬取

  [10/15] 标题: 四川发展引领资本管理有限公司关于J项目财务顾问服务中介机构选聘比选公告
      [科技识别] 标题是否科技相关: 否
      [SKIP] 标题非科技相关，不进入详情爬取

  [11/15] 标题: 国电电力宁波风电开发有限公司正伟光伏电站增容技改项目工程结算审计、竣工财务决算审计询价采购…
      [科技识别] 标题是否科技相关: 否
      [SKIP] 标题非科技相关，不进入详情爬取

  [12/15] 标题: 关于浙江分公司工程竣工财务决算审计服务采购项目谈判公告
      [科技识别] 标题是否科技相关: 否
      [SKIP] 标题非科技相关，不进入详情爬取

  [13/15] 标题: 中信保诚人寿保险有限公司2026年财务核心系统软件许可采购项目公开招标公告
      [科技识别] 标题是否科技相关: 是
      [过滤-排除词] 未命中，通过
      [过滤-关键词] 标题不包含「财务公司」→ 跳过

  [14/15] 标题: 岳西县农村发展投资有限公司非公开发行公司债券财务总顾问服务招标公告
      [科技识别] 标题是否科技相关: 否
      [SKIP] 标题非科技相关，不进入详情爬取

  [15/15] 标题: 河北公司综合能源公司财务管控体系与运营机制规划咨询项目询价采购
      [科技识别] 标题是否科技相关: 否
      [SKIP] 标题非科技相关，不进入详情爬取

  [第 5 页]
  [DEBUG] 已检测到「条信息」，按整页详情链接解析
      [WARN] 未找到 .ssjg-leixing，info_type 将记为采招信息
  本页找到 15 条结果
  本页链接均已在之前页处理过，视为重复页，停止翻页。
  [OK] 「财务公司」爬取结束，正在关闭标签页…

  「财务公司」完成：成功 1 篇，失败 0 篇
  [OK] 等待 2~6 秒后继续下一关键词…

====================================================
  [10/10] 关键词：「理财」

────────────────────────────────────────────────────
  关键词：「理财」  输出目录：output\2026-04-02\理财/
  [OK] 搜索结果页 -> https://search.bidcenter.com.cn/search?keywords=%e7%90%86%e8%b4%a2&mod=0
  [OK] 已点击「标题搜索」
  [OK] 标题搜索结果页 -> https://search.bidcenter.com.cn/search?keywords=%E7%90%86%E8%B4%A2&tag=1&mod=0
  [时间筛选] 2026-04-02 ~ 2026-04-02
  [OK] 时间筛选已应用 -> https://search.bidcenter.com.cn/search?keywords=%E7%90%86%E8%B4%A2&tag=1&mod=0&time=5&stime=2026-04-02&endtime=2026-04-02

  [第 1 页]
  [DEBUG] 已检测到「条信息」，按整页详情链接解析
      [WARN] 未找到 .ssjg-leixing，info_type 将记为采招信息
  本页找到 9 条结果

  [1/9] 标题: 吉木乃县托斯特乡喀拉乔克村小流域治理财政以工代赈项目竞争性磋商公告
      [科技识别] 标题是否科技相关: 否
      [SKIP] 标题非科技相关，不进入详情爬取

  [2/9] 标题: 太平人寿江西分公司教育培训部2026-2027年AFP理财规划师培训年度会务公司的采购项目…
      [科技识别] 标题是否科技相关: 否
      [SKIP] 标题非科技相关，不进入详情爬取

  [3/9] 标题: 宁银理财有限责任公司印刷服务项目的采购结果公告
      [科技识别] 标题是否科技相关: 否
      [SKIP] 标题非科技相关，不进入详情爬取

  [4/9] 标题: 宁银理财有限责任公司理财登记过户系统(TA)升级二期项目供应商征集公告
      [科技识别] 标题是否科技相关: 否
      [SKIP] 标题非科技相关，不进入详情爬取

  [5/9] 标题: 关于浙银理财有限责任公司办公类电子设备配件及耗材采购项目供应商寻源公示
      [科技识别] 标题是否科技相关: 否
      [SKIP] 标题非科技相关，不进入详情爬取

  [6/9] 标题: 宁银理财有限责任公司投资交易系统固收平台改造及性能升级项目供应商征集公告
      [科技识别] 标题是否科技相关: 是
      [过滤-排除词] 未命中，通过
      [过滤-关键词] 包含「理财」，通过
      [OK] 通过全部筛选，进入详情爬取
    [已保存] output\2026-04-02\理财\招标公告_宁银理财有限责任公司投资交易系统固收平台改造及性能升级项目供应商征集公告_084840.json

  [7/9] 标题: 广银理财2026年广发银行渠道投资者教育活动供应商采购项目-结果公示
      [科技识别] 标题是否科技相关: 否
      [SKIP] 标题非科技相关，不进入详情爬取

  [8/9] 标题: 广银理财2026年广发银行渠道投资者教育活动供应商采购项目（第二次）中选结果公示
      [科技识别] 标题是否科技相关: 否
      [SKIP] 标题非科技相关，不进入详情爬取

  [9/9] 标题: 银行保本型理财产品询价公告
      [科技识别] 标题是否科技相关: 否
      [SKIP] 标题非科技相关，不进入详情爬取

  [第 2 页]
  [DEBUG] 已检测到「条信息」，按整页详情链接解析
      [WARN] 未找到 .ssjg-leixing，info_type 将记为采招信息
  本页找到 9 条结果
  本页链接均已在之前页处理过，视为重复页，停止翻页。
  [OK] 「理财」爬取结束，正在关闭标签页…

  「理财」完成：成功 1 篇，失败 0 篇

  [OK] 全部关键词已处理完毕。
^C